<?xml version="1.0" encoding="ISO-8859-1"?>
<ECF milestone="Thu May 14 14:10:12 2026
">
	<Algorithm>
		<NSGA2/>
	</Algorithm>
	<Genotype>
		<FloatingPoint>
			<Entry key="dimension">96</Entry>
			<Entry key="lbound">0.0</Entry>
			<Entry key="ubound">31.0</Entry>
			<Entry key="crx.sbx">1.0</Entry>
			<Entry key="mut.simple">1.0</Entry>
		</FloatingPoint>
	</Genotype>
	<Registry>
		<Entry key="FloatingPoint.crx.sbx">1</Entry>
		<Entry key="FloatingPoint.dimension">96</Entry>
		<Entry key="FloatingPoint.lbound">0</Entry>
		<Entry key="FloatingPoint.mut.simple">1</Entry>
		<Entry key="FloatingPoint.ubound">31</Entry>
		<Entry key="batch.logfile_">*</Entry>
		<Entry key="batch.remaining_">0</Entry>
		<Entry key="batch.repeats">1</Entry>
		<Entry key="crx.sbx.ni">20</Entry>
		<Entry key="log.filename">ecf-5h.log</Entry>
		<Entry key="log.frequency">1</Entry>
		<Entry key="log.level">3</Entry>
		<Entry key="milestone.elapsedtime_">12318</Entry>
		<Entry key="milestone.filename">milestone-5h.txt</Entry>
		<Entry key="milestone.generation_">20</Entry>
		<Entry key="milestone.interval">500</Entry>
		<Entry key="mutation.indprob">1</Entry>
		<Entry key="population.size">200</Entry>
		<Entry key="randomizer.seed">42</Entry>
		<Entry key="term.eval">4000</Entry>
	</Registry>
	<Population size="1">
		<HallOfFame size="1">
			<Individual size="1" gen="0">
				<MOFitness value1="-0.051687" value2="-0.8125"/>
				<FloatingPoint size="96">	12.0229	23.3184	23.9487	29.0222	23.8668	12.2674	1.21499	23.6156	19.2827	22.0841	3.11553	16.4843	20.5782	8.2505	14.422	3.83469	11.8742	10.8388	19.3734	2.69089	5.30011	7.97669	4.68324	9.25462	15.9569	8.68648	1.22284	14.1957	11.0831	14.0968	0.38901	23.1059	6.41516	24.3377	21.1281	30.282	5.60509	22.3431	22.8976	24.8878	13.4272	26.0131	10.3721	3.00542	3.26362	24.7942	6.84011	15.1379	4.63301	26.2135	17.8288	9.93312	3.19017	22.512	19.1877	19.147	0.198466	20.4106	2.34271	11.2815	3.50737	2.73172	3.38747	9.92253	27.0694	24.5156	9.20451	1.67448	15.8588	1.1021	26.5623	29.286	27.1152	5.93442	1.29139	30.3788	30.7286	8.1315	14.5167	4.36159	3.34498	1.34544	14.2947	6.53515	23.8574	2.48244	25.6822	24.0559	22.893	28.0249	4.33743	26.4004	30.7566	7.7249	5.32292	26.826</FloatingPoint>
			</Individual>
		</HallOfFame>
		<Deme size="200">
			<HallOfFame size="1">
				<Individual size="1" gen="0">
					<MOFitness value1="-0.051687" value2="-0.8125"/>
					<FloatingPoint size="96">	12.0229	23.3184	23.9487	29.0222	23.8668	12.2674	1.21499	23.6156	19.2827	22.0841	3.11553	16.4843	20.5782	8.2505	14.422	3.83469	11.8742	10.8388	19.3734	2.69089	5.30011	7.97669	4.68324	9.25462	15.9569	8.68648	1.22284	14.1957	11.0831	14.0968	0.38901	23.1059	6.41516	24.3377	21.1281	30.282	5.60509	22.3431	22.8976	24.8878	13.4272	26.0131	10.3721	3.00542	3.26362	24.7942	6.84011	15.1379	4.63301	26.2135	17.8288	9.93312	3.19017	22.512	19.1877	19.147	0.198466	20.4106	2.34271	11.2815	3.50737	2.73172	3.38747	9.92253	27.0694	24.5156	9.20451	1.67448	15.8588	1.1021	26.5623	29.286	27.1152	5.93442	1.29139	30.3788	30.7286	8.1315	14.5167	4.36159	3.34498	1.34544	14.2947	6.53515	23.8574	2.48244	25.6822	24.0559	22.893	28.0249	4.33743	26.4004	30.7566	7.7249	5.32292	26.826</FloatingPoint>
				</Individual>
			</HallOfFame>
			<Individual size="1">
				<MOFitness value1="-0.00593" value2="-0.9375"/>
				<FloatingPoint size="96">	0.849812	16.9618	22.7188	20.5703	8.6041	25.7135	1.15351	27.5593	0.281452	29.3786	15.4932	25.312	26.5893	10.9005	6.80619	6.3421	24.4283	28.5449	20.9235	25.3913	4.45314	22.0936	24.7427	2.20701	8.59189	7.28133	9.1601	13.591	29.6907	22.204	15.4918	5.41607	27.0115	6.94221	21.8208	3.88267	12.1865	10.6908	0.718954	2.31828	26.3135	16.9284	27.3615	16.1753	20.1045	2.4855	22.3992	12.7902	0.0819289	25.7084	6.93133	19.9092	3.52095	11.4904	6.34129	12.0823	9.73396	14.007	21.5612	15.2801	3.56037	10.1388	8.62684	29.7672	17.4592	29.5994	13.0008	19.0493	21.9527	15.3832	21.5757	26.3109	20.0905	16.3734	24.8821	28.8378	7.70735	7.49681	29.0742	20.2371	0.895483	24.253	24.1659	4.43057	17.432	30.041	16.4959	27.2805	22.8374	27.6525	5.58207	26.5525	21.3035	14.2353	25.7231	9.48205</FloatingPoint>
			</Individual>
			<Individual size="1">
				<MOFitness value1="-0.00593" value2="-0.9375"/>
				<FloatingPoint size="96">	0.849812	16.9618	22.7188	20.5703	8.6041	25.7135	1.15351	27.5593	0.281452	29.3786	15.4932	25.312	26.5893	10.9005	6.80619	6.3421	24.4283	28.5449	20.9235	25.3913	4.45314	22.0936	24.7427	2.20701	8.59189	7.28133	9.1601	13.591	29.6907	22.204	15.4918	5.41607	27.0115	6.94221	21.8208	3.88267	12.1865	10.6908	0.718954	2.31828	26.3135	16.9284	27.3615	16.1753	20.1045	2.4855	22.3992	12.7902	0.0819289	25.7084	6.93133	19.9092	3.52095	11.4904	6.34129	12.0823	9.73396	14.007	21.5612	15.2801	3.56037	10.1388	8.62684	29.7672	17.4592	29.5994	13.0008	19.0493	21.9527	15.3832	21.5757	26.3109	20.0905	16.3734	24.8821	28.8378	7.70735	7.49681	29.0742	20.2371	0.895483	24.253	24.1659	4.43057	17.432	30.041	16.4959	27.2805	22.8374	27.6525	5.58207	26.5525	21.3035	14.2353	25.7231	9.48205</FloatingPoint>
			</Individual>
			<Individual size="1">
				<MOFitness value1="-0.488866" value2="-0.125"/>
				<FloatingPoint size="96">	10.9486	5.51315	22.7157	21.959	9.01393	25.7597	1.11158	28.3229	8.64965	29.7026	14.9426	24.7618	26.1094	21.928	1.17855	28.833	22.3928	28.5428	20.9684	24.7536	4.44555	22.0965	5.68467	10.0045	7.86378	4.67664	0.459908	28.6303	28.8087	20.0168	9.72652	4.58183	26.8445	10.0361	21.6631	3.88172	1.90028	22.6003	1.14729	22.6265	8.06813	15.5094	28.1257	16.1095	26.9938	1.90335	22.5193	12.6722	0.0707495	12.2511	6.93628	5.08573	3.48264	13.0358	14.4079	12.0885	10.3647	29.2337	25.6668	22.8122	3.56705	9.84682	8.01256	18.7281	17.3197	30.2757	22.1086	6.54935	21.8902	4.00036	21.5141	11.9032	20.156	17.4972	24.4483	28.4476	19.8535	19.2004	28.985	20.0716	21.2566	1.18234	24.6479	4.48277	18.2098	8.10469	16.6851	27.4645	22.3341	11.1513	23.6968	27.0681	21.2949	13.8604	25.5085	7.56542</FloatingPoint>
			</Individual>
			<Individual size="1">
				<MOFitness value1="-0.488866" value2="-0.125"/>
				<FloatingPoint size="96">	10.9486	5.51315	22.7157	21.959	9.01393	25.7597	1.11158	28.3229	8.64965	29.7026	14.9426	24.7618	26.1094	21.928	1.17855	28.833	22.3928	28.5428	20.9684	24.7536	4.44555	22.0965	5.68467	10.0045	7.86378	4.67664	0.459908	28.6303	28.8087	20.0168	9.72652	4.58183	26.8445	10.0361	21.6631	3.88172	1.90028	22.6003	1.14729	22.6265	8.06813	15.5094	28.1257	16.1095	26.9938	1.90335	22.5193	12.6722	0.0707495	12.2511	6.93628	5.08573	3.48264	13.0358	14.4079	12.0885	10.3647	29.2337	25.6668	22.8122	3.56705	9.84682	8.01256	18.7281	17.3197	30.2757	22.1086	6.54935	21.8902	4.00036	21.5141	11.9032	20.156	17.4972	24.4483	28.4476	19.8535	19.2004	28.985	20.0716	21.2566	1.18234	24.6479	4.48277	18.2098	8.10469	16.6851	27.4645	22.3341	11.1513	23.6968	27.0681	21.2949	13.8604	25.5085	7.56542</FloatingPoint>
			</Individual>
			<Individual size="1">
				<MOFitness value1="-0.367981" value2="-0.5"/>
				<FloatingPoint size="96">	11.0436	26.8577	22.7344	21.959	9.01351	25.7692	1.1057	0.331859	8.44425	29.6959	14.8125	24.8718	26.146	20.8852	1.20092	28.4651	22.3242	28.5428	20.9671	24.7627	0.0869212	22.2263	5.31572	20.6666	7.86643	6.32192	0.0930405	13.5862	3.63854	20.0209	9.82769	4.51466	3.36809	9.98831	21.663	4.11689	1.9002	12.9875	1.12099	22.9712	8.5228	3.8876	28.0541	16.1098	26.9938	24.8948	28.5375	12.6721	0.195398	12.2548	6.93545	22.517	2.05286	27.3308	14.4077	12.1979	10.3648	28.7094	24.1337	22.6464	3.56738	9.87644	7.9748	18.7399	19.4152	25.8877	22.3814	6.88052	21.8672	3.64019	21.4927	11.725	20.1548	27.4757	24.4773	28.5178	30.2057	7.28463	25.8164	16.5178	22.4017	1.09911	24.6479	0.957531	9.36556	8.13301	28.7193	27.4613	11.1675	10.7463	24.3613	27.0695	21.2801	13.8668	25.5084	30.4856</FloatingPoint>
			</Individual>
			<Individual size="1">
				<MOFitness value1="-0.434506" value2="-0.21875"/>
				<FloatingPoint size="96">	11.0509	0.752532	22.7182	21.9682	26.1503	26.1297	3.53616	3.97618	8.55056	29.6929	14.9212	24.4422	10.4617	10.6891	13.0921	28.4702	17.3923	3.37672	20.9634	6.83805	1.00287	22.4512	26.2676	20.7848	7.96179	27.5649	0.58507	13.5773	3.91253	20.0555	11.7242	4.4231	24.6381	9.99548	11.0715	3.88254	25.0011	13.0025	18.677	1.37045	9.13941	4.10542	28.1446	16.1067	19.892	19.4472	27.945	12.3219	2.1352	12.1008	6.9358	22.6942	5.63412	3.22019	14.4737	2.39551	2.17118	28.8219	21.2873	22.7353	3.6108	9.88204	8.13866	12.9237	10.2521	25.8353	21.8168	14.3248	21.8532	3.60365	16.7607	6.41099	20.1498	27.324	23.8569	28.6776	29.9964	7.37466	25.8571	12.4654	22.7876	3.54378	24.6518	0.956267	9.32552	30.4268	5.57193	28.3881	10.1516	23.3191	24.195	27.3773	10.2155	26.1066	25.4991	25.4409</FloatingPoint>
			</Individual>
			<Individual size="1">
				<MOFitness value1="-0.258887" value2="-0.59375"/>
				<FloatingPoint size="96">	10.9849	14.2142	16.7342	22.5662	23.1184	25.8922	9.05087	27.1517	18.3606	29.3892	16.2834	23.9364	25.9398	10.878	6.40419	13.9577	22.0007	29.4403	8.40327	2.65239	12.0444	27.9157	18.4176	10.1904	18.4727	29.308	8.96273	12.4722	28.4029	30.3504	9.68252	16.6889	0.761168	7.07651	21.7153	2.08776	26.329	12.8365	25.0519	6.76266	8.48948	4.14653	18.2133	22.4522	29.9377	13.8379	10.575	4.18723	13.8678	4.91998	6.4877	26.3956	2.79962	13.763	26.3335	13.2274	16.6059	10.3	21.7077	14.9546	23.5367	4.93285	27.3523	19.0399	11.1737	25.3301	11.8374	6.35261	21.9337	30.1713	24.0983	12.3595	27.1821	27.1924	30.2874	28.2417	2.12243	3.96641	29.1113	7.67655	8.96001	29.8004	11.4606	25.2367	17.7198	9.25277	28.425	4.85752	0.454663	9.96001	9.88759	7.11156	5.74097	6.42972	1.82046	7.90445</FloatingPoint>
			</Individual>
			<Individual size="1">
				<MOFitness value1="-0.00593" value2="-0.9375"/>
				<FloatingPoint size="96">	0.849812	16.9618	22.7188	20.5703	8.6041	25.7135	1.15351	27.5593	0.281452	29.3786	15.4932	25.312	26.5893	10.9005	6.80619	6.3421	24.4283	28.5449	20.9235	25.3913	4.45314	22.0936	24.7427	2.20701	8.59189	7.28133	9.1601	13.591	29.6907	22.204	15.4918	5.41607	27.0115	6.94221	21.8208	3.88267	12.1865	10.6908	0.718954	2.31828	26.3135	16.9284	27.3615	16.1753	20.1045	2.4855	22.3992	12.7902	0.0819289	25.7084	6.93133	19.9092	3.52095	11.4904	6.34129	12.0823	9.73396	14.007	21.5612	15.2801	3.56037	10.1388	8.62684	29.7672	17.4592	29.5994	13.0008	19.0493	21.9527	15.3832	21.5757	26.3109	20.0905	16.3734	24.8821	28.8378	7.70735	7.49681	29.0742	20.2371	0.895483	24.253	24.1659	4.43057	17.432	30.041	16.4959	27.2805	22.8374	27.6525	5.58207	26.5525	21.3035	14.2353	25.7231	9.48205</FloatingPoint>
			</Individual>
			<Individual size="1">
				<MOFitness value1="-0.088516" value2="-0.90625"/>
				<FloatingPoint size="96">	1.12869	6.90166	22.7157	21.9613	8.46152	25.7061	0.970346	28.2727	0.386164	30.0815	14.9283	23.7574	26.1095	10.9083	6.5858	6.34232	16.8057	28.544	20.968	25.1032	4.47998	22.0873	5.68352	9.8884	2.03101	1.25463	1.05193	15.4073	29.5688	19.3497	15.5013	30.9004	26.4178	7.20927	21.8268	3.87505	1.91155	22.6215	19.8287	2.24345	21.2016	16.0061	27.0196	16.5075	27.0007	2.51671	22.4585	12.8017	0.039811	12.423	6.98375	4.71599	3.45995	16.1804	14.4368	12.0916	10.1367	13.2596	25.7193	9.13655	3.55889	8.01865	8.62903	29.9663	17.1885	30.2688	2.63515	18.6834	21.8915	4.01692	21.9104	11.8966	20.0777	17.3674	28.0728	16.092	20.0506	19.243	3.59839	20.1175	0.892701	4.75727	24.5808	4.39753	17.3757	7.82178	16.3427	27.7583	22.9956	11.1527	5.71086	26.5535	11.2107	14.856	25.5871	7.88027</FloatingPoint>
			</Individual>
			<Individual size="1">
				<MOFitness value1="-0.258887" value2="-0.59375"/>
				<FloatingPoint size="96">	10.9849	14.2142	16.7342	22.5662	23.1184	25.8922	9.05087	27.1517	18.3606	29.3892	16.2834	23.9364	25.9398	10.878	6.40419	13.9577	22.0007	29.4403	8.40327	2.65239	12.0444	27.9157	18.4176	10.1904	18.4727	29.308	8.96273	12.4722	28.4029	30.3504	9.68252	16.6889	0.761168	7.07651	21.7153	2.08776	26.329	12.8365	25.0519	6.76266	8.48948	4.14653	18.2133	22.4522	29.9377	13.8379	10.575	4.18723	13.8678	4.91998	6.4877	26.3956	2.79962	13.763	26.3335	13.2274	16.6059	10.3	21.7077	14.9546	23.5367	4.93285	27.3523	19.0399	11.1737	25.3301	11.8374	6.35261	21.9337	30.1713	24.0983	12.3595	27.1821	27.1924	30.2874	28.2417	2.12243	3.96641	29.1113	7.67655	8.96001	29.8004	11.4606	25.2367	17.7198	9.25277	28.425	4.85752	0.454663	9.96001	9.88759	7.11156	5.74097	6.42972	1.82046	7.90445</FloatingPoint>
			</Individual>
			<Individual size="1">
				<MOFitness value1="-0.367981" value2="-0.5"/>
				<FloatingPoint size="96">	11.0436	26.8577	22.7344	21.959	9.01351	25.7692	1.1057	0.331859	8.44425	29.6959	14.8125	24.8718	26.146	20.8852	1.20092	28.4651	22.3242	28.5428	20.9671	24.7627	0.0869212	22.2263	5.31572	20.6666	7.86643	6.32192	0.0930405	13.5862	3.63854	20.0209	9.82769	4.51466	3.36809	9.98831	21.663	4.11689	1.9002	12.9875	1.12099	22.9712	8.5228	3.8876	28.0541	16.1098	26.9938	24.8948	28.5375	12.6721	0.195398	12.2548	6.93545	22.517	2.05286	27.3308	14.4077	12.1979	10.3648	28.7094	24.1337	22.6464	3.56738	9.87644	7.9748	18.7399	19.4152	25.8877	22.3814	6.88052	21.8672	3.64019	21.4927	11.725	20.1548	27.4757	24.4773	28.5178	30.2057	7.28463	25.8164	16.5178	22.4017	1.09911	24.6479	0.957531	9.36556	8.13301	28.7193	27.4613	11.1675	10.7463	24.3613	27.0695	21.2801	13.8668	25.5084	30.4856</FloatingPoint>
			</Individual>
			<Individual size="1">
				<MOFitness value1="-0.434506" value2="-0.21875"/>
				<FloatingPoint size="96">	11.0509	0.752532	22.7182	21.9682	26.1503	26.1297	3.53616	3.97618	8.55056	29.6929	14.9212	24.4422	10.4617	10.6891	13.0921	28.4702	17.3923	3.37672	20.9634	6.83805	1.00287	22.4512	26.2676	20.7848	7.96179	27.5649	0.58507	13.5773	3.91253	20.0555	11.7242	4.4231	24.6381	9.99548	11.0715	3.88254	25.0011	13.0025	18.677	1.37045	9.13941	4.10542	28.1446	16.1067	19.892	19.4472	27.945	12.3219	2.1352	12.1008	6.9358	22.6942	5.63412	3.22019	14.4737	2.39551	2.17118	28.8219	21.2873	22.7353	3.6108	9.88204	8.13866	12.9237	10.2521	25.8353	21.8168	14.3248	21.8532	3.60365	16.7607	6.41099	20.1498	27.324	23.8569	28.6776	29.9964	7.37466	25.8571	12.4654	22.7876	3.54378	24.6518	0.956267	9.32552	30.4268	5.57193	28.3881	10.1516	23.3191	24.195	27.3773	10.2155	26.1066	25.4991	25.4409</FloatingPoint>
			</Individual>
			<Individual size="1">
				<MOFitness value1="-0.317129" value2="-0.53125"/>
				<FloatingPoint size="96">	11.0331	27.0894	16.7333	22.4311	9.30122	25.8582	25.6303	27.1412	8.28531	29.677	15.5196	24.1178	26.8115	10.8774	6.40942	13.9599	22.0482	28.8746	20.9648	2.65245	11.9659	27.0971	28.855	10.1592	18.4967	6.23041	9.02295	12.4717	28.4018	30.3222	9.83479	16.6917	1.17025	7.07092	25.6581	2.1515	26.0604	12.679	24.9213	21.7728	8.61352	4.26789	28.061	16.2096	29.9368	24.7019	28.047	4.16707	15.6374	4.88121	8.23429	21.985	3.32125	13.7624	27.0389	12.1556	7.59605	10.0413	9.58901	14.9566	11.5064	4.91314	27.2731	18.7634	11.1721	26.0567	11.7105	6.79109	22.0103	29.7917	24.5849	12.3019	26.8216	27.0999	30.2844	28.1027	28.8413	4.36289	28.4068	16.5983	21.3533	30.402	10.8779	0.987665	17.1828	8.10901	28.7817	5.02119	10.9398	10.3774	26.0412	1.01502	24.5196	8.02358	0.967477	7.97601</FloatingPoint>
			</Individual>
			<Individual size="1">
				<MOFitness value1="-0.143935" value2="-0.75"/>
				<FloatingPoint size="96">	29.0173	0.325401	21.5645	26.4604	13.1554	27.9352	3.5456	12.6766	25.1145	29.9073	8.39599	8.29327	8.33897	10.8712	25.9342	19.6695	21.991	4.48303	10.2476	2.71202	26.9208	26.4605	26.4038	19.0318	18.4551	15.4108	8.80048	12.4943	4.04294	30.3545	11.8026	11.8247	15.9878	7.10458	26.7655	24.705	28.7887	12.8979	24.8859	21.712	8.36627	6.1689	15.396	27.8945	29.9001	19.0971	19.4958	22.3324	10.1226	25.5487	8.22759	21.937	9.78954	14.4328	11.1949	12.1816	1.68834	9.54375	9.60338	15.1388	13.9464	9.61964	28.4026	18.8184	19.4925	26.0702	22.7895	7.86784	21.8508	29.758	24.8076	7.01323	27.2406	18.2356	20.0069	16.577	30.3057	4.33102	28.2926	16.6053	21.5602	30.5543	1.79197	1.92226	16.8254	10.792	5.65947	4.95324	15.0552	22.9573	25.2775	14.4814	24.4908	26.7937	1.87021	29.0326</FloatingPoint>
			</Individual>
			<Individual size="1">
				<MOFitness value1="-0.434506" value2="-0.21875"/>
				<FloatingPoint size="96">	11.0509	0.752532	22.7182	21.9682	26.1503	26.1297	3.53616	3.97618	8.55056	29.6929	14.9212	24.4422	10.4617	10.6891	13.0921	28.4702	17.3923	3.37672	20.9634	6.83805	1.00287	22.4512	26.2676	20.7848	7.96179	27.5649	0.58507	13.5773	3.91253	20.0555	11.7242	4.4231	24.6381	9.99548	11.0715	3.88254	25.0011	13.0025	18.677	1.37045	9.13941	4.10542	28.1446	16.1067	19.892	19.4472	27.945	12.3219	2.1352	12.1008	6.9358	22.6942	5.63412	3.22019	14.4737	2.39551	2.17118	28.8219	21.2873	22.7353	3.6108	9.88204	8.13866	12.9237	10.2521	25.8353	21.8168	14.3248	21.8532	3.60365	16.7607	6.41099	20.1498	27.324	23.8569	28.6776	29.9964	7.37466	25.8571	12.4654	22.7876	3.54378	24.6518	0.956267	9.32552	30.4268	5.57193	28.3881	10.1516	23.3191	24.195	27.3773	10.2155	26.1066	25.4991	25.4409</FloatingPoint>
			</Individual>
			<Individual size="1">
				<MOFitness value1="-0.488866" value2="-0.125"/>
				<FloatingPoint size="96">	10.9486	5.51315	22.7157	21.959	9.01393	25.7597	1.11158	28.3229	8.64965	29.7026	14.9426	24.7618	26.1094	21.928	1.17855	28.833	22.3928	28.5428	20.9684	24.7536	4.44555	22.0965	5.68467	10.0045	7.86378	4.67664	0.459908	28.6303	28.8087	20.0168	9.72652	4.58183	26.8445	10.0361	21.6631	3.88172	1.90028	22.6003	1.14729	22.6265	8.06813	15.5094	28.1257	16.1095	26.9938	1.90335	22.5193	12.6722	0.0707495	12.2511	6.93628	5.08573	3.48264	13.0358	14.4079	12.0885	10.3647	29.2337	25.6668	22.8122	3.56705	9.84682	8.01256	18.7281	17.3197	30.2757	22.1086	6.54935	21.8902	4.00036	21.5141	11.9032	20.156	17.4972	24.4483	28.4476	19.8535	19.2004	28.985	20.0716	21.2566	1.18234	24.6479	4.48277	18.2098	8.10469	16.6851	27.4645	22.3341	11.1513	23.6968	27.0681	21.2949	13.8604	25.5085	7.56542</FloatingPoint>
			</Individual>
			<Individual size="1">
				<MOFitness value1="-0.434506" value2="-0.21875"/>
				<FloatingPoint size="96">	11.0509	0.752532	22.7182	21.9682	26.1503	26.1297	3.53616	3.97618	8.55056	29.6929	14.9212	24.4422	10.4617	10.6891	13.0921	28.4702	17.3923	3.37672	20.9634	6.83805	1.00287	22.4512	26.2676	20.7848	7.96179	27.5649	0.58507	13.5773	3.91253	20.0555	11.7242	4.4231	24.6381	9.99548	11.0715	3.88254	25.0011	13.0025	18.677	1.37045	9.13941	4.10542	28.1446	16.1067	19.892	19.4472	27.945	12.3219	2.1352	12.1008	6.9358	22.6942	5.63412	3.22019	14.4737	2.39551	2.17118	28.8219	21.2873	22.7353	3.6108	9.88204	8.13866	12.9237	10.2521	25.8353	21.8168	14.3248	21.8532	3.60365	16.7607	6.41099	20.1498	27.324	23.8569	28.6776	29.9964	7.37466	25.8571	12.4654	22.7876	3.54378	24.6518	0.956267	9.32552	30.4268	5.57193	28.3881	10.1516	23.3191	24.195	27.3773	10.2155	26.1066	25.4991	25.4409</FloatingPoint>
			</Individual>
			<Individual size="1">
				<MOFitness value1="-0.488866" value2="-0.125"/>
				<FloatingPoint size="96">	10.9486	5.51315	22.7157	21.959	9.01393	25.7597	1.11158	28.3229	8.64965	29.7026	14.9426	24.7618	26.1094	21.928	1.17855	28.833	22.3928	28.5428	20.9684	24.7536	4.44555	22.0965	5.68467	10.0045	7.86378	4.67664	0.459908	28.6303	28.8087	20.0168	9.72652	4.58183	26.8445	10.0361	21.6631	3.88172	1.90028	22.6003	1.14729	22.6265	8.06813	15.5094	28.1257	16.1095	26.9938	1.90335	22.5193	12.6722	0.0707495	12.2511	6.93628	5.08573	3.48264	13.0358	14.4079	12.0885	10.3647	29.2337	25.6668	22.8122	3.56705	9.84682	8.01256	18.7281	17.3197	30.2757	22.1086	6.54935	21.8902	4.00036	21.5141	11.9032	20.156	17.4972	24.4483	28.4476	19.8535	19.2004	28.985	20.0716	21.2566	1.18234	24.6479	4.48277	18.2098	8.10469	16.6851	27.4645	22.3341	11.1513	23.6968	27.0681	21.2949	13.8604	25.5085	7.56542</FloatingPoint>
			</Individual>
			<Individual size="1">
				<MOFitness value1="-0.367981" value2="-0.5"/>
				<FloatingPoint size="96">	11.0436	26.8577	22.7344	21.959	9.01351	25.7692	1.1057	0.331859	8.44425	29.6959	14.8125	24.8718	26.146	20.8852	1.20092	28.4651	22.3242	28.5428	20.9671	24.7627	0.0869212	22.2263	5.31572	20.6666	7.86643	6.32192	0.0930405	13.5862	3.63854	20.0209	9.82769	4.51466	3.36809	9.98831	21.663	4.11689	1.9002	12.9875	1.12099	22.9712	8.5228	3.8876	28.0541	16.1098	26.9938	24.8948	28.5375	12.6721	0.195398	12.2548	6.93545	22.517	2.05286	27.3308	14.4077	12.1979	10.3648	28.7094	24.1337	22.6464	3.56738	9.87644	7.9748	18.7399	19.4152	25.8877	22.3814	6.88052	21.8672	3.64019	21.4927	11.725	20.1548	27.4757	24.4773	28.5178	30.2057	7.28463	25.8164	16.5178	22.4017	1.09911	24.6479	0.957531	9.36556	8.13301	28.7193	27.4613	11.1675	10.7463	24.3613	27.0695	21.2801	13.8668	25.5084	30.4856</FloatingPoint>
			</Individual>
			<Individual size="1">
				<MOFitness value1="-0.317129" value2="-0.53125"/>
				<FloatingPoint size="96">	11.0331	27.0894	16.7333	22.4311	9.30122	25.8582	25.6303	27.1412	8.28531	29.677	15.5196	24.1178	26.8115	10.8774	6.40942	13.9599	22.0482	28.8746	20.9648	2.65245	11.9659	27.0971	28.855	10.1592	18.4967	6.23041	9.02295	12.4717	28.4018	30.3222	9.83479	16.6917	1.17025	7.07092	25.6581	2.1515	26.0604	12.679	24.9213	21.7728	8.61352	4.26789	28.061	16.2096	29.9368	24.7019	28.047	4.16707	15.6374	4.88121	8.23429	21.985	3.32125	13.7624	27.0389	12.1556	7.59605	10.0413	9.58901	14.9566	11.5064	4.91314	27.2731	18.7634	11.1721	26.0567	11.7105	6.79109	22.0103	29.7917	24.5849	12.3019	26.8216	27.0999	30.2844	28.1027	28.8413	4.36289	28.4068	16.5983	21.3533	30.402	10.8779	0.987665	17.1828	8.10901	28.7817	5.02119	10.9398	10.3774	26.0412	1.01502	24.5196	8.02358	0.967477	7.97601</FloatingPoint>
			</Individual>
			<Individual size="1">
				<MOFitness value1="-0.219163" value2="-0.65625"/>
				<FloatingPoint size="96">	15.593	16.7394	17.0106	20.5531	10.5484	25.6347	1.14798	0.723848	8.58807	29.7217	9.293	25.313	9.32933	8.79247	1.25435	6.28013	25.621	28.4357	17.2345	0.344086	3.95528	21.9213	24.8204	2.24062	10.1894	7.08731	8.86287	13.5914	20.6371	19.3391	15.2502	5.05809	27.0342	14.4044	7.38382	3.88278	12.0232	10.8053	0.738339	6.96578	26.2569	16.9221	27.3632	27.2432	20.1974	4.43084	28.5372	4.74552	0.361157	26.0556	8.22615	19.8787	5.11429	11.454	6.32425	13.6169	18.1577	14.0221	21.4924	15.2748	3.76902	10.0665	2.73446	25.0903	14.4602	29.5944	13.1037	14.5828	23.736	15.7578	3.2873	26.1209	20.2542	16.4296	27.9126	29.0269	7.92466	7.90067	22.4639	20.2339	7.16523	23.686	10.0882	30.3225	17.4342	29.6402	7.58124	4.67461	22.8503	3.48829	24.0289	27.0263	24.1137	25.9379	28.0662	7.78409</FloatingPoint>
			</Individual>
			<Individual size="1">
				<MOFitness value1="-0.317129" value2="-0.53125"/>
				<FloatingPoint size="96">	11.0331	27.0894	16.7333	22.4311	9.30122	25.8582	25.6303	27.1412	8.28531	29.677	15.5196	24.1178	26.8115	10.8774	6.40942	13.9599	22.0482	28.8746	20.9648	2.65245	11.9659	27.0971	28.855	10.1592	18.4967	6.23041	9.02295	12.4717	28.4018	30.3222	9.83479	16.6917	1.17025	7.07092	25.6581	2.1515	26.0604	12.679	24.9213	21.7728	8.61352	4.26789	28.061	16.2096	29.9368	24.7019	28.047	4.16707	15.6374	4.88121	8.23429	21.985	3.32125	13.7624	27.0389	12.1556	7.59605	10.0413	9.58901	14.9566	11.5064	4.91314	27.2731	18.7634	11.1721	26.0567	11.7105	6.79109	22.0103	29.7917	24.5849	12.3019	26.8216	27.0999	30.2844	28.1027	28.8413	4.36289	28.4068	16.5983	21.3533	30.402	10.8779	0.987665	17.1828	8.10901	28.7817	5.02119	10.9398	10.3774	26.0412	1.01502	24.5196	8.02358	0.967477	7.97601</FloatingPoint>
			</Individual>
			<Individual size="1">
				<MOFitness value1="-0.091074" value2="-0.84375"/>
				<FloatingPoint size="96">	15.5094	25.8702	1.13002	25.2993	8.11249	17.7893	3.74206	4.02987	13.7723	22.835	9.32133	29.2756	17.5398	17.4288	12.5708	4.00984	25.8647	14.8153	30.922	28.2712	9.22597	6.98703	24.9113	9.87883	18.4554	27.0164	15.9585	22.6424	30.9821	21.2024	12.6042	10.8927	18.9275	14.6358	18.9049	16.1205	26.3742	10.9769	3.84261	1.61915	2.28882	11.2949	7.12912	24.8169	29.7929	25.0715	26.6498	6.39095	5.8032	23.0321	28.9087	19.8627	5.79766	20.1617	8.34713	13.8574	11.9681	20.8699	21.4995	28.7303	14.0173	14.887	2.81185	6.92241	14.3992	9.65104	3.24423	13.7948	15.7576	15.7642	4.32393	26.8056	23.4513	21.801	3.50402	16.531	6.02116	10.1624	3.983	14.4693	6.73844	23.8877	6.07283	30.5204	27.0778	21.0086	7.86249	5.59483	10.2674	3.18337	22.6624	12.2644	13.9375	21.582	28.798	21.5232</FloatingPoint>
			</Individual>
			<Individual size="1">
				<MOFitness value1="-0.088516" value2="-0.90625"/>
				<FloatingPoint size="96">	1.12185	6.74639	22.7158	21.9532	8.46189	25.7098	0.973693	28.2733	0.324352	29.3882	14.9395	24.7636	26.1095	10.9084	6.5184	6.34089	16.8055	28.5448	20.9683	25.1034	4.4803	22.0911	5.68548	9.88626	8.57938	28.7787	0.454181	13.554	29.5689	19.6668	15.3881	30.6907	26.4132	7.20926	21.644	3.87505	1.91909	22.6177	1.1483	2.24344	21.0059	16.0878	27.007	16.1154	26.9962	2.52543	22.4563	12.8017	0.070264	12.4246	6.9051	4.55056	3.51575	12.5906	14.4368	12.0951	10.3692	14.891	25.6491	8.93813	3.55776	10.1425	8.62888	29.9709	17.3518	30.2729	2.84596	19.2709	21.8905	3.99427	21.5143	11.8964	20.0821	17.5214	28.0118	16.0783	15.9819	19.4681	28.88	20.1171	0.8927	4.78512	24.6676	4.40845	17.3757	8.10444	16.5036	27.7449	22.9954	10.3786	5.68305	26.5532	21.2952	14.3119	25.5241	7.647</FloatingPoint>
			</Individual>
			<Individual size="1">
				<MOFitness value1="-0.219163" value2="-0.65625"/>
				<FloatingPoint size="96">	15.593	16.7394	17.0106	20.5531	10.5484	25.6347	1.14798	0.723848	8.58807	29.7217	9.293	25.313	9.32933	8.79247	1.25435	6.28013	25.621	28.4357	17.2345	0.344086	3.95528	21.9213	24.8204	2.24062	10.1894	7.08731	8.86287	13.5914	20.6371	19.3391	15.2502	5.05809	27.0342	14.4044	7.38382	3.88278	12.0232	10.8053	0.738339	6.96578	26.2569	16.9221	27.3632	27.2432	20.1974	4.43084	28.5372	4.74552	0.361157	26.0556	8.22615	19.8787	5.11429	11.454	6.32425	13.6169	18.1577	14.0221	21.4924	15.2748	3.76902	10.0665	2.73446	25.0903	14.4602	29.5944	13.1037	14.5828	23.736	15.7578	3.2873	26.1209	20.2542	16.4296	27.9126	29.0269	7.92466	7.90067	22.4639	20.2339	7.16523	23.686	10.0882	30.3225	17.4342	29.6402	7.58124	4.67461	22.8503	3.48829	24.0289	27.0263	24.1137	25.9379	28.0662	7.78409</FloatingPoint>
			</Individual>
			<Individual size="1">
				<MOFitness value1="-0.219163" value2="-0.65625"/>
				<FloatingPoint size="96">	15.593	16.7394	17.0106	20.5531	10.5484	25.6347	1.14798	0.723848	8.58807	29.7217	9.293	25.313	9.32933	8.79247	1.25435	6.28013	25.621	28.4357	17.2345	0.344086	3.95528	21.9213	24.8204	2.24062	10.1894	7.08731	8.86287	13.5914	20.6371	19.3391	15.2502	5.05809	27.0342	14.4044	7.38382	3.88278	12.0232	10.8053	0.738339	6.96578	26.2569	16.9221	27.3632	27.2432	20.1974	4.43084	28.5372	4.74552	0.361157	26.0556	8.22615	19.8787	5.11429	11.454	6.32425	13.6169	18.1577	14.0221	21.4924	15.2748	3.76902	10.0665	2.73446	25.0903	14.4602	29.5944	13.1037	14.5828	23.736	15.7578	3.2873	26.1209	20.2542	16.4296	27.9126	29.0269	7.92466	7.90067	22.4639	20.2339	7.16523	23.686	10.0882	30.3225	17.4342	29.6402	7.58124	4.67461	22.8503	3.48829	24.0289	27.0263	24.1137	25.9379	28.0662	7.78409</FloatingPoint>
			</Individual>
			<Individual size="1">
				<MOFitness value1="-0.185948" value2="-0.6875"/>
				<FloatingPoint size="96">	15.4981	16.6891	1.19593	20.5193	26.5077	17.8196	3.62077	3.61279	8.62689	30.3932	9.32045	3.63516	17.262	8.7685	12.6185	10.4296	25.8714	18.0538	8.4407	19.1592	24.6971	6.6194	24.9339	1.93869	10.0545	6.0606	15.0549	15.2631	20.3932	28.5359	12.8895	10.9207	27.0454	14.3515	7.33163	9.41014	25.8506	10.9942	3.57595	6.68635	26.2834	11.584	7.10912	27.0743	20.1791	19.5666	10.6679	6.42752	18.8858	25.9041	2.61625	19.8374	5.82103	20.1768	6.33781	13.611	17.6385	21.3978	21.5193	15.6598	13.9367	13.49	2.98921	25.0428	14.3982	9.64953	13.2014	14.4429	23.7236	15.8206	4.30892	26.6783	20.6357	2.50444	19.1	16.4668	6.17557	3.43328	22.4164	14.732	6.96797	23.947	10.0839	30.5834	21.7486	30.6032	7.31302	5.84313	10.3744	2.32001	22.6896	12.742	5.68473	26.0144	28.2257	21.0631</FloatingPoint>
			</Individual>
			<Individual size="1">
				<MOFitness value1="-0.157433" value2="-0.71875"/>
				<FloatingPoint size="96">	11.0247	27.0924	16.7588	22.5291	9.02487	27.995	26.6265	0.452072	8.41885	29.6772	8.67096	20.8156	8.34697	10.9188	1.2793	14.3844	22.0484	28.9321	20.9446	2.65587	0.755755	27.0624	14.4501	20.9739	18.4972	19.7482	9.03188	12.5008	3.86487	30.3263	9.78245	5.04204	1.22513	7.10261	25.7678	24.6496	25.5671	12.8743	24.9143	21.7717	8.49667	4.268	28.0551	16.2096	29.9869	24.6972	28.0652	4.14527	4.29106	4.88113	8.2338	21.9859	3.35063	14.2303	27.0134	12.1819	7.68771	9.4722	9.82819	15.0978	11.3335	4.85732	28.329	18.7639	19.5902	26.057	22.8038	6.46988	21.954	29.7897	24.7787	12.18	10.5218	27.0979	20.02	28.0966	30.2787	4.33527	28.336	16.5979	21.5209	30.5381	11.0506	0.988218	16.8622	10.8427	28.9252	5.01979	10.9402	29.9404	24.466	1.05252	24.5376	7.54515	28.2778	28.9824</FloatingPoint>
			</Individual>
			<Individual size="1">
				<MOFitness value1="-0.185948" value2="-0.6875"/>
				<FloatingPoint size="96">	15.4981	16.6891	1.19593	20.5193	26.5077	17.8196	3.62077	3.61279	8.62689	30.3932	9.32045	3.63516	17.262	8.7685	12.6185	10.4296	25.8714	18.0538	8.4407	19.1592	24.6971	6.6194	24.9339	1.93869	10.0545	6.0606	15.0549	15.2631	20.3932	28.5359	12.8895	10.9207	27.0454	14.3515	7.33163	9.41014	25.8506	10.9942	3.57595	6.68635	26.2834	11.584	7.10912	27.0743	20.1791	19.5666	10.6679	6.42752	18.8858	25.9041	2.61625	19.8374	5.82103	20.1768	6.33781	13.611	17.6385	21.3978	21.5193	15.6598	13.9367	13.49	2.98921	25.0428	14.3982	9.64953	13.2014	14.4429	23.7236	15.8206	4.30892	26.6783	20.6357	2.50444	19.1	16.4668	6.17557	3.43328	22.4164	14.732	6.96797	23.947	10.0839	30.5834	21.7486	30.6032	7.31302	5.84313	10.3744	2.32001	22.6896	12.742	5.68473	26.0144	28.2257	21.0631</FloatingPoint>
			</Individual>
			<Individual size="1">
				<MOFitness value1="-0.115604" value2="-0.8125"/>
				<FloatingPoint size="96">	11.1788	0.716965	21.8233	20.3791	26.126	18.5061	3.52919	3.89917	7.37294	29.9045	9.26475	7.68053	9.31557	10.8467	13.0244	20.0368	17.2969	4.12664	21.4039	6.32162	24.1552	6.86209	26.159	10.549	10.0962	28.5948	20.4955	15.1854	30.5655	28.2026	11.759	11.6023	26.6456	9.81867	10.4929	12.8965	25.7112	0.0376644	19.3897	1.11812	20.4536	7.20343	15.4095	16.4065	20.3873	19.2593	19.2842	12.325	3.08715	25.3282	6.88648	4.39892	5.78211	3.22678	14.4749	2.31519	2.01855	14.8986	21.0308	20.7599	13.9485	10.127	2.95229	12.9195	10.2134	29.6534	21.824	14.1486	21.9802	4.10354	16.6318	6.41891	20.5326	18.313	23.8569	16.306	19.8934	19.5105	23.4081	12.4315	28.6346	3.59208	26.5913	1.76337	4.31218	30.3146	6.17726	4.62973	10.1463	23.4916	8.09451	14.6225	10.6203	26.0251	25.3477	25.5559</FloatingPoint>
			</Individual>
			<Individual size="1">
				<MOFitness value1="-0.091074" value2="-0.84375"/>
				<FloatingPoint size="96">	15.5094	25.8702	1.13002	25.2993	8.11249	17.7893	3.74206	4.02987	13.7723	22.835	9.32133	29.2756	17.5398	17.4288	12.5708	4.00984	25.8647	14.8153	30.922	28.2712	9.22597	6.98703	24.9113	9.87883	18.4554	27.0164	15.9585	22.6424	30.9821	21.2024	12.6042	10.8927	18.9275	14.6358	18.9049	16.1205	26.3742	10.9769	3.84261	1.61915	2.28882	11.2949	7.12912	24.8169	29.7929	25.0715	26.6498	6.39095	5.8032	23.0321	28.9087	19.8627	5.79766	20.1617	8.34713	13.8574	11.9681	20.8699	21.4995	28.7303	14.0173	14.887	2.81185	6.92241	14.3992	9.65104	3.24423	13.7948	15.7576	15.7642	4.32393	26.8056	23.4513	21.801	3.50402	16.531	6.02116	10.1624	3.983	14.4693	6.73844	23.8877	6.07283	30.5204	27.0778	21.0086	7.86249	5.59483	10.2674	3.18337	22.6624	12.2644	13.9375	21.582	28.798	21.5232</FloatingPoint>
			</Individual>
			<Individual size="1">
				<MOFitness value1="-0.115604" value2="-0.8125"/>
				<FloatingPoint size="96">	11.1788	0.716965	21.8233	20.3791	26.126	18.5061	3.52919	3.89917	7.37294	29.9045	9.26475	7.68053	9.31557	10.8467	13.0244	20.0368	17.2969	4.12664	21.4039	6.32162	24.1552	6.86209	26.159	10.549	10.0962	28.5948	20.4955	15.1854	30.5655	28.2026	11.759	11.6023	26.6456	9.81867	10.4929	12.8965	25.7112	0.0376644	19.3897	1.11812	20.4536	7.20343	15.4095	16.4065	20.3873	19.2593	19.2842	12.325	3.08715	25.3282	6.88648	4.39892	5.78211	3.22678	14.4749	2.31519	2.01855	14.8986	21.0308	20.7599	13.9485	10.127	2.95229	12.9195	10.2134	29.6534	21.824	14.1486	21.9802	4.10354	16.6318	6.41891	20.5326	18.313	23.8569	16.306	19.8934	19.5105	23.4081	12.4315	28.6346	3.59208	26.5913	1.76337	4.31218	30.3146	6.17726	4.62973	10.1463	23.4916	8.09451	14.6225	10.6203	26.0251	25.3477	25.5559</FloatingPoint>
			</Individual>
			<Individual size="1">
				<MOFitness value1="-0.136398" value2="-0.78125"/>
				<FloatingPoint size="96">	28.7831	0.643807	21.6783	26.3899	13.0809	24.6634	2.85265	12.7002	24.8292	29.9111	26.8374	8.08779	9.24289	25.1241	26.4331	19.8968	17.4048	4.27708	10.3067	7.12471	26.8123	7.39583	26.2553	19.0317	11.4137	15.7402	20.5463	24.4194	19.3118	12.9444	11.7765	18.9569	15.9077	10.0948	10.1488	12.8022	28.8266	29.1539	20.7537	1.11885	17.7019	6.10194	15.5321	27.296	5.33876	19.1037	19.3244	22.7448	9.96403	26.6888	5.13053	3.36443	9.83964	3.73555	11.7835	2.30638	1.75914	11.6951	20.7765	20.7251	13.9318	9.6317	26.4278	12.45	10.1133	19.3598	21.2411	7.86446	21.855	20.3415	16.606	6.99348	27.4145	18.3069	22.0935	16.4958	29.6168	4.25834	5.21899	12.7628	28.5353	22.0105	1.35104	1.92539	3.77812	13.3064	6.15192	4.95231	14.9825	22.8349	8.4444	14.4207	10.5153	26.6429	1.59296	24.5695</FloatingPoint>
			</Individual>
			<Individual size="1">
				<MOFitness value1="-0.136398" value2="-0.78125"/>
				<FloatingPoint size="96">	28.7831	0.643807	21.6783	26.3899	13.0809	24.6634	2.85265	12.7002	24.8292	29.9111	26.8374	8.08779	9.24289	25.1241	26.4331	19.8968	17.4048	4.27708	10.3067	7.12471	26.8123	7.39583	26.2553	19.0317	11.4137	15.7402	20.5463	24.4194	19.3118	12.9444	11.7765	18.9569	15.9077	10.0948	10.1488	12.8022	28.8266	29.1539	20.7537	1.11885	17.7019	6.10194	15.5321	27.296	5.33876	19.1037	19.3244	22.7448	9.96403	26.6888	5.13053	3.36443	9.83964	3.73555	11.7835	2.30638	1.75914	11.6951	20.7765	20.7251	13.9318	9.6317	26.4278	12.45	10.1133	19.3598	21.2411	7.86446	21.855	20.3415	16.606	6.99348	27.4145	18.3069	22.0935	16.4958	29.6168	4.25834	5.21899	12.7628	28.5353	22.0105	1.35104	1.92539	3.77812	13.3064	6.15192	4.95231	14.9825	22.8349	8.4444	14.4207	10.5153	26.6429	1.59296	24.5695</FloatingPoint>
			</Individual>
			<Individual size="1">
				<MOFitness value1="-0.317129" value2="-0.53125"/>
				<FloatingPoint size="96">	11.0331	27.0894	16.7333	22.4311	9.30122	25.8582	25.6303	27.1412	8.28531	29.677	15.5196	24.1178	26.8115	10.8774	6.40942	13.9599	22.0482	28.8746	20.9648	2.65245	11.9659	27.0971	28.855	10.1592	18.4967	6.23041	9.02295	12.4717	28.4018	30.3222	9.83479	16.6917	1.17025	7.07092	25.6581	2.1515	26.0604	12.679	24.9213	21.7728	8.61352	4.26789	28.061	16.2096	29.9368	24.7019	28.047	4.16707	15.6374	4.88121	8.23429	21.985	3.32125	13.7624	27.0389	12.1556	7.59605	10.0413	9.58901	14.9566	11.5064	4.91314	27.2731	18.7634	11.1721	26.0567	11.7105	6.79109	22.0103	29.7917	24.5849	12.3019	26.8216	27.0999	30.2844	28.1027	28.8413	4.36289	28.4068	16.5983	21.3533	30.402	10.8779	0.987665	17.1828	8.10901	28.7817	5.02119	10.9398	10.3774	26.0412	1.01502	24.5196	8.02358	0.967477	7.97601</FloatingPoint>
			</Individual>
			<Individual size="1">
				<MOFitness value1="-0.136398" value2="-0.78125"/>
				<FloatingPoint size="96">	28.7831	0.643807	21.6783	26.3899	13.0809	24.6634	2.85265	12.7002	24.8292	29.9111	26.8374	8.08779	9.24289	25.1241	26.4331	19.8968	17.4048	4.27708	10.3067	7.12471	26.8123	7.39583	26.2553	19.0317	11.4137	15.7402	20.5463	24.4194	19.3118	12.9444	11.7765	18.9569	15.9077	10.0948	10.1488	12.8022	28.8266	29.1539	20.7537	1.11885	17.7019	6.10194	15.5321	27.296	5.33876	19.1037	19.3244	22.7448	9.96403	26.6888	5.13053	3.36443	9.83964	3.73555	11.7835	2.30638	1.75914	11.6951	20.7765	20.7251	13.9318	9.6317	26.4278	12.45	10.1133	19.3598	21.2411	7.86446	21.855	20.3415	16.606	6.99348	27.4145	18.3069	22.0935	16.4958	29.6168	4.25834	5.21899	12.7628	28.5353	22.0105	1.35104	1.92539	3.77812	13.3064	6.15192	4.95231	14.9825	22.8349	8.4444	14.4207	10.5153	26.6429	1.59296	24.5695</FloatingPoint>
			</Individual>
			<Individual size="1">
				<MOFitness value1="-0.00593" value2="-0.9375"/>
				<FloatingPoint size="96">	0.849812	16.9618	22.7188	20.5703	8.6041	25.7135	1.15351	27.5593	0.281452	29.3786	15.4932	25.312	26.5893	10.9005	6.80619	6.3421	24.4283	28.5449	20.9235	25.3913	4.45314	22.0936	24.7427	2.20701	8.59189	7.28133	9.1601	13.591	29.6907	22.204	15.4918	5.41607	27.0115	6.94221	21.8208	3.88267	12.1865	10.6908	0.718954	2.31828	26.3135	16.9284	27.3615	16.1753	20.1045	2.4855	22.3992	12.7902	0.0819289	25.7084	6.93133	19.9092	3.52095	11.4904	6.34129	12.0823	9.73396	14.007	21.5612	15.2801	3.56037	10.1388	8.62684	29.7672	17.4592	29.5994	13.0008	19.0493	21.9527	15.3832	21.5757	26.3109	20.0905	16.3734	24.8821	28.8378	7.70735	7.49681	29.0742	20.2371	0.895483	24.253	24.1659	4.43057	17.432	30.041	16.4959	27.2805	22.8374	27.6525	5.58207	26.5525	21.3035	14.2353	25.7231	9.48205</FloatingPoint>
			</Individual>
			<Individual size="1">
				<MOFitness value1="-0.088516" value2="-0.90625"/>
				<FloatingPoint size="96">	1.12186	6.74628	22.7158	21.9532	8.46189	25.7098	0.973717	28.2726	0.324471	29.3937	14.9281	24.7627	26.1095	10.9083	6.52044	6.34089	16.8055	28.5448	20.9684	25.1034	4.47999	22.0646	5.68361	9.88628	8.59913	28.7794	10.2021	15.4578	29.5689	19.6473	15.4935	30.6984	26.418	7.20926	21.644	3.87505	1.91909	22.6215	1.42046	2.24344	21.2084	16.0882	27.0078	16.1185	26.9963	2.52543	22.4585	12.8017	0.04189	12.4246	6.98413	4.54838	3.51592	16.3007	14.4368	12.0914	10.3793	13.2096	25.6491	8.93831	3.55776	10.1273	8.62888	29.9706	17.3518	30.2728	2.84597	19.2712	21.8905	4.01641	21.9068	11.8966	20.0821	17.5216	28.78	16.0783	20.0469	19.4546	29.0172	20.1171	0.8927	4.78503	24.5787	4.40843	17.3864	7.82023	16.3501	27.745	22.9956	11.1527	5.68174	26.5532	20.5841	14.3121	25.5242	7.64756</FloatingPoint>
			</Individual>
			<Individual size="1">
				<MOFitness value1="-0.157433" value2="-0.71875"/>
				<FloatingPoint size="96">	11.0247	27.0924	16.7588	22.5291	9.02487	27.995	26.6265	0.452072	8.41885	29.6772	8.67096	20.8156	8.34697	10.9188	1.2793	14.3844	22.0484	28.9321	20.9446	2.65587	0.755755	27.0624	14.4501	20.9739	18.4972	19.7482	9.03188	12.5008	3.86487	30.3263	9.78245	5.04204	1.22513	7.10261	25.7678	24.6496	25.5671	12.8743	24.9143	21.7717	8.49667	4.268	28.0551	16.2096	29.9869	24.6972	28.0652	4.14527	4.29106	4.88113	8.2338	21.9859	3.35063	14.2303	27.0134	12.1819	7.68771	9.4722	9.82819	15.0978	11.3335	4.85732	28.329	18.7639	19.5902	26.057	22.8038	6.46988	21.954	29.7897	24.7787	12.18	10.5218	27.0979	20.02	28.0966	30.2787	4.33527	28.336	16.5979	21.5209	30.5381	11.0506	0.988218	16.8622	10.8427	28.9252	5.01979	10.9402	29.9404	24.466	1.05252	24.5376	7.54515	28.2778	28.9824</FloatingPoint>
			</Individual>
			<Individual size="1">
				<MOFitness value1="-0.185948" value2="-0.6875"/>
				<FloatingPoint size="96">	15.4981	16.6891	1.19593	20.5193	26.5077	17.8196	3.62077	3.61279	8.62689	30.3932	9.32045	3.63516	17.262	8.7685	12.6185	10.4296	25.8714	18.0538	8.4407	19.1592	24.6971	6.6194	24.9339	1.93869	10.0545	6.0606	15.0549	15.2631	20.3932	28.5359	12.8895	10.9207	27.0454	14.3515	7.33163	9.41014	25.8506	10.9942	3.57595	6.68635	26.2834	11.584	7.10912	27.0743	20.1791	19.5666	10.6679	6.42752	18.8858	25.9041	2.61625	19.8374	5.82103	20.1768	6.33781	13.611	17.6385	21.3978	21.5193	15.6598	13.9367	13.49	2.98921	25.0428	14.3982	9.64953	13.2014	14.4429	23.7236	15.8206	4.30892	26.6783	20.6357	2.50444	19.1	16.4668	6.17557	3.43328	22.4164	14.732	6.96797	23.947	10.0839	30.5834	21.7486	30.6032	7.31302	5.84313	10.3744	2.32001	22.6896	12.742	5.68473	26.0144	28.2257	21.0631</FloatingPoint>
			</Individual>
			<Individual size="1">
				<MOFitness value1="-0.115604" value2="-0.8125"/>
				<FloatingPoint size="96">	11.1788	0.716965	21.8233	20.3791	26.126	18.5061	3.52919	3.89917	7.37294	29.9045	9.26475	7.68053	9.31557	10.8467	13.0244	20.0368	17.2969	4.12664	21.4039	6.32162	24.1552	6.86209	26.159	10.549	10.0962	28.5948	20.4955	15.1854	30.5655	28.2026	11.759	11.6023	26.6456	9.81867	10.4929	12.8965	25.7112	0.0376644	19.3897	1.11812	20.4536	7.20343	15.4095	16.4065	20.3873	19.2593	19.2842	12.325	3.08715	25.3282	6.88648	4.39892	5.78211	3.22678	14.4749	2.31519	2.01855	14.8986	21.0308	20.7599	13.9485	10.127	2.95229	12.9195	10.2134	29.6534	21.824	14.1486	21.9802	4.10354	16.6318	6.41891	20.5326	18.313	23.8569	16.306	19.8934	19.5105	23.4081	12.4315	28.6346	3.59208	26.5913	1.76337	4.31218	30.3146	6.17726	4.62973	10.1463	23.4916	8.09451	14.6225	10.6203	26.0251	25.3477	25.5559</FloatingPoint>
			</Individual>
			<Individual size="1">
				<MOFitness value1="-0.091074" value2="-0.84375"/>
				<FloatingPoint size="96">	15.5094	25.8702	1.13002	25.2993	8.11249	17.7893	3.74206	4.02987	13.7723	22.835	9.32133	29.2756	17.5398	17.4288	12.5708	4.00984	25.8647	14.8153	30.922	28.2712	9.22597	6.98703	24.9113	9.87883	18.4554	27.0164	15.9585	22.6424	30.9821	21.2024	12.6042	10.8927	18.9275	14.6358	18.9049	16.1205	26.3742	10.9769	3.84261	1.61915	2.28882	11.2949	7.12912	24.8169	29.7929	25.0715	26.6498	6.39095	5.8032	23.0321	28.9087	19.8627	5.79766	20.1617	8.34713	13.8574	11.9681	20.8699	21.4995	28.7303	14.0173	14.887	2.81185	6.92241	14.3992	9.65104	3.24423	13.7948	15.7576	15.7642	4.32393	26.8056	23.4513	21.801	3.50402	16.531	6.02116	10.1624	3.983	14.4693	6.73844	23.8877	6.07283	30.5204	27.0778	21.0086	7.86249	5.59483	10.2674	3.18337	22.6624	12.2644	13.9375	21.582	28.798	21.5232</FloatingPoint>
			</Individual>
			<Individual size="1">
				<MOFitness value1="-0.157433" value2="-0.71875"/>
				<FloatingPoint size="96">	11.0247	27.0924	16.7588	22.5291	9.02487	27.995	26.6265	0.452072	8.41885	29.6772	8.67096	20.8156	8.34697	10.9188	1.2793	14.3844	22.0484	28.9321	20.9446	2.65587	0.755755	27.0624	14.4501	20.9739	18.4972	19.7482	9.03188	12.5008	3.86487	30.3263	9.78245	5.04204	1.22513	7.10261	25.7678	24.6496	25.5671	12.8743	24.9143	21.7717	8.49667	4.268	28.0551	16.2096	29.9869	24.6972	28.0652	4.14527	4.29106	4.88113	8.2338	21.9859	3.35063	14.2303	27.0134	12.1819	7.68771	9.4722	9.82819	15.0978	11.3335	4.85732	28.329	18.7639	19.5902	26.057	22.8038	6.46988	21.954	29.7897	24.7787	12.18	10.5218	27.0979	20.02	28.0966	30.2787	4.33527	28.336	16.5979	21.5209	30.5381	11.0506	0.988218	16.8622	10.8427	28.9252	5.01979	10.9402	29.9404	24.466	1.05252	24.5376	7.54515	28.2778	28.9824</FloatingPoint>
			</Individual>
			<Individual size="1">
				<MOFitness value1="-0.367981" value2="-0.5"/>
				<FloatingPoint size="96">	11.0436	26.8577	22.7344	21.959	9.01351	25.7692	1.1057	0.331859	8.44425	29.6959	14.8125	24.8718	26.146	20.8852	1.20092	28.4651	22.3242	28.5428	20.9671	24.7627	0.0869212	22.2263	5.31572	20.6666	7.86643	6.32192	0.0930405	13.5862	3.63854	20.0209	9.82769	4.51466	3.36809	9.98831	21.663	4.11689	1.9002	12.9875	1.12099	22.9712	8.5228	3.8876	28.0541	16.1098	26.9938	24.8948	28.5375	12.6721	0.195398	12.2548	6.93545	22.517	2.05286	27.3308	14.4077	12.1979	10.3648	28.7094	24.1337	22.6464	3.56738	9.87644	7.9748	18.7399	19.4152	25.8877	22.3814	6.88052	21.8672	3.64019	21.4927	11.725	20.1548	27.4757	24.4773	28.5178	30.2057	7.28463	25.8164	16.5178	22.4017	1.09911	24.6479	0.957531	9.36556	8.13301	28.7193	27.4613	11.1675	10.7463	24.3613	27.0695	21.2801	13.8668	25.5084	30.4856</FloatingPoint>
			</Individual>
			<Individual size="1">
				<MOFitness value1="-0.115604" value2="-0.8125"/>
				<FloatingPoint size="96">	11.1788	0.716965	21.8233	20.3791	26.126	18.5061	3.52919	3.89917	7.37294	29.9045	9.26475	7.68053	9.31557	10.8467	13.0244	20.0368	17.2969	4.12664	21.4039	6.32162	24.1552	6.86209	26.159	10.549	10.0962	28.5948	20.4955	15.1854	30.5655	28.2026	11.759	11.6023	26.6456	9.81867	10.4929	12.8965	25.7112	0.0376644	19.3897	1.11812	20.4536	7.20343	15.4095	16.4065	20.3873	19.2593	19.2842	12.325	3.08715	25.3282	6.88648	4.39892	5.78211	3.22678	14.4749	2.31519	2.01855	14.8986	21.0308	20.7599	13.9485	10.127	2.95229	12.9195	10.2134	29.6534	21.824	14.1486	21.9802	4.10354	16.6318	6.41891	20.5326	18.313	23.8569	16.306	19.8934	19.5105	23.4081	12.4315	28.6346	3.59208	26.5913	1.76337	4.31218	30.3146	6.17726	4.62973	10.1463	23.4916	8.09451	14.6225	10.6203	26.0251	25.3477	25.5559</FloatingPoint>
			</Individual>
			<Individual size="1">
				<MOFitness value1="-0.185948" value2="-0.6875"/>
				<FloatingPoint size="96">	15.4981	16.6891	1.19593	20.5193	26.5077	17.8196	3.62077	3.61279	8.62689	30.3932	9.32045	3.63516	17.262	8.7685	12.6185	10.4296	25.8714	18.0538	8.4407	19.1592	24.6971	6.6194	24.9339	1.93869	10.0545	6.0606	15.0549	15.2631	20.3932	28.5359	12.8895	10.9207	27.0454	14.3515	7.33163	9.41014	25.8506	10.9942	3.57595	6.68635	26.2834	11.584	7.10912	27.0743	20.1791	19.5666	10.6679	6.42752	18.8858	25.9041	2.61625	19.8374	5.82103	20.1768	6.33781	13.611	17.6385	21.3978	21.5193	15.6598	13.9367	13.49	2.98921	25.0428	14.3982	9.64953	13.2014	14.4429	23.7236	15.8206	4.30892	26.6783	20.6357	2.50444	19.1	16.4668	6.17557	3.43328	22.4164	14.732	6.96797	23.947	10.0839	30.5834	21.7486	30.6032	7.31302	5.84313	10.3744	2.32001	22.6896	12.742	5.68473	26.0144	28.2257	21.0631</FloatingPoint>
			</Individual>
			<Individual size="1">
				<MOFitness value1="-0.219163" value2="-0.65625"/>
				<FloatingPoint size="96">	15.593	16.7394	17.0106	20.5531	10.5484	25.6347	1.14798	0.723848	8.58807	29.7217	9.293	25.313	9.32933	8.79247	1.25435	6.28013	25.621	28.4357	17.2345	0.344086	3.95528	21.9213	24.8204	12.4207	10.1894	7.08731	8.86287	13.5914	20.6371	19.3391	15.2502	5.05809	27.0342	14.4044	7.38382	3.88278	12.0232	10.8053	0.738339	6.96578	26.2569	16.9221	27.3632	27.2432	20.1974	4.43084	28.5372	4.74552	0.361157	26.0556	8.22615	19.8787	5.11429	11.454	6.32425	13.6169	18.1577	14.0221	21.4924	15.2748	3.76902	10.0665	2.73446	25.0903	14.4602	29.5944	13.1037	14.5828	23.736	15.7578	3.2873	26.1209	20.2542	16.4296	27.9126	29.0269	7.92466	7.90067	22.4639	20.2339	7.16523	23.686	10.0882	30.3225	17.4342	29.6402	7.58124	4.67461	22.8503	3.48829	24.0289	27.0263	24.1137	25.9379	28.0662	7.78409</FloatingPoint>
			</Individual>
			<Individual size="1">
				<MOFitness value1="-0.157433" value2="-0.71875"/>
				<FloatingPoint size="96">	11.0247	27.0924	16.7588	22.5291	9.02487	27.995	26.6265	0.452072	8.41885	29.6772	8.67096	20.8156	8.34697	10.9188	1.2793	14.3844	22.0484	28.9321	20.9446	2.65587	0.755755	27.0624	14.4501	20.9739	18.4972	19.7482	9.03188	12.5008	3.86487	30.3263	9.78245	5.04204	1.22513	7.10261	25.7678	24.6496	25.5671	12.8743	24.9143	21.7717	8.49667	4.268	28.0551	16.2096	29.9869	24.6972	28.0652	4.14527	4.29106	4.88113	8.2338	21.9859	3.35063	14.2303	27.0134	12.1819	7.68771	9.4722	9.82819	15.0978	11.3335	4.85732	28.329	18.7639	19.5902	26.057	22.8038	6.46988	21.954	29.7897	24.7787	12.18	10.5218	27.0979	20.02	28.0966	30.2787	4.33527	28.336	16.5979	21.5209	30.5381	11.0506	0.988218	16.8622	10.8427	28.9252	5.01979	10.9402	29.9404	24.466	1.05252	24.5376	7.54515	28.2778	28.9824</FloatingPoint>
			</Individual>
			<Individual size="1">
				<MOFitness value1="-0.136398" value2="-0.78125"/>
				<FloatingPoint size="96">	28.7831	0.643807	21.6783	26.3899	13.0809	24.6634	2.85265	12.7002	24.8292	29.9111	26.8374	8.08779	9.24289	25.1241	26.4331	19.8968	17.4048	4.27708	10.3067	7.12471	26.8123	7.39583	26.2553	19.0317	11.4137	15.7402	20.5463	24.4194	19.3118	12.9444	11.7765	18.9569	15.9077	10.0948	10.1488	12.8022	28.8266	29.1539	20.7537	1.11885	17.7019	6.10194	15.5321	27.296	5.33876	19.1037	19.3244	22.7448	9.96403	26.6888	5.13053	3.36443	9.83964	3.73555	11.7835	2.30638	1.75914	11.6951	20.7765	20.7251	13.9318	9.6317	26.4278	12.45	10.1133	19.3598	21.2411	7.86446	21.855	20.3415	16.606	6.99348	27.4145	18.3069	22.0935	16.4958	29.6168	4.25834	5.21899	12.7628	28.5353	22.0105	1.35104	1.92539	3.77812	13.3064	6.15192	4.95231	14.9825	22.8349	8.4444	14.4207	10.5153	26.6429	1.59296	24.5695</FloatingPoint>
			</Individual>
			<Individual size="1">
				<MOFitness value1="-0.091074" value2="-0.84375"/>
				<FloatingPoint size="96">	15.5094	25.8702	1.13002	25.2993	8.11249	17.7893	3.74206	4.02987	13.7723	22.835	9.32133	29.2756	17.5398	17.4288	12.5708	4.00984	25.8647	14.8153	30.922	28.2712	9.22597	6.98703	24.9113	9.87883	18.4554	27.0164	15.9585	22.6424	30.9821	21.2024	12.6042	10.8927	18.9275	14.6358	18.9049	16.1205	26.3742	10.9769	3.84261	1.61915	2.28882	11.2949	7.12912	24.8169	29.7929	25.0715	26.6498	6.39095	5.8032	23.0321	28.9087	19.8627	5.79766	20.1617	8.34713	13.8574	11.9681	20.8699	21.4995	28.7303	14.0173	14.887	2.81185	6.92241	14.3992	9.65104	3.24423	13.7948	15.7576	15.7642	4.32393	26.8056	23.4513	21.801	3.50402	16.531	6.02116	10.1624	3.983	14.4693	6.73844	23.8877	6.07283	30.5204	27.0778	21.0086	7.86249	5.59483	10.2674	3.18337	22.6624	12.2644	13.9375	21.582	28.798	21.5232</FloatingPoint>
			</Individual>
			<Individual size="1">
				<MOFitness value1="-0.088516" value2="-0.90625"/>
				<FloatingPoint size="96">	1.12185	6.74639	22.7158	21.9532	8.46189	25.7098	19.2851	28.2733	0.327249	29.3882	14.9395	24.7636	26.1095	10.9084	6.5184	6.34089	16.8055	28.5448	20.9683	25.1034	4.4803	22.0911	5.68548	9.88626	8.57938	28.7787	0.454181	13.554	29.5689	19.6668	15.4935	30.6907	26.4132	7.20926	21.644	3.87505	2.60167	22.6177	1.1483	2.24344	21.0059	16.0878	27.007	16.1154	30.9616	2.52543	22.4563	12.8017	0.070264	18.7848	6.9051	4.55056	3.51575	12.5906	14.4368	12.0951	10.3692	14.891	25.6491	8.93813	1.72709	10.1425	8.62888	29.9709	2.07109	30.2729	2.84596	19.2709	21.8905	3.99427	21.5136	11.8964	20.0821	17.5214	28.0118	15.6463	20.0468	19.4681	28.88	20.1171	0.8927	4.78512	24.6676	4.40845	17.3757	8.10444	16.5036	27.7449	22.9954	11.1527	5.68305	26.5532	21.2952	14.3119	25.5241	7.647</FloatingPoint>
			</Individual>
			<Individual size="1">
				<MOFitness value1="-0.088516" value2="-0.90625"/>
				<FloatingPoint size="96">	1.12185	6.74639	22.7158	21.9532	8.46189	25.7098	0.973693	28.2733	0.324352	29.3882	14.9395	24.7636	26.1095	10.9084	6.5184	6.34089	16.8055	28.5448	20.9683	25.1034	4.4803	22.0911	5.68548	9.88626	8.57938	28.7787	0.454181	13.554	29.5689	19.6668	15.4935	30.6907	26.4132	7.20926	21.644	3.87505	1.91909	22.6177	1.1483	2.24344	21.0059	16.0878	27.007	16.1154	26.9962	2.52543	22.4563	12.8017	0.070264	12.4246	6.9051	4.55056	3.51575	12.5906	14.4368	12.0951	10.3692	14.891	25.6491	8.93813	3.55776	10.1425	8.62888	29.9709	17.3518	30.2729	2.84596	19.2709	21.8905	3.99427	21.5143	11.8964	20.0821	17.5214	28.0118	16.0783	20.0468	19.4681	28.88	20.1171	0.8927	4.78512	24.6676	4.40845	17.3757	8.10444	16.5036	27.7449	22.9954	11.1527	5.68305	26.5532	21.2952	14.3119	25.5241	7.647</FloatingPoint>
			</Individual>
			<Individual size="1">
				<MOFitness value1="-0.088516" value2="-0.90625"/>
				<FloatingPoint size="96">	1.12185	6.74171	22.5482	21.9509	8.4626	25.8542	0.97844	28.2732	0.324408	29.3882	14.9172	24.7637	26.1086	10.9094	8.05406	6.34089	16.8061	28.5448	20.9683	25.1513	3.8667	22.0529	5.68455	9.88627	8.5794	28.7693	0.454416	13.5546	29.5689	19.6668	15.5174	30.6871	26.395	7.20976	21.86	3.87505	1.91755	22.6175	1.16129	3.0123	20.8118	16.0912	27.0198	16.1151	26.9985	2.52892	22.7079	12.8017	0.0944547	12.0679	6.87445	4.03687	3.51574	12.5887	14.6293	12.0949	10.3736	14.8897	25.6487	8.93813	3.55767	10.1425	8.62894	18.6395	17.4744	30.3064	2.75244	19.6502	21.8931	3.99434	21.5143	11.8964	20.5713	17.5072	28.0335	16.0783	20.0505	19.4681	28.88	20.117	24.4695	5.60769	25.0742	4.36982	17.3757	8.10463	16.3079	27.9256	22.9276	11.1069	29.0725	26.5532	21.2952	14.302	25.5222	7.64649</FloatingPoint>
			</Individual>
			<Individual size="1">
				<MOFitness value1="-0.088516" value2="-0.90625"/>
				<FloatingPoint size="96">	1.12185	6.74639	22.7158	21.9532	21.1219	25.7098	0.97188	28.2733	0.324354	29.3882	14.9395	24.7636	26.1095	10.9084	6.5184	6.34089	16.8055	28.5448	20.9683	25.1034	4.4803	22.0911	5.68548	9.88626	8.52811	28.5768	0.843422	13.554	29.5689	19.6668	15.4935	30.6907	26.4132	7.20926	21.5513	3.87505	1.91909	22.6177	1.1483	2.24344	21.0059	16.0878	27.007	16.1154	26.9962	2.52543	22.4563	12.8017	0.070264	12.4246	6.66031	4.55056	3.51575	12.5898	14.4368	12.0951	10.3692	14.891	25.6491	8.93813	3.56037	10.1425	8.62888	29.8932	27.5298	30.2729	2.84596	19.2485	21.8876	3.99427	21.5143	11.8964	20.0821	17.5214	28.0118	16.0783	20.0468	19.4681	28.88	20.4909	0.8927	4.78512	24.6676	4.40845	17.3757	8.10444	17.1004	27.7449	22.9954	11.1485	5.68305	26.5532	21.2952	14.3119	25.5241	7.64747</FloatingPoint>
			</Individual>
			<Individual size="1">
				<MOFitness value1="-0.088516" value2="-0.90625"/>
				<FloatingPoint size="96">	1.12185	6.74639	22.7158	21.9532	8.46189	25.7098	0.973693	28.2733	0.324352	29.3882	13.0324	24.7636	26.1095	10.9084	6.5184	6.34089	16.8055	28.5448	20.9683	25.1034	4.4803	22.0911	5.68548	9.88626	8.57938	29.0159	0.454181	13.554	29.5689	19.6668	15.4935	30.6907	22.1647	7.20926	21.644	3.87505	1.91909	22.4437	1.1483	2.24344	21.0059	16.0878	27.007	16.1154	26.9962	2.52543	22.4563	12.8017	0.070264	12.4246	6.9051	4.55056	3.51575	12.5906	14.4368	12.0951	10.3692	14.891	25.6491	8.93813	3.55776	10.1425	8.62888	29.9709	17.3518	30.2729	2.84596	19.2709	21.8904	3.99427	21.5143	11.8964	20.0821	17.5214	28.0118	16.0783	20.0468	19.4681	28.88	20.1171	0.8927	4.78512	24.6676	4.40845	17.3757	8.10444	16.5036	27.7449	22.9954	11.1527	5.68305	26.5582	21.2952	14.3119	25.5241	7.647</FloatingPoint>
			</Individual>
			<Individual size="1">
				<MOFitness value1="-0.088516" value2="-0.90625"/>
				<FloatingPoint size="96">	1.12185	6.74639	22.7158	21.9532	8.46189	25.7098	0.973693	28.2733	0.324352	29.3882	14.9395	24.7636	26.1095	10.9084	6.5184	6.34089	16.8055	28.5448	20.9683	25.1034	4.4803	22.0911	5.68548	9.88626	8.96153	28.7787	0.454181	13.554	29.5689	19.6668	15.4935	30.6907	26.4132	7.20926	21.644	3.87505	1.91909	22.6177	1.1483	2.24344	21.0059	16.0878	27.007	16.1154	26.9962	2.52543	22.4563	12.8017	0.070264	12.4246	6.9051	4.55056	3.51575	12.5906	19.1165	12.0951	10.3692	14.891	25.6491	8.93813	3.55776	10.1425	8.62888	29.9709	17.3518	30.2729	2.84596	19.2709	21.8905	3.99427	21.5143	11.8964	20.0821	17.5214	28.0118	16.0783	20.0468	19.4681	28.88	20.1171	0.8927	4.78512	24.6676	4.40845	17.3757	8.10444	16.5036	27.7449	22.9954	11.1527	5.68305	30.3141	21.2952	14.3119	25.5241	7.647</FloatingPoint>
			</Individual>
			<Individual size="1">
				<MOFitness value1="-0.088516" value2="-0.90625"/>
				<FloatingPoint size="96">	1.12185	6.74639	22.7158	21.9532	4.5515	25.7098	0.973693	28.2733	0.324352	29.3882	14.9395	24.7636	26.1095	10.9084	6.5184	6.34089	16.8055	28.5448	20.9683	25.1034	4.4803	22.0911	5.68548	9.88626	8.57938	28.7787	0.454181	13.554	29.5689	19.6668	15.4935	30.6907	26.4132	7.20926	21.644	3.87505	1.91909	22.6177	1.1483	2.24344	21.0059	16.0878	27.007	16.1154	26.9962	22.7053	22.4563	12.8017	0.070264	12.4246	6.9051	4.55056	3.51575	12.5906	14.4368	12.0951	10.3692	14.891	25.6491	8.93813	3.55776	10.1425	8.62888	29.9709	17.3518	30.2729	2.84596	19.2709	21.8905	3.99427	21.5143	11.8964	20.0821	17.5214	28.0118	16.0783	20.0468	19.4681	28.88	20.1171	0.8927	25.7637	24.6676	4.40845	17.3757	8.10444	16.5036	27.7449	22.9954	11.1527	5.68305	26.5532	21.2952	14.3119	25.5241	7.647</FloatingPoint>
			</Individual>
			<Individual size="1">
				<MOFitness value1="-0.088516" value2="-0.90625"/>
				<FloatingPoint size="96">	1.12185	6.74644	22.7157	21.953	8.47817	25.7154	0.974072	27.9907	0.328146	29.3882	14.9625	24.7626	26.1096	10.8073	6.5184	6.34168	16.8055	28.5448	20.3188	25.1183	4.52529	22.0902	5.68486	9.88626	8.57938	28.7786	0.454183	13.5542	29.5689	19.6646	15.4912	30.9746	26.4132	7.20833	21.7105	3.87505	1.86042	22.9924	1.1483	2.25965	15.7347	16.0901	27.007	16.1158	26.8663	14.776	22.7437	12.8368	0.0702641	12.4251	6.90508	4.55089	3.51575	12.5906	14.2571	12.0951	10.2187	14.7011	25.7456	8.93733	4.9173	10.1425	8.62883	30.3809	17.3527	30.2729	2.921	19.2286	21.8905	3.99423	21.502	11.8964	20.082	17.306	30.0852	16.0783	2.83469	12.6239	28.9323	9.57201	0.888799	4.7851	24.6678	4.40848	17.7062	8.09422	16.5034	27.7449	22.9954	21.7702	5.683	26.5502	21.2952	14.3114	25.5241	7.64784</FloatingPoint>
			</Individual>
			<Individual size="1">
				<MOFitness value1="-0.088516" value2="-0.90625"/>
				<FloatingPoint size="96">	1.12185	6.74639	22.7158	21.9532	21.1219	25.7098	0.97188	28.2733	0.324354	29.3882	14.9395	24.7636	26.1095	10.9084	6.5184	6.34089	16.8055	28.5448	20.9683	25.1034	4.4803	22.0911	5.68548	9.88626	8.52811	28.5768	0.843422	13.554	29.5689	19.6668	15.4935	30.6907	26.4132	7.20926	21.5513	3.87505	1.91909	22.6177	1.1483	2.24344	21.0059	16.0878	27.007	16.1154	26.9962	2.52543	22.4563	12.8017	0.070264	12.4246	6.66031	4.55056	3.51575	12.5898	14.4368	12.0951	10.3692	14.891	25.6491	8.93813	3.56037	10.1425	8.62888	29.8932	27.5298	30.2729	2.84596	19.2485	21.8876	3.99427	21.5143	11.8964	20.0821	17.5214	28.0118	16.0783	20.0468	19.4681	28.88	20.4909	0.8927	4.78512	24.6676	4.40845	17.3757	8.10444	17.1004	27.7449	22.9954	11.1485	5.68305	26.5532	21.2952	14.3119	25.5241	7.64747</FloatingPoint>
			</Individual>
			<Individual size="1">
				<MOFitness value1="-0.088516" value2="-0.90625"/>
				<FloatingPoint size="96">	1.12185	6.74639	22.7158	21.9532	8.46189	25.7098	2.28734	28.2733	0.324352	29.3882	14.9395	6.50691	26.1095	10.9084	6.5184	6.34089	16.8055	28.5448	20.9683	25.1034	4.4803	22.0911	5.68548	9.88626	8.57938	28.7787	0.454181	13.554	29.5689	19.6668	15.4935	30.6907	26.4132	7.20926	21.644	3.87505	1.91909	22.6177	1.1483	2.24344	21.0059	16.0878	27.007	16.1154	26.9962	2.52543	22.4563	12.8017	0.070264	12.4246	6.9051	4.55056	3.51575	12.5906	14.4368	30.0174	10.3692	14.891	25.6491	8.93813	3.55776	10.1425	8.62888	29.9709	17.354	30.2729	2.84596	19.2709	21.8905	3.99427	21.5143	11.8964	20.0821	17.5214	28.0118	16.0783	20.0468	19.4681	28.88	20.1193	0.8927	4.78512	24.6676	4.40845	17.3757	8.10444	16.5036	27.7449	22.9954	11.1527	5.68305	26.3946	21.2952	14.3119	25.5241	7.6473</FloatingPoint>
			</Individual>
			<Individual size="1">
				<MOFitness value1="-0.088516" value2="-0.90625"/>
				<FloatingPoint size="96">	1.12185	6.74639	22.7158	21.9532	8.46189	25.7098	22.3048	28.2733	0.324352	29.3882	13.1803	24.3375	26.1095	10.9084	6.5184	6.34089	16.8055	28.5448	22.6543	25.1034	4.48072	22.0893	5.68548	9.82866	8.57938	28.7723	0.454181	13.554	29.5689	19.6668	15.4935	30.6907	22.3802	17.5524	21.644	3.87505	1.91884	22.6179	14.1672	2.24344	21.0059	16.0878	27.007	16.1154	26.9962	2.52543	22.4563	12.8017	0.0702465	12.4246	6.9051	4.44883	3.51575	12.5906	14.4286	12.0951	10.3692	14.891	25.6491	8.93813	3.55776	19.2137	8.62888	29.9709	17.3518	30.2729	2.84596	19.2709	21.8905	3.99427	21.5143	11.8964	20.0821	17.5214	1.83267	16.0783	20.0468	19.5521	28.88	19.8627	0.8927	4.78512	24.6676	4.40845	17.3757	8.10444	16.5036	27.7449	22.9954	11.1527	5.68305	26.5532	21.2952	14.3119	25.5241	7.647</FloatingPoint>
			</Individual>
			<Individual size="1">
				<MOFitness value1="-0.088516" value2="-0.90625"/>
				<FloatingPoint size="96">	1.12185	6.74639	22.7158	21.9532	8.46189	25.7098	0.973693	28.2733	0.324352	29.3882	14.9395	24.7636	26.1095	10.9084	6.5184	6.34089	16.8055	28.5448	20.9683	25.1034	4.4803	22.0893	5.68548	9.88626	8.57938	28.7787	0.454181	13.554	29.5689	19.6668	15.4935	30.6907	26.4132	7.20926	21.644	3.87505	1.91909	22.6177	1.1483	2.24344	21.0059	16.0878	27.007	16.1154	26.9962	2.52543	22.4563	12.8017	0.070264	12.4246	6.9051	4.55056	3.51575	12.5906	14.4368	12.0951	10.3692	14.891	25.6491	14.8125	3.55776	10.1425	8.62888	29.9709	26.9909	30.2729	2.84596	19.2709	21.8905	3.99427	21.5143	11.8964	20.0821	17.5214	28.0118	16.0783	20.0468	19.4681	28.88	20.1171	0.8927	4.78512	24.6676	4.40845	17.3757	8.10444	16.5036	27.7449	22.9954	11.1527	5.68305	26.5532	21.2952	14.3119	25.5241	7.647</FloatingPoint>
			</Individual>
			<Individual size="1">
				<MOFitness value1="-0.088516" value2="-0.90625"/>
				<FloatingPoint size="96">	1.12185	6.74639	22.7158	21.9532	8.46189	11.9407	0.973738	28.2733	0.324352	29.3882	14.9395	24.7634	26.1095	10.9084	6.5184	6.34089	16.8055	28.5448	21.0327	25.1034	4.4803	22.0911	5.68548	9.88626	8.01038	28.7787	0.454337	13.554	29.5689	19.6668	15.4934	30.6907	26.4132	19.4787	21.644	3.87505	1.90412	22.6177	1.1483	29.4368	21.0059	16.0878	27.007	16.1411	26.9962	2.52543	22.4563	12.8017	0.070264	12.4246	6.9051	4.55056	3.51575	12.8218	14.4368	12.1085	10.3692	14.891	25.6491	8.93813	3.55776	10.1425	8.62888	28.8498	17.3527	30.2729	2.84596	19.2709	21.8905	3.99427	21.5143	11.8964	20.0821	17.3215	28.0177	15.8838	20.0468	19.4681	3.69742	20.5417	0.8927	4.81528	24.6676	4.40845	17.3757	8.07567	16.5036	27.7449	22.9954	11.1529	5.88717	26.5604	21.2952	14.3119	25.5241	16.0709</FloatingPoint>
			</Individual>
			<Individual size="1">
				<MOFitness value1="-0.088516" value2="-0.90625"/>
				<FloatingPoint size="96">	1.67516	6.74696	22.7158	21.9533	10.6983	25.6375	0.97716	28.2744	0.430306	29.7206	14.9243	24.7669	26.1104	10.9072	6.50084	6.34123	16.7964	28.5448	20.9728	25.0412	4.49053	22.0911	5.68544	9.88627	8.51584	28.6322	1.16298	13.5539	29.586	19.6666	15.4935	30.6918	26.414	7.20563	21.08	3.88264	1.92057	22.6177	1.1455	2.24344	21.1001	16.0879	27.0066	16.1421	20.4086	2.52542	22.4563	5.15231	0.0703139	12.4246	6.90489	4.551	3.52268	12.6259	15.0661	12.0951	10.6056	14.8808	25.6815	9.23801	3.79242	10.1425	8.63413	24.9555	17.2361	22.117	2.8414	19.2512	21.8584	3.9724	21.5204	26.0366	20.2476	17.5279	28.0116	16.0576	19.8477	8.07324	28.88	20.1188	0.775939	5.09229	24.5802	4.40752	17.3757	7.20327	7.72669	27.734	22.9954	11.2057	5.63153	26.5679	21.2946	14.3167	25.5235	6.02335</FloatingPoint>
			</Individual>
			<Individual size="1">
				<MOFitness value1="-0.088516" value2="-0.90625"/>
				<FloatingPoint size="96">	1.12185	6.74639	22.7158	21.9532	8.46189	6.77728	2.28472	28.2733	0.324352	29.3882	14.9395	24.0113	26.1095	10.9063	6.5184	6.34089	16.8055	28.5448	20.9683	25.1034	4.4803	22.0911	5.68548	9.88626	8.57938	28.7787	0.454181	13.554	29.5689	19.6668	15.4935	30.6907	26.4132	7.20926	21.644	3.87505	1.91909	22.6177	1.1483	2.24344	21.0059	16.0878	27.007	16.1154	26.9962	2.52543	22.4563	12.8017	0.070264	12.4246	6.9051	4.55056	3.51575	12.5906	14.4368	30.1811	10.3692	14.891	25.6491	8.93813	3.55776	10.1425	8.62888	29.9709	17.3518	30.2729	2.84596	17.5461	21.8905	3.99427	21.5143	11.8857	20.0821	17.5214	28.0118	16.0783	20.0468	19.4681	28.88	20.1193	0.8927	4.78512	24.6676	4.40845	17.3757	8.10444	16.5036	27.7449	22.9954	11.1526	5.68305	26.4005	21.2952	14.3119	25.5241	7.64717</FloatingPoint>
			</Individual>
			<Individual size="1">
				<MOFitness value1="-0.088516" value2="-0.90625"/>
				<FloatingPoint size="96">	1.12185	6.74639	22.7158	21.9532	8.46189	25.7098	0.973693	28.2733	0.324352	29.3882	14.9395	24.7636	26.1095	10.9084	6.5184	6.34089	16.8055	28.5448	20.9683	25.1034	4.4803	22.0911	5.68548	9.88626	8.57938	28.7787	0.454181	13.554	29.5689	19.6668	15.4935	30.6907	26.4132	7.20926	21.644	3.87505	1.91909	22.6177	1.1483	2.24344	21.0059	16.0878	27.007	16.1154	26.9962	2.52543	22.4563	12.8017	0.070264	12.4246	6.9051	4.55056	3.51575	12.5906	14.4368	12.0951	10.3692	14.891	25.6491	8.93813	3.55776	10.1425	8.62888	29.9709	17.3518	30.2729	2.84596	19.2709	21.8905	3.99427	21.5143	11.8964	20.0821	17.5214	28.0118	16.0783	20.0468	19.4681	28.88	20.1171	0.8927	4.78512	24.6676	4.40845	17.3757	8.10444	16.5036	27.7449	22.9954	11.1527	5.68305	19.6715	21.2952	14.3119	25.5241	7.647</FloatingPoint>
			</Individual>
			<Individual size="1">
				<MOFitness value1="-0.088516" value2="-0.90625"/>
				<FloatingPoint size="96">	1.12185	6.74639	22.7158	21.9532	8.46189	25.7098	0.973693	28.2733	0.324352	29.3882	14.9395	24.7636	26.1095	12.3731	6.5184	6.34089	16.8055	28.5448	20.9683	25.1034	4.4803	3.48164	5.68548	9.88626	8.57938	28.7787	0.454181	13.554	29.5689	19.6668	15.4935	30.6907	26.4132	7.20926	21.644	3.87505	1.91909	22.6177	1.1483	2.24344	21.0059	16.0878	27.007	16.1154	26.9962	2.52543	22.4563	12.8017	0.070264	12.4246	6.9051	4.55056	3.51575	12.5906	14.4368	12.0951	10.3692	14.891	25.6401	8.93813	3.55776	10.1425	8.62888	29.9709	17.3518	30.2729	2.86633	19.2709	21.8905	3.99427	21.5143	11.8964	20.0821	17.5214	26.15	16.0783	20.0468	19.4681	28.88	20.1171	30.0249	4.78512	24.6676	4.40845	17.3757	8.10444	16.5036	27.7449	22.9954	11.1527	5.68305	26.5532	21.2952	14.3119	25.5241	7.647</FloatingPoint>
			</Individual>
			<Individual size="1">
				<MOFitness value1="-0.088516" value2="-0.90625"/>
				<FloatingPoint size="96">	1.12866	6.74687	22.7157	21.9615	8.46661	25.7059	0.974082	28.2485	0.770845	30.0746	14.9398	23.7558	25.0987	10.9047	6.51568	6.36467	16.8057	28.1007	20.9633	25.1122	4.47638	22.09	5.68126	9.8881	2.3565	1.05975	0.438272	15.4298	29.1264	19.3579	15.273	30.9002	24.2147	7.20952	21.8262	3.87504	1.91871	22.9835	2.88828	2.24317	8.98219	16.0065	27.0069	16.5136	27.0062	2.45209	22.4584	12.8017	0.0706474	12.4231	6.98737	4.55102	3.45872	16.3457	22.7626	12.1035	1.89377	14.8408	25.7417	9.0057	3.55918	8.02028	8.62902	30.3787	17.1899	30.4195	1.81154	18.6747	21.8915	3.99451	21.505	6.44087	20.0777	17.3664	28.0809	15.9885	2.59586	19.3911	3.85346	9.05181	2.76106	4.79258	24.6697	4.40602	17.2245	7.82258	16.4995	27.7578	22.61	11.1476	5.68368	26.5535	11.0223	14.305	25.523	7.8759</FloatingPoint>
			</Individual>
			<Individual size="1">
				<MOFitness value1="-0.088516" value2="-0.90625"/>
				<FloatingPoint size="96">	1.12185	6.74647	22.5431	21.9509	8.46191	25.8536	0.979303	28.2732	0.324351	29.3882	14.9398	24.7637	26.1096	10.9084	8.03531	6.34089	16.8061	28.5448	20.9683	25.1033	4.37143	22.0934	5.68457	9.88627	8.57938	28.7693	0.45417	13.5546	29.5689	19.6668	15.4921	30.687	26.3934	7.20928	21.8598	3.87505	1.9194	22.6145	1.1481	2.24037	21.005	16.0879	27.0073	16.1151	4.25614	2.52528	22.7121	12.8017	0.069941	12.0502	6.90393	8.99771	3.51574	12.5906	14.4361	12.0952	10.3688	14.8897	25.6491	8.93813	3.55766	10.1425	8.62887	29.7461	17.3512	30.3077	2.74552	19.274	21.8931	3.99426	21.5143	11.8964	20.0992	17.5054	28.034	16.0783	20.0503	19.4681	28.88	20.3709	24.3635	4.79529	25.0826	4.36974	17.3757	8.10506	16.3082	27.92	22.9275	11.1096	5.43966	17.7395	21.2952	14.3018	25.5242	7.64649</FloatingPoint>
			</Individual>
			<Individual size="1">
				<MOFitness value1="-0.088516" value2="-0.90625"/>
				<FloatingPoint size="96">	1.12185	6.74639	22.7158	21.9532	8.46189	25.7098	0.973693	28.2733	0.324352	29.3882	14.9395	24.7636	26.1095	12.3999	6.5184	6.34089	16.8055	28.5448	20.9683	25.1034	4.4803	20.7902	5.68548	9.88626	8.51927	28.7787	0.454181	13.554	29.5689	19.6668	15.4935	30.6907	26.4132	7.20926	21.644	3.87505	1.91909	22.6177	1.1483	2.24344	21.0059	16.0878	27.007	16.1154	26.9962	2.52543	22.4563	12.8017	0.070264	12.4246	6.9051	4.55056	3.51575	12.5906	14.4368	12.0951	10.3692	14.891	25.6491	8.93813	3.55776	10.1425	8.62888	29.9709	17.3518	30.2729	2.86718	19.2709	21.8905	3.99427	21.5143	11.8964	20.0821	0.819805	27.9212	16.0734	20.0468	19.4681	28.7374	20.1171	2.57192	4.78512	24.6676	4.40845	17.3757	8.10444	16.5036	27.7449	22.9954	11.1527	5.68305	26.5532	21.2952	14.3119	25.5241	7.647</FloatingPoint>
			</Individual>
			<Individual size="1">
				<MOFitness value1="-0.088516" value2="-0.90625"/>
				<FloatingPoint size="96">	1.12168	6.90245	22.7157	21.9613	8.46152	25.7098	0.973795	28.2727	0.384608	30.084	14.928	23.7503	26.1095	10.9084	6.58481	6.34089	16.8055	28.5448	20.9683	25.1034	4.47997	22.0912	5.68332	9.88632	8.06467	29.9488	1.07042	13.4983	29.5689	19.343	15.4936	30.6934	26.4132	7.20927	21.636	3.87505	1.91913	22.6215	20.1493	2.24345	7.06173	16.0053	27.0195	16.1193	26.9964	2.5167	22.4585	12.8017	0.0406263	12.423	6.98435	4.54507	3.4608	12.4893	14.4368	12.0952	10.3672	14.9369	25.6547	8.95171	3.55888	10.1446	8.62903	29.971	17.3483	30.2729	2.63923	18.7082	21.8915	4.01695	21.5139	11.8966	20.0775	17.522	28.0729	16.091	20.0505	19.242	3.58875	20.1175	0.892701	4.7572	24.6627	4.40848	17.3757	7.81188	16.343	27.7442	22.9956	11.1527	5.6839	26.5532	21.5362	14.301	25.5943	7.86797</FloatingPoint>
			</Individual>
			<Individual size="1">
				<MOFitness value1="-0.088516" value2="-0.90625"/>
				<FloatingPoint size="96">	1.21106	6.8107	22.735	22.0096	7.79931	25.6304	1.18828	27.3346	0.625033	29.4061	13.7502	24.7137	10.0563	11.3132	6.58532	6.30206	16.3396	30.9013	17.2555	2.07744	4.67095	21.9275	17.2839	10.3346	8.34903	0.969964	0.0140838	13.6859	29.6457	19.1774	15.5005	19.2934	26.5998	14.2447	21.8724	3.87523	1.70301	30.6561	19.5478	6.86239	26.1372	16.8736	26.7577	28.0159	27.11	2.88691	22.3976	12.7765	0.970477	13.8154	6.98545	4.64226	4.6529	13.1537	6.15335	13.6233	18.4051	14.9077	25.6711	15.2934	25.3886	7.82447	8.58325	1.66307	14.629	30.1838	2.65548	7.84414	21.9285	15.8674	3.19979	10.9787	19.9679	16.4387	27.6698	16.4918	20.2873	19.2885	28.9069	10.4467	7.1372	22.0832	10.1771	5.00742	17.3752	29.5067	16.3572	26.8431	22.4839	10.8627	5.75142	26.3421	24.2504	14.3163	11.6464	14.5076</FloatingPoint>
			</Individual>
			<Individual size="1">
				<MOFitness value1="-0.088516" value2="-0.90625"/>
				<FloatingPoint size="96">	1.12185	6.74639	22.7158	21.9532	8.46189	25.7098	1.19734	28.2733	0.324352	29.3882	14.9395	24.7636	26.1095	10.9084	6.5184	6.34089	16.8055	28.5448	20.9683	25.1034	4.4803	22.0911	5.68548	9.88626	8.57938	28.7787	0.454181	13.554	29.5689	19.6668	15.4935	30.6907	26.4132	7.20926	21.644	3.87505	1.91909	22.6177	1.1483	2.24344	21.0059	16.0878	27.007	16.1154	26.9962	2.52543	22.4563	12.8017	0.070264	16.4811	6.9051	4.48246	3.51575	12.5906	14.4368	12.0951	10.3692	14.891	25.6491	8.93813	3.55776	10.1425	8.62888	29.9066	17.3518	30.2729	2.84596	19.2709	21.8905	3.99427	21.5143	11.8964	20.0821	17.5214	28.0118	16.0783	20.0468	19.4681	28.88	20.076	0.8927	4.78512	24.6676	4.40845	17.3757	8.10444	16.5036	27.7449	22.9954	19.0085	5.68305	26.5532	21.2952	14.312	25.5241	7.647</FloatingPoint>
			</Individual>
			<Individual size="1">
				<MOFitness value1="-0.088516" value2="-0.90625"/>
				<FloatingPoint size="96">	1.12185	6.74639	22.7158	21.9532	8.46189	25.7098	21.0259	28.2733	2.55212	29.3882	14.9395	24.7636	26.1095	10.9084	6.5184	6.34089	16.8055	28.5448	20.9683	25.1034	4.4803	22.0911	5.68548	9.88626	8.57938	28.7787	0.454181	13.554	29.5689	19.6668	15.4935	30.6907	26.4132	7.20926	21.644	3.87505	25.4652	22.6167	1.1483	2.24344	21.0059	16.0878	27.007	16.1154	30.8735	2.52543	22.4563	12.8017	0.070264	12.4246	6.9051	4.55056	3.51575	12.5906	14.4368	12.0951	10.3692	14.891	25.6491	8.93813	3.55776	10.1425	8.62888	29.9709	17.3518	30.2729	2.84596	19.2709	21.8905	3.99427	21.5143	11.8964	20.0821	17.5214	28.0118	15.6358	20.0468	19.4681	28.88	20.1171	0.8927	4.78512	24.6676	4.40845	17.3757	8.10444	16.5036	27.7449	22.9954	11.1527	5.68305	26.5532	21.2952	14.3119	25.5241	7.647</FloatingPoint>
			</Individual>
			<Individual size="1">
				<MOFitness value1="-0.088516" value2="-0.90625"/>
				<FloatingPoint size="96">	1.12185	6.74639	22.7158	21.9532	21.1779	25.7098	0.971912	28.2733	0.324354	29.3882	14.9395	24.7636	26.1095	10.9084	0.702928	6.34089	16.8055	28.5448	20.9683	25.1034	4.4803	22.0911	5.68548	9.88626	8.57774	28.5794	0.456535	13.554	29.5689	19.6668	15.4935	30.6907	26.4132	7.20926	21.551	3.87505	1.91909	22.6177	1.1483	2.24344	21.0059	16.0878	27.007	16.1154	26.9962	2.52543	22.4563	12.8017	0.070264	12.4246	6.90648	4.55056	3.51575	12.5898	14.4368	12.0951	10.3692	14.891	25.6491	8.93813	3.55777	10.1425	8.62888	29.8939	27.5827	30.2729	2.84596	19.2476	21.8875	3.99427	21.5143	11.8964	20.0821	17.5214	28.0118	16.0783	20.0468	19.4681	28.88	20.1164	0.8927	4.78512	24.6676	4.40845	17.3757	8.10444	17.1078	27.7449	22.9954	11.1527	5.68305	26.5532	21.2952	14.3119	25.5241	7.64698</FloatingPoint>
			</Individual>
			<Individual size="1">
				<MOFitness value1="-0.088516" value2="-0.90625"/>
				<FloatingPoint size="96">	1.12185	6.74639	22.7158	21.9532	8.62388	25.7098	0.973693	28.2733	0.222951	29.3882	14.9395	24.7636	26.1095	10.9084	6.5184	6.34089	16.8055	28.5448	20.9683	25.1034	4.4803	22.0911	5.68548	9.88626	8.57938	28.7787	0.454181	13.7488	29.5689	19.6668	15.4927	30.6907	26.4132	7.20926	21.644	3.87505	1.91909	22.6177	1.1483	2.24344	21.0059	16.0878	27.007	16.1154	26.9962	2.55837	22.4563	12.8017	0.070264	12.4246	6.9051	4.55056	3.51575	12.5906	14.4368	12.0951	10.3692	14.891	25.6491	8.93813	3.55776	10.1425	8.62888	29.9709	17.3518	30.2729	2.84596	19.2709	21.8905	3.99427	21.5143	11.8964	20.0821	26.34	28.0118	16.0783	20.0468	19.4681	28.88	20.1171	0.8927	5.39558	24.6676	4.40845	17.3757	8.10444	16.5036	27.7449	22.9954	11.1527	5.68305	26.5532	21.2952	14.3119	25.5241	7.647</FloatingPoint>
			</Individual>
			<Individual size="1">
				<MOFitness value1="-0.088516" value2="-0.90625"/>
				<FloatingPoint size="96">	1.12185	6.74639	22.7158	21.9532	8.46189	25.7069	1.38197	28.2733	2.52537	29.3882	17.7311	5.22668	14.5839	10.9109	6.5184	6.34089	16.8055	28.5448	20.9683	25.1061	4.4803	22.0801	5.68548	10.4133	8.57938	28.7787	0.454181	13.554	29.5689	19.6668	15.4935	30.6907	26.4131	7.20926	21.644	3.87505	1.89962	22.6147	1.1483	2.24344	21.0121	16.0878	27.007	16.1154	27.0883	2.52548	22.4564	12.8017	0.070264	12.4457	6.90556	4.55054	3.51575	19.293	14.4368	29.4503	10.3692	14.891	25.6491	8.93813	3.55777	10.1425	8.62888	29.9709	17.354	30.2729	2.84624	25.7774	21.8905	3.99427	21.5143	11.8964	20.0485	17.5214	28.0123	16.0783	20.0468	19.4681	28.88	20.1192	0.897684	26.5279	24.6676	4.40837	17.6657	8.10444	16.5036	27.7449	22.9954	11.1526	6.12334	26.5585	21.2952	14.324	25.5241	7.64699</FloatingPoint>
			</Individual>
			<Individual size="1">
				<MOFitness value1="-0.088516" value2="-0.90625"/>
				<FloatingPoint size="96">	1.12185	6.74639	22.7158	21.9532	8.46189	25.7098	0.973693	28.2733	0.324352	29.3882	14.9395	24.7636	26.1095	10.9084	6.5184	6.34089	16.8055	28.5448	20.9683	25.1034	4.4803	22.0911	5.68548	9.88626	8.57938	28.7787	0.454181	13.554	29.5689	19.6668	15.4935	30.6907	26.4132	7.20926	21.644	3.87505	1.91909	22.6177	1.1483	2.24344	21.0059	16.0878	27.007	16.1154	26.9962	2.52543	22.4563	12.8017	0.070264	12.4246	6.9051	4.55056	3.51575	12.5906	14.4368	12.0951	10.3692	14.891	25.6491	8.93813	3.55776	10.1425	8.62888	29.9709	2.27278	30.2729	2.84596	19.2709	21.8905	3.99427	21.5562	11.8964	20.0821	17.5214	28.0118	16.0783	20.0468	19.4681	28.88	20.1171	0.8927	4.78512	24.6676	4.40845	17.3757	8.10444	16.5036	27.7449	22.9954	11.1527	5.68305	26.5532	21.2952	14.3119	25.5241	7.647</FloatingPoint>
			</Individual>
			<Individual size="1">
				<MOFitness value1="-0.088516" value2="-0.90625"/>
				<FloatingPoint size="96">	1.12185	6.74639	22.7158	21.9532	8.46189	12.7227	0.938598	28.2733	0.324352	29.3882	14.9395	24.4988	26.1095	10.9084	6.5184	6.34089	16.8055	28.5448	20.9372	25.1034	4.4803	22.092	5.68548	9.88626	8.56843	28.7787	0.456066	13.554	29.5689	19.6668	15.4935	30.6907	26.4132	7.20926	21.644	3.87505	1.91935	22.6177	7.19684	28.0986	21.0059	16.0878	27.007	16.1154	26.9962	2.52543	22.4563	12.8017	0.070264	12.4246	6.9051	4.55056	3.51575	12.5921	14.4368	30.1461	10.3692	14.891	25.6491	8.93813	3.55776	10.1425	8.62888	28.8308	17.3624	30.2729	2.84596	19.2709	21.8905	3.99427	21.5143	11.8964	20.0821	17.5214	28.0118	16.9472	20.0468	19.4681	28.8817	20.5262	0.8927	4.78512	24.6676	4.40845	17.3757	8.10298	16.5036	27.7449	22.9954	11.1489	4.86373	26.3946	21.2952	14.3119	25.5241	7.69979</FloatingPoint>
			</Individual>
			<Individual size="1">
				<MOFitness value1="-0.088516" value2="-0.90625"/>
				<FloatingPoint size="96">	1.12185	6.74639	22.7158	21.9532	8.62388	25.7098	0.973693	28.2733	0.222951	29.3882	14.9395	24.7636	26.1095	10.9084	6.5184	6.34089	16.8055	28.5448	20.9683	25.1034	4.4803	22.0911	5.68548	9.88626	8.57938	28.7787	0.454181	13.7488	29.5689	19.6668	15.4927	30.6907	26.4132	7.20926	21.644	3.87505	1.91909	22.6177	1.1483	2.24344	21.0059	16.0878	27.007	16.1154	26.9962	2.55837	22.4563	12.8017	0.070264	12.4246	6.9051	4.55056	3.51575	12.5906	14.4368	12.0951	10.3692	14.891	25.6491	8.93813	3.55776	10.1425	8.62888	29.9709	17.3518	30.2729	2.84596	19.2709	21.8905	3.99427	21.5143	11.8964	20.0821	26.34	28.0118	16.0783	20.0468	19.4681	28.88	20.1171	0.8927	5.39558	24.6676	4.40845	17.3757	8.10444	16.5036	27.7449	22.9954	11.1527	5.68305	26.5532	21.2952	14.3119	25.5241	7.647</FloatingPoint>
			</Individual>
			<Individual size="1">
				<MOFitness value1="-0.088516" value2="-0.90625"/>
				<FloatingPoint size="96">	1.12185	6.74171	22.5482	21.9509	8.4626	25.8542	0.97844	28.2732	0.324408	29.3882	14.9172	24.7637	26.1086	10.9094	8.05406	6.34089	16.8061	28.5448	20.9683	25.1513	3.8667	22.0529	5.68455	9.88627	8.5794	28.7693	0.454416	13.5546	29.5689	19.6668	15.5174	30.6871	26.395	7.20976	21.86	3.87505	1.91755	22.6175	1.16129	3.0123	20.8118	16.0912	27.0198	16.1151	26.9985	2.52892	22.7079	12.8017	0.0944547	12.0679	6.87445	4.03687	3.51574	12.5887	14.6293	12.0949	10.3736	14.8897	25.6487	8.93813	3.55767	10.1425	8.62894	18.6395	17.4744	30.3064	2.75244	19.6502	21.8931	3.99434	21.5143	11.8964	20.5713	17.5072	28.0335	16.0783	20.0505	19.4681	28.88	20.117	24.4695	5.60769	25.0742	4.36982	17.3757	8.10463	16.3079	27.9256	22.9276	11.1069	29.0725	26.5532	21.2952	14.302	25.5222	7.64649</FloatingPoint>
			</Individual>
			<Individual size="1">
				<MOFitness value1="-0.088516" value2="-0.90625"/>
				<FloatingPoint size="96">	1.12185	6.74639	22.7158	21.9532	8.46189	25.7098	0.97371	28.2733	0.324352	29.3882	14.9395	24.7636	26.1095	10.9084	6.5184	6.34089	16.8055	28.5448	20.9683	25.1034	4.4803	22.0911	5.68548	9.88626	1.60898	28.7787	12.9059	13.554	29.5689	19.6668	15.4935	30.6907	26.4132	7.20926	21.644	3.87505	0.83148	22.6177	1.1483	2.24344	21.0059	16.0878	27.007	16.1154	26.9962	2.52543	22.4563	12.8017	0.070264	12.4246	6.9051	4.55056	3.51575	12.5906	14.4368	12.0951	10.3692	14.891	25.6491	8.93813	3.55776	10.1425	8.62888	29.9679	17.3518	30.2729	2.84596	19.2709	21.8905	3.99427	21.5143	11.8964	20.0821	17.5214	28.0118	16.0783	20.0468	19.4681	29.2088	30.8069	0.8927	4.78512	24.6676	4.40845	17.3757	8.10444	16.5036	27.7449	22.9954	11.1492	23.0135	26.5532	21.2952	14.3119	25.5241	7.647</FloatingPoint>
			</Individual>
			<Individual size="1">
				<MOFitness value1="-0.088516" value2="-0.90625"/>
				<FloatingPoint size="96">	1.12173	6.7464	22.7172	22.4255	8.46189	25.7098	1.0014	28.2769	0.206526	30.8208	15.0264	24.7632	26.1304	10.9084	6.5162	6.34085	16.8055	28.5448	20.9684	25.1038	4.48128	22.0262	4.92604	9.88629	8.5598	5.43015	0.475825	13.5536	29.5668	19.6575	15.4934	30.6907	26.9975	7.20926	21.644	3.87586	1.93612	8.023	1.14809	2.24477	21.0058	15.8878	27.0022	16.1154	26.9988	2.52535	22.4563	12.7892	0.0706149	12.4246	6.90636	9.09023	3.52032	12.5906	14.2282	12.327	10.3691	15.4151	25.4837	8.93813	3.55809	26.1932	8.62886	29.9602	17.3518	30.2728	2.84596	19.365	21.86	3.9937	21.5143	11.8964	20.1052	18.0259	28.0118	16.0783	20.0466	19.0682	28.88	20.1171	0.89268	4.7725	24.6676	4.35605	17.3756	8.10445	17.0766	27.7452	23.0186	11.153	5.66484	26.5532	21.2952	14.3084	25.5243	7.64329</FloatingPoint>
			</Individual>
			<Individual size="1">
				<MOFitness value1="-0.088516" value2="-0.90625"/>
				<FloatingPoint size="96">	1.12185	6.74639	22.7158	21.9532	8.46189	25.7098	0.973693	28.2733	0.324352	29.3882	14.9395	24.7636	26.1095	10.9084	6.5184	6.34089	16.8055	28.5448	20.9683	25.1034	4.4803	21.9852	5.68548	9.88626	8.57938	28.7787	0.454181	13.554	29.5689	19.6668	15.4935	30.6907	26.4132	7.20926	21.644	3.87505	1.91909	22.6177	1.1483	2.24344	21.0059	16.0878	27.007	16.1154	26.9962	2.52543	22.4563	12.8017	0.070264	12.4246	6.9051	4.55056	3.51575	12.5906	14.4368	12.0951	10.3692	14.891	25.6491	8.93813	3.55776	10.1425	8.62888	29.9709	27.4604	30.2729	2.84596	19.2709	21.8905	3.99427	21.5143	11.8964	20.0821	17.5214	28.0118	16.0783	20.0468	19.4681	28.88	19.7262	0.8927	4.78512	24.6676	4.40845	17.3757	8.10444	16.5036	27.7449	22.9954	11.1527	5.68305	26.5532	21.2952	14.3119	25.5241	17.1426</FloatingPoint>
			</Individual>
			<Individual size="1">
				<MOFitness value1="-0.088516" value2="-0.90625"/>
				<FloatingPoint size="96">	1.12185	6.74639	22.7158	21.9532	8.46189	25.7098	0.97371	28.2733	0.324352	29.3882	14.9395	24.7636	26.1095	10.9084	6.5184	6.34089	16.8055	28.5448	20.9683	25.1034	4.4803	22.0911	5.65657	9.88626	1.85377	28.7787	13.0485	13.554	29.5689	19.6668	15.4935	30.6907	26.4132	7.20926	21.644	3.87505	1.93703	22.6177	1.1483	2.24344	21.0059	16.0878	27.007	16.1154	26.9962	2.52543	6.66572	12.8017	0.070264	12.4246	6.9051	4.55056	3.51642	12.5906	14.4923	12.0951	10.3692	14.891	25.6491	8.93813	3.55776	4.56799	8.62888	29.9676	17.3518	30.2729	2.84596	19.2709	21.8905	3.99427	21.5143	11.8964	20.0821	17.5214	28.0118	16.0783	20.0468	19.4681	29.2172	20.1717	0.8927	4.78512	24.6676	4.40845	17.3757	8.10444	16.5036	27.7449	22.9954	11.1493	5.79191	26.5532	21.2952	14.3119	25.5241	7.647</FloatingPoint>
			</Individual>
			<Individual size="1">
				<MOFitness value1="-0.088516" value2="-0.90625"/>
				<FloatingPoint size="96">	1.12185	6.74639	22.7158	21.9532	8.46189	25.7098	0.973693	28.2733	0.224054	29.3882	14.9395	24.7636	26.1095	10.9084	6.5184	6.34089	16.8055	28.5448	20.9683	25.1034	4.4803	22.0911	5.68548	9.88626	8.57938	28.7787	0.454181	2.66574	29.5689	19.6668	15.503	30.6907	26.4132	7.20926	21.644	3.87505	1.91909	22.6177	1.1483	2.24344	21.0059	16.0878	27.007	16.1154	26.9962	2.52543	22.4563	12.8017	0.070264	12.4246	6.9051	4.55056	3.51575	12.5906	14.4368	12.0951	10.3692	14.891	25.6491	8.93813	3.55776	10.1425	8.62888	29.9709	17.3518	30.2729	2.84596	19.2709	21.8905	3.99427	21.5143	11.8964	20.0821	17.5214	28.0118	16.0783	20.0468	19.4681	28.88	20.1171	0.8927	4.78512	24.6676	4.40845	17.3757	8.10444	16.5036	27.7449	22.9954	11.1527	5.68305	26.5532	21.2952	14.3119	25.5241	7.647</FloatingPoint>
			</Individual>
			<Individual size="1">
				<MOFitness value1="-0.088516" value2="-0.90625"/>
				<FloatingPoint size="96">	1.12185	6.74639	22.7158	21.9532	8.46189	25.7098	2.28734	28.2733	0.324352	29.3882	14.9395	6.50691	26.1095	10.9084	6.5184	6.34089	16.8055	28.5448	20.9683	25.1034	4.4803	22.0911	5.68548	9.88626	8.57938	28.7787	0.454181	13.554	29.5689	19.6668	15.4935	30.6907	26.4132	7.20926	21.644	3.87505	1.91909	22.6177	1.1483	2.24344	21.0059	16.0878	27.007	16.1154	26.9962	2.52543	22.4563	12.8017	0.070264	12.4246	6.9051	4.55056	3.51575	12.5906	14.4368	30.0174	10.3692	14.891	25.6491	8.93813	3.55776	10.1425	8.62888	29.9709	17.354	30.2729	2.84596	19.2709	21.8905	3.99427	21.5143	11.8964	20.0821	17.5214	28.0118	16.0783	20.0468	19.4681	28.88	20.1193	0.8927	4.78512	24.6676	4.40845	17.3757	8.10444	16.5036	27.7449	22.9954	11.1527	5.68305	26.3946	21.2952	14.3119	25.5241	7.6473</FloatingPoint>
			</Individual>
			<Individual size="1">
				<MOFitness value1="-0.088516" value2="-0.90625"/>
				<FloatingPoint size="96">	1.12185	6.74639	22.7158	21.9532	8.46189	25.7098	0.973693	28.2733	0.324352	29.3882	14.9395	24.7636	26.1095	10.9084	6.5184	6.34089	16.8055	28.5448	20.9683	25.1034	13.4417	22.0911	5.68548	9.88626	8.57938	28.7787	0.454181	13.554	29.5689	19.6668	15.1279	30.6907	26.4132	7.20926	21.644	3.87505	1.91909	22.6177	1.1483	2.24344	21.0059	16.0878	27.007	16.1154	26.9962	2.52543	22.4563	12.8017	0.070264	12.4246	6.9051	4.55056	3.51575	12.5906	14.4368	12.0951	10.3692	14.891	25.6491	8.93813	3.55776	10.1425	8.62888	29.9709	17.3518	30.2729	2.84596	19.2709	21.8905	3.99427	21.5143	11.8964	20.0821	17.5214	28.0118	16.0783	20.0468	19.4681	28.88	20.1171	0.8927	4.78512	24.6676	4.40845	17.3757	8.10444	16.5036	27.7449	22.9954	11.1527	5.68305	26.5532	21.2952	14.3119	25.5241	7.647</FloatingPoint>
			</Individual>
			<Individual size="1">
				<MOFitness value1="-0.088516" value2="-0.90625"/>
				<FloatingPoint size="96">	1.12185	6.74639	22.7158	21.9532	8.46189	25.7098	0.973693	28.2733	0.324351	29.3882	14.9395	24.7636	26.1095	10.9084	6.5184	6.34089	16.8055	28.5448	20.9683	25.1034	4.4803	22.0911	5.68548	9.88626	8.79592	28.7787	0.454181	13.5539	29.5689	19.6668	15.4935	30.6907	26.4132	7.20926	21.644	3.87505	1.91909	22.6177	1.1483	2.24344	21.0059	16.0878	27.007	16.1154	26.9962	2.52543	22.4563	12.8017	0.070264	12.4246	6.9051	4.55056	3.51575	12.6078	14.4368	12.0951	10.3692	14.891	25.6491	8.93813	3.55776	10.1425	8.62888	29.9709	17.2391	22.2744	2.84596	19.2705	21.8905	3.99427	21.5143	11.8964	20.0821	17.5214	28.0118	16.0783	20.0468	19.4681	28.88	20.1171	0.8927	4.78512	24.6676	12.4838	17.3757	8.10444	8.35647	27.7449	22.9954	11.1527	5.68305	26.5532	21.2952	14.3119	25.5241	7.63892</FloatingPoint>
			</Individual>
			<Individual size="1">
				<MOFitness value1="-0.088516" value2="-0.90625"/>
				<FloatingPoint size="96">	1.12185	6.74639	22.7158	21.9532	8.46189	25.7098	0.926412	28.2733	0.324352	29.3882	14.9395	24.8084	26.1095	10.9084	6.5184	6.34089	16.8055	28.5448	20.9683	25.1034	4.4803	21.8972	5.68548	9.88626	8.57938	28.7787	0.454181	13.554	29.5689	19.6668	15.4935	30.6907	26.4132	7.20926	21.644	3.87505	1.91909	22.6177	1.1483	2.24344	21.0059	16.0878	27.007	16.1154	26.9962	2.52543	22.4563	12.8017	0.070264	12.4246	6.9051	4.55056	3.51575	7.85254	14.4368	12.1353	10.3692	14.891	25.6491	8.93813	3.55776	10.1425	8.62888	29.9709	17.3539	30.2729	2.84596	19.2709	21.8905	3.99427	21.5143	11.8964	20.0821	17.5214	28.0118	16.0783	20.0468	19.4681	28.88	20.1173	0.8927	4.78512	24.6676	4.40845	30.1173	8.10444	16.5036	27.7449	22.9954	11.1527	5.68305	26.5508	21.2952	14.3119	25.5241	7.647</FloatingPoint>
			</Individual>
			<Individual size="1">
				<MOFitness value1="-0.088516" value2="-0.90625"/>
				<FloatingPoint size="96">	1.12185	6.74639	22.7158	21.9532	8.46189	25.7098	22.3048	28.2733	0.324352	29.3882	13.1803	24.3375	26.1095	10.9084	6.5184	6.34089	16.8055	28.5448	22.6543	25.1034	4.48072	22.0893	5.68548	9.82866	8.57938	28.7723	0.454181	13.554	29.5689	19.6668	15.4935	30.6907	22.3802	17.5524	21.644	3.87505	1.91884	22.6179	14.1672	2.24344	21.0059	16.0878	27.007	16.1154	26.9962	2.52543	22.4563	12.8017	0.0702465	12.4246	6.9051	4.44883	3.51575	12.5906	14.4286	12.0951	10.3692	14.891	25.6491	8.93813	3.55776	19.2137	8.62888	29.9709	17.3518	30.2729	2.84596	19.2709	21.8905	3.99427	21.5143	11.8964	20.0821	17.5214	1.83267	16.0783	20.0468	19.5521	28.88	19.8627	0.8927	4.78512	24.6676	4.40845	17.3757	8.10444	16.5036	27.7449	22.9954	11.1527	5.68305	26.5532	21.2952	14.3119	25.5241	7.647</FloatingPoint>
			</Individual>
			<Individual size="1">
				<MOFitness value1="-0.088516" value2="-0.90625"/>
				<FloatingPoint size="96">	1.12185	6.74639	22.7158	21.9532	8.46189	25.7098	0.973693	28.2733	0.324352	29.3882	14.9395	24.7636	26.1095	10.9084	6.5184	6.34089	16.8055	28.5448	20.9683	25.1034	4.4803	22.0911	5.68548	9.88626	8.57938	28.7787	0.454181	13.554	29.5689	19.6668	15.4935	30.6907	26.4132	7.20926	21.644	3.87505	1.91909	22.6177	1.1483	2.24344	21.0059	16.0878	27.007	16.1154	26.9962	2.52543	22.4563	12.8017	0.070264	12.4246	6.9051	4.55056	3.51575	12.5906	14.4368	12.0951	10.3692	14.891	25.6491	8.93813	3.55776	10.1425	8.62888	29.9709	17.3518	30.2729	2.84596	19.2709	21.8905	3.99427	21.5143	11.8964	20.0821	17.5214	28.0118	16.0783	20.0468	19.4681	28.88	20.1171	0.8927	4.78512	24.6676	4.40845	17.3757	8.10444	16.5036	27.7449	22.9954	11.1527	5.68305	26.5532	21.2952	14.3119	25.5241	7.647</FloatingPoint>
			</Individual>
			<Individual size="1">
				<MOFitness value1="-0.088516" value2="-0.90625"/>
				<FloatingPoint size="96">	1.12185	6.74639	22.7158	21.9532	8.46189	25.7098	0.973693	28.2733	0.224054	29.3882	14.9395	24.7636	26.1095	10.9084	6.5184	6.34089	16.8055	28.5448	20.9683	25.1034	4.4803	22.0911	5.68548	9.88626	8.57938	28.7787	0.454181	2.66574	29.5689	19.6668	15.503	30.6907	26.4132	7.20926	21.644	3.87505	1.91909	22.6177	1.1483	2.24344	21.0059	16.0878	27.007	16.1154	26.9962	2.52543	22.4563	12.8017	0.070264	12.4246	6.9051	4.55056	3.51575	12.5906	14.4368	12.0951	10.3692	14.891	25.6491	8.93813	3.55776	10.1425	8.62888	29.9709	17.3518	30.2729	2.84596	19.2709	21.8905	3.99427	21.5143	11.8964	20.0821	17.5214	28.0118	16.0783	20.0468	19.4681	28.88	20.1171	0.8927	4.78512	24.6676	4.40845	17.3757	8.10444	16.5036	27.7449	22.9954	11.1527	5.68305	26.5532	21.2952	14.3119	25.5241	7.647</FloatingPoint>
			</Individual>
			<Individual size="1">
				<MOFitness value1="-0.088516" value2="-0.90625"/>
				<FloatingPoint size="96">	1.134	6.74933	21.8396	21.9532	8.45897	25.7098	0.973666	28.2733	0.325976	29.3881	14.9395	24.7622	26.1095	10.9021	6.51882	6.30151	16.806	28.5448	20.9657	25.1047	4.48029	22.0757	5.68545	9.88636	8.57956	28.8034	14.5777	13.5559	29.5648	19.9462	15.4916	30.6924	26.4132	7.21321	21.8018	3.8653	1.92036	22.6179	1.13745	2.2388	21.0059	16.1851	27.9983	16.1154	26.9962	2.55312	22.4487	12.8428	0.0662419	12.4243	6.9051	4.5503	3.51551	12.5906	14.4345	13.5855	10.3881	14.8922	6.27715	8.93813	2.95847	10.1425	16.1624	29.9699	17.3523	30.2691	2.84151	19.2692	21.8905	3.98084	21.3404	11.8964	20.079	17.5213	28.0372	16.0782	20.0472	19.4822	28.8769	20.1194	6.98618	4.78321	24.8152	4.57695	17.3757	7.42547	16.5036	27.7449	22.9951	11.4114	5.65464	26.5796	21.2952	14.2365	25.5327	7.64972</FloatingPoint>
			</Individual>
			<Individual size="1">
				<MOFitness value1="-0.088516" value2="-0.90625"/>
				<FloatingPoint size="96">	1.12185	6.74639	22.7158	21.9532	8.46189	25.7098	0.973693	28.2733	0.224054	29.3882	14.9395	24.7636	26.1095	10.9084	6.5184	6.34089	16.8055	28.5448	20.9683	25.1034	4.4803	22.0911	5.68548	9.88626	8.57938	28.7787	0.454181	2.66574	29.5689	19.6668	15.503	30.6907	26.4132	7.20926	21.644	3.87505	1.91909	22.6177	1.1483	2.24344	21.0059	16.0878	27.007	16.1154	26.9962	2.52543	22.4563	12.8017	0.070264	12.4246	6.9051	4.55056	3.51575	12.5906	14.4368	12.0951	10.3692	14.891	25.6491	8.93813	3.55776	10.1425	8.62888	29.9709	17.3518	30.2729	2.84596	19.2709	21.8905	3.99427	21.5143	11.8964	20.0821	17.5214	28.0118	16.0783	20.0468	19.4681	28.88	20.1171	0.8927	4.78512	24.6676	4.40845	17.3757	8.10444	16.5036	27.7449	22.9954	11.1527	5.68305	26.5532	21.2952	14.3119	25.5241	7.647</FloatingPoint>
			</Individual>
			<Individual size="1">
				<MOFitness value1="-0.088516" value2="-0.90625"/>
				<FloatingPoint size="96">	1.12185	6.74639	22.7158	21.9532	8.46189	25.7098	0.973693	28.2733	0.324352	29.3882	14.9395	24.7636	26.1095	10.9084	6.5184	6.34089	16.8055	28.5448	20.9683	25.1034	4.4803	22.0911	5.68548	9.88626	8.57938	28.7787	0.454181	13.554	29.5689	19.6668	15.4935	30.6907	26.4132	7.20926	21.644	3.87505	1.91909	22.6177	1.1483	2.24344	21.0059	16.0878	27.007	16.1154	26.9962	2.52543	22.4563	12.8017	0.070264	12.4246	6.9051	4.55056	3.51575	12.5906	14.4368	12.0951	10.3692	14.891	25.6491	8.93813	3.55776	10.1425	8.62888	29.9709	17.3518	30.2729	2.84596	19.2709	21.8905	3.99427	21.5143	11.8964	20.0821	17.5214	28.0118	16.0783	20.0468	19.4681	28.88	20.1171	0.8927	4.78512	24.6676	4.40845	17.3757	8.10444	16.5036	27.7449	22.9954	11.1527	5.68305	26.5532	21.2952	14.3119	25.5241	7.647</FloatingPoint>
			</Individual>
			<Individual size="1">
				<MOFitness value1="-0.088516" value2="-0.90625"/>
				<FloatingPoint size="96">	1.12185	6.74639	22.7158	21.9532	8.46189	25.7098	0.973693	28.2733	0.324352	29.3882	14.9395	24.7636	26.1095	10.9084	6.5184	6.34089	16.8055	28.5448	20.9683	25.1034	13.4417	22.0911	5.68548	9.88626	8.57938	28.7787	0.454181	13.554	29.5689	19.6668	15.1279	30.6907	26.4132	7.20926	21.644	3.87505	1.91909	22.6177	1.1483	2.24344	21.0059	16.0878	27.007	16.1154	26.9962	2.52543	22.4563	12.8017	0.070264	12.4246	6.9051	4.55056	3.51575	12.5906	14.4368	12.0951	10.3692	14.891	25.6491	8.93813	3.55776	10.1425	8.62888	29.9709	17.3518	30.2729	2.84596	19.2709	21.8905	3.99427	21.5143	11.8964	20.0821	17.5214	28.0118	16.0783	20.0468	19.4681	28.88	20.1171	0.8927	4.78512	24.6676	4.40845	17.3757	8.10444	16.5036	27.7449	22.9954	11.1527	5.68305	26.5532	21.2952	14.3119	25.5241	7.647</FloatingPoint>
			</Individual>
			<Individual size="1">
				<MOFitness value1="-0.088516" value2="-0.90625"/>
				<FloatingPoint size="96">	1.12185	6.74639	22.7158	21.9532	8.46189	25.7098	21.5634	28.2733	0.300317	29.3882	14.9395	24.7636	26.1095	10.9084	6.5184	6.34089	16.8055	28.5448	20.9683	25.1034	4.4803	22.0911	5.68548	9.88626	8.57938	28.7787	0.454181	13.554	29.5689	19.6668	15.4935	30.6907	26.4132	7.20926	21.644	3.87505	25.9894	22.6177	1.1483	2.24344	21.0059	16.0878	27.007	16.1154	30.9188	2.52543	22.4563	12.8017	0.070264	12.4246	6.9051	4.55056	3.51575	12.5906	14.4368	12.0951	10.3692	14.891	25.6491	8.93813	1.76917	10.1425	8.62888	29.9709	2.17221	30.2729	2.84596	19.2709	21.8905	3.99427	21.5567	11.8964	20.0821	17.5214	28.0118	15.6344	20.0468	19.4681	28.88	20.1171	0.8927	4.78512	24.6676	4.40845	17.3757	8.10444	16.5036	27.7449	22.9954	11.1527	5.68305	26.5532	21.2952	14.3119	25.5241	7.647</FloatingPoint>
			</Individual>
			<Individual size="1">
				<MOFitness value1="-0.088516" value2="-0.90625"/>
				<FloatingPoint size="96">	1.11872	6.74402	22.7158	21.9427	9.58793	25.5379	8.9865	28.2745	0.324354	29.3793	15.2164	25.21	26.0874	10.909	6.51842	6.54114	16.8052	28.5452	20.9676	25.4823	4.52039	22.09	6.34761	9.89014	8.57944	28.3079	0.274905	13.545	29.569	19.7521	15.4918	30.7026	26.4276	7.41963	21.7186	3.87459	1.80695	2.31729	1.14815	2.16566	15.99	16.087	27.1237	16.1156	30.6096	14.1962	22.7179	12.801	0.0702678	11.6203	6.89787	4.56025	3.17025	12.6666	14.2576	12.0831	10.3747	14.6951	21.8799	8.93574	4.93321	10.1425	8.62886	2.01049	17.4628	30.2694	2.84568	19.2805	21.8911	4.09352	21.4899	11.9141	20.1206	17.1843	28.0602	16.0786	8.06267	19.3542	29.253	20.0016	0.895667	4.78678	24.6564	4.39937	17.6995	9.20221	16.5017	27.7451	22.9944	21.002	5.74358	19.6582	21.2593	14.3153	25.5177	7.85051</FloatingPoint>
			</Individual>
			<Individual size="1">
				<MOFitness value1="-0.088516" value2="-0.90625"/>
				<FloatingPoint size="96">	1.12185	6.74639	22.7158	21.9532	8.46189	25.7098	0.97371	28.2733	0.324352	29.3882	14.9395	24.7636	26.1095	10.9084	6.5184	6.34089	16.8055	28.5448	20.9683	25.1034	4.4803	22.0911	5.68548	9.88626	1.60898	28.7787	12.9059	13.554	29.5689	19.6668	15.4935	30.6907	26.4132	7.20926	21.644	3.87505	0.83148	22.6177	1.1483	2.24344	21.0059	16.0878	27.007	16.1154	26.9962	2.52543	22.4563	12.8017	0.070264	12.4246	6.9051	4.55056	3.51575	12.5906	14.4368	12.0951	10.3692	14.891	25.6491	8.93813	3.55776	10.1425	8.62888	29.9679	17.3518	30.2729	2.84596	19.2709	21.8905	3.99427	21.5143	11.8964	20.0821	17.5214	28.0118	16.0783	20.0468	19.4681	29.2088	30.8069	0.8927	4.78512	24.6676	4.40845	17.3757	8.10444	16.5036	27.7449	22.9954	11.1492	23.0135	26.5532	21.2952	14.3119	25.5241	7.647</FloatingPoint>
			</Individual>
			<Individual size="1">
				<MOFitness value1="-0.088516" value2="-0.90625"/>
				<FloatingPoint size="96">	1.12185	6.74639	22.7158	21.9532	8.46189	25.7098	0.973693	28.2733	0.224054	29.3882	14.9395	24.7636	26.1095	10.9084	6.5184	6.34089	16.8055	28.5448	20.9683	25.1034	4.4803	22.0911	5.68548	9.88626	8.57938	28.7787	0.454181	2.66574	29.5689	19.6668	15.503	30.6907	26.4132	7.20926	21.644	3.87505	1.91909	22.6177	1.1483	2.24344	21.0059	16.0878	27.007	16.1154	26.9962	2.52543	22.4563	12.8017	0.070264	12.4246	6.9051	4.55056	3.51575	12.5906	14.4368	12.0951	10.3692	14.891	25.6491	8.93813	3.55776	10.1425	8.62888	29.9709	17.3518	30.2729	2.84596	19.2709	21.8905	3.99427	21.5143	11.8964	20.0821	17.5214	28.0118	16.0783	20.0468	19.4681	28.88	20.1171	0.8927	4.78512	24.6676	4.40845	17.3757	8.10444	16.5036	27.7449	22.9954	11.1527	5.68305	26.5532	21.2952	14.3119	25.5241	7.647</FloatingPoint>
			</Individual>
			<Individual size="1">
				<MOFitness value1="-0.088516" value2="-0.90625"/>
				<FloatingPoint size="96">	1.12185	6.74639	22.7158	21.9532	8.46189	25.7098	0.974304	28.2733	0.324352	29.3882	14.9395	24.7636	26.1095	10.9084	6.5184	6.34089	16.8055	28.5448	20.9683	25.1034	4.4803	22.0911	5.68548	9.88626	8.57938	28.7787	0.454181	13.554	29.5689	19.6668	15.4935	30.6907	26.4132	7.20926	21.644	3.87505	1.91909	22.6177	1.1483	2.24344	21.0059	16.0878	27.007	16.1154	26.9962	2.52543	22.4563	12.8017	0.070264	12.4246	6.9051	4.55056	3.51575	12.5906	14.4368	12.0951	10.3692	14.891	25.6491	8.93813	3.55776	10.1425	8.62888	29.894	17.3518	30.2729	2.84596	19.2709	8.81648	3.99427	21.5143	11.8964	20.0821	17.5214	28.0118	4.85513	20.0468	19.4681	28.88	20.4641	0.8927	4.78512	24.6676	4.40845	17.3757	8.10444	16.5036	27.7449	22.9954	11.1527	5.68305	26.5532	21.2952	14.3119	25.5241	7.647</FloatingPoint>
			</Individual>
			<Individual size="1">
				<MOFitness value1="-0.088516" value2="-0.90625"/>
				<FloatingPoint size="96">	1.12185	6.74639	22.7158	21.9532	8.46189	25.7098	0.973693	28.2733	0.324352	29.3882	14.9395	24.7636	26.1095	10.9084	6.5184	6.34089	16.8055	28.5448	20.9683	25.1034	4.4803	22.0911	5.68548	9.88626	8.57938	28.7787	0.454181	13.554	29.5689	19.6668	15.4935	30.6907	26.4132	7.20926	21.644	3.87505	1.91909	22.6177	1.1483	2.24344	21.0059	16.0878	27.007	16.1154	26.9962	2.52543	22.4563	12.8017	0.070264	12.4246	6.9051	4.55056	3.51575	12.5906	14.4368	12.0951	10.3692	14.891	25.6491	8.93813	3.55776	10.1425	8.62888	29.9709	17.3518	30.2729	2.84596	19.2709	21.8905	3.99427	21.5143	11.8964	20.0821	17.5214	28.0118	16.0783	20.0468	19.4681	28.88	20.1171	0.8927	4.78512	24.6676	4.40845	17.3757	8.10444	16.5036	27.7449	22.9954	11.1527	5.68305	26.5532	21.2952	14.3119	25.5241	7.647</FloatingPoint>
			</Individual>
			<Individual size="1">
				<MOFitness value1="-0.088516" value2="-0.90625"/>
				<FloatingPoint size="96">	1.12185	6.7464	22.7158	21.953	8.46266	25.7098	0.974048	28.2861	0.324391	29.3882	14.9402	24.7645	26.1095	10.9045	6.5184	6.34091	16.8055	28.5448	20.9601	25.1193	4.48089	22.0911	5.68563	9.88626	8.58765	28.7786	2.18643	13.5541	29.5689	19.6668	15.4935	30.6907	26.4132	7.20925	21.7094	3.87505	1.91731	22.6222	23.4354	28.9521	20.8434	16.0902	27.007	16.1154	26.9902	2.78306	22.2907	12.8011	0.0702641	12.4246	6.90508	4.55056	3.51642	12.6506	14.2599	12.0951	10.3691	14.708	25.6489	8.93814	3.73315	10.0028	8.62883	28.8942	17.3527	30.2729	2.84811	19.2289	21.8905	3.99427	21.5143	11.8964	20.0821	17.3065	28.0531	16.0966	20.4548	19.3508	28.9283	20.5877	0.888295	4.78512	24.6676	4.40845	17.3755	8.10397	16.5036	27.7449	22.9955	11.1632	3.69871	26.5525	21.2952	14.3119	25.5241	7.64702</FloatingPoint>
			</Individual>
			<Individual size="1">
				<MOFitness value1="-0.088516" value2="-0.90625"/>
				<FloatingPoint size="96">	1.12185	6.74639	22.7158	21.9532	8.46189	25.7098	0.973693	28.2733	0.324352	29.3882	14.9395	24.7636	26.1095	10.9084	6.5184	6.34089	16.8055	28.5448	20.9683	25.1034	4.4803	14.9475	5.68548	9.88626	8.57938	28.7787	0.454181	13.554	29.5689	19.6668	15.4935	30.6907	26.4132	7.20926	21.644	3.87505	1.91909	22.6177	1.1483	2.24344	21.0059	16.0878	27.007	16.1154	26.9962	2.52543	22.4563	12.8017	0.070264	12.4246	6.9051	4.55056	3.51575	12.5906	14.4368	12.0951	10.3692	14.891	25.6491	8.93813	3.55776	10.1425	8.62888	29.9709	17.3518	30.2729	2.84596	19.2709	21.8905	3.99427	21.5143	11.8964	20.0821	17.5214	28.0118	16.0783	20.0468	19.4681	28.88	20.1171	0.8927	4.78512	24.6676	4.40845	30.2197	8.10444	16.5036	27.7449	22.9954	11.1527	5.68305	26.5532	21.2952	14.3119	25.5241	7.647</FloatingPoint>
			</Individual>
			<Individual size="1">
				<MOFitness value1="-0.088516" value2="-0.90625"/>
				<FloatingPoint size="96">	1.12185	6.74639	22.7158	21.9532	8.46189	25.7098	0.973692	28.2733	0.324352	29.3882	14.9395	24.7636	26.1095	10.9084	6.5184	6.34089	16.8055	28.5448	20.9683	25.1034	4.4803	22.0911	5.65711	9.88626	8.42951	28.7787	12.6202	13.554	29.5689	19.6668	15.4935	30.6907	26.4132	7.20926	21.644	3.87505	1.93558	22.6177	1.1483	2.24344	21.0059	16.0878	27.007	16.1154	26.9962	2.52543	22.2665	12.8017	0.070264	12.4246	6.9051	4.55056	3.51642	12.5906	14.4356	12.0951	10.3692	14.891	25.6491	8.93813	3.55776	10.002	8.62888	29.9674	17.3518	30.2729	2.84596	19.2709	21.8905	3.99427	21.5143	11.8964	20.0821	17.5214	28.0118	16.0783	20.0468	19.4681	29.2189	20.1752	0.8927	4.78512	24.6676	4.40845	17.3757	8.10444	16.5036	27.7449	22.9954	11.1525	3.7231	26.5532	21.2952	14.3119	25.5241	7.647</FloatingPoint>
			</Individual>
			<Individual size="1">
				<MOFitness value1="-0.088516" value2="-0.90625"/>
				<FloatingPoint size="96">	1.12185	6.74639	22.7158	21.9532	21.1779	25.7098	0.971912	28.2733	0.324354	29.3882	14.9395	24.7636	26.1095	10.9084	0.702928	6.34089	16.8055	28.5448	20.9683	25.1034	4.4803	22.0911	5.68548	9.88626	8.57774	28.5794	0.456535	13.554	29.5689	19.6668	15.4935	30.6907	26.4132	7.20926	21.551	3.87505	1.91909	22.6177	1.1483	2.24344	21.0059	16.0878	27.007	16.1154	26.9962	2.52543	22.4563	12.8017	0.070264	12.4246	6.90648	4.55056	3.51575	12.5898	14.4368	12.0951	10.3692	14.891	25.6491	8.93813	3.55777	10.1425	8.62888	29.8939	27.5827	30.2729	2.84596	19.2476	21.8875	3.99427	21.5143	11.8964	20.0821	17.5214	28.0118	16.0783	20.0468	19.4681	28.88	20.1164	0.8927	4.78512	24.6676	4.40845	17.3757	8.10444	17.1078	27.7449	22.9954	11.1527	5.68305	26.5532	21.2952	14.3119	25.5241	7.64698</FloatingPoint>
			</Individual>
			<Individual size="1">
				<MOFitness value1="-0.088516" value2="-0.90625"/>
				<FloatingPoint size="96">	1.12185	6.74639	22.7158	21.9532	8.46189	25.7098	0.97371	28.2733	0.324352	29.3882	14.9395	24.7636	26.1095	10.9084	6.5184	6.34089	16.8055	28.5448	20.9683	25.1034	4.4803	22.0911	5.68548	9.88626	1.60898	28.7787	12.9059	13.554	29.5689	19.6668	15.4935	30.6907	26.4132	7.20926	21.644	3.87505	0.83148	22.6177	1.1483	2.24344	21.0059	16.0878	27.007	16.1154	26.9962	2.52543	22.4563	12.8017	0.070264	12.4246	6.9051	4.55056	3.51575	12.5906	14.4368	12.0951	10.3692	14.891	25.6491	8.93813	3.55776	10.1425	8.62888	29.9679	17.3518	30.2729	2.84596	19.2709	21.8905	3.99427	21.5143	11.8964	20.0821	17.5214	28.0118	16.0783	20.0468	19.4681	29.2088	30.8069	0.8927	4.78512	24.6676	4.40845	17.3757	8.10444	16.5036	27.7449	22.9954	11.1492	23.0135	26.5532	21.2952	14.3119	25.5241	7.647</FloatingPoint>
			</Individual>
			<Individual size="1">
				<MOFitness value1="-0.088516" value2="-0.90625"/>
				<FloatingPoint size="96">	1.12185	6.74821	22.7157	21.9608	8.46189	25.7098	0.973798	28.2727	0.321984	30.0893	14.9397	23.7208	26.1095	10.9388	6.58152	6.34089	16.8055	28.5448	26.0659	25.1034	4.48028	22.0906	5.68329	9.88632	8.56708	29.9231	0.436954	13.4995	29.5689	19.3413	15.4935	30.6934	26.4132	7.20926	21.6361	3.87505	1.91908	22.6178	1.4631	2.24344	7.11272	16.0056	27.0194	16.1193	26.9964	2.51627	22.4563	12.8017	0.0701023	12.4246	6.90139	4.55018	3.4628	12.4917	14.4368	12.0951	10.3672	14.9366	25.6549	8.9517	3.55775	10.1446	8.62888	29.971	17.352	30.2729	2.86822	19.2722	21.8915	4.01554	21.5143	11.8966	20.0777	17.5231	28.0762	16.0776	20.0468	19.4643	3.87043	20.117	2.68603	4.75597	1.78899	4.40845	17.3757	7.80722	16.355	27.7442	22.9954	11.1527	5.68308	26.5532	21.5323	14.301	25.5248	7.64743</FloatingPoint>
			</Individual>
			<Individual size="1">
				<MOFitness value1="-0.088516" value2="-0.90625"/>
				<FloatingPoint size="96">	1.12185	6.74617	22.7352	21.9508	8.48081	25.7101	0.974075	27.2142	0.324579	29.3882	14.9333	24.7608	26.0776	10.9231	6.51431	6.33861	16.8054	30.7072	20.9686	1.17689	4.4803	22.0903	5.19632	9.8859	8.57963	0.0118217	0.0398315	13.6996	29.568	19.6394	15.4933	30.712	26.4096	7.20917	21.6385	3.87505	1.91916	30.9584	1.13653	2.24561	21.0108	16.0643	27.0091	16.3504	26.9941	2.92546	22.4571	12.8017	0.0530639	12.4354	6.91242	4.55055	3.54572	12.6066	14.445	12.0951	10.6092	14.9075	25.6491	8.91949	3.55929	7.92359	8.62764	30.8264	14.6535	30.1816	2.85146	19.2709	21.9276	3.89126	3.42373	11.8968	19.9689	17.5213	28.0131	16.0778	30.1423	19.4653	28.8797	19.9251	0.963473	4.83708	24.9907	4.40833	17.3757	29.0202	16.3625	27.7426	22.9978	11.1526	5.68304	26.5555	24.2421	14.3119	25.5273	7.64523</FloatingPoint>
			</Individual>
			<Individual size="1">
				<MOFitness value1="-0.088516" value2="-0.90625"/>
				<FloatingPoint size="96">	1.13861	6.74457	22.7232	22.2147	9.60786	25.5406	9.01178	28.01	0.328149	29.3884	15.0963	25.2098	26.1082	10.9076	6.51831	6.53945	16.8052	28.5316	20.3016	25.5034	4.51989	22.124	6.15767	9.8866	8.57942	28.7807	0.463044	13.5448	29.5685	19.7575	15.4911	30.9685	26.3987	7.20834	21.7179	3.8752	18.5415	2.31001	1.14833	6.99514	15.7948	16.1347	27.1224	16.1158	30.2535	14.1105	22.7209	12.8372	0.0692392	12.0273	6.8979	4.57765	3.16205	12.5971	14.2565	12.0849	10.1311	14.6968	21.9903	8.93744	4.88729	10.1426	8.63412	1.97621	17.5003	30.2719	2.84566	18.4675	21.9854	3.86248	20.937	11.8307	20.082	23.9474	30.0101	16.0783	2.8925	12.7528	1.08474	10.0623	0.889901	4.7079	24.6676	3.74305	17.6958	9.20925	16.2521	27.7451	23.1127	21.0766	5.74292	5.59187	21.2583	14.2312	25.5245	7.61125</FloatingPoint>
			</Individual>
			<Individual size="1">
				<MOFitness value1="-0.088516" value2="-0.90625"/>
				<FloatingPoint size="96">	1.12185	6.74639	22.7158	21.9532	8.46189	25.7098	0.973693	28.2733	0.323021	29.3882	14.9395	24.7636	26.1095	10.9084	6.5184	6.34089	16.8055	28.5448	20.9683	25.1034	4.4803	22.0911	5.68548	9.88626	13.5653	28.7787	0.454181	13.5543	29.5689	19.6668	15.4935	30.6907	26.4132	7.20926	21.644	3.87505	1.91909	22.6177	1.1483	2.24344	21.0059	16.0878	27.007	16.1154	26.9962	2.52543	14.7545	12.8017	0.070264	12.4246	6.9051	4.55056	3.51575	12.6074	14.4368	12.0951	10.3692	14.891	25.6491	8.93813	3.55776	10.1425	8.62888	29.9709	27.4573	30.2729	2.84596	19.2514	21.8905	3.99427	21.5143	11.8964	20.0821	17.5214	28.0118	16.0783	20.0468	19.4681	28.88	20.1171	0.8927	4.78512	24.6676	4.40845	17.3757	8.10444	16.2918	27.7449	22.9954	11.1527	5.68305	26.5532	21.2952	14.3119	25.5241	7.63987</FloatingPoint>
			</Individual>
			<Individual size="1">
				<MOFitness value1="-0.088516" value2="-0.90625"/>
				<FloatingPoint size="96">	1.13861	6.74457	22.7232	22.2147	9.60786	25.5406	9.01178	28.01	0.328149	29.3884	15.0963	25.2098	26.1082	10.9076	6.51831	6.53945	16.8052	28.5316	20.3016	25.5034	4.51989	22.124	6.15767	9.8866	8.57942	28.7807	0.463044	13.5448	29.5685	19.7575	15.4911	30.9685	26.3987	7.20834	21.7179	3.8752	18.5415	2.31001	1.14833	6.99514	15.7948	16.1347	27.1224	16.1158	30.2535	14.1105	22.7209	12.8372	0.0692392	12.0273	6.8979	4.57765	3.16205	12.5971	14.2565	12.0849	10.1311	14.6968	21.9903	8.93744	4.88729	10.1426	8.63412	1.97621	17.5003	30.2719	2.84566	18.4675	21.9854	3.86248	20.937	11.8307	20.082	23.9474	30.0101	16.0783	2.8925	12.7528	1.08474	10.0623	0.889901	4.7079	24.6676	3.74305	17.6958	9.20925	16.2521	27.7451	23.1127	21.0766	5.74292	5.59187	21.2583	14.2312	25.5245	7.61125</FloatingPoint>
			</Individual>
			<Individual size="1">
				<MOFitness value1="-0.088516" value2="-0.90625"/>
				<FloatingPoint size="96">	1.12185	6.7464	22.7158	21.9532	4.7062	25.7098	0.973703	28.2863	0.324593	29.3882	14.9394	24.7636	26.1094	10.9233	6.51887	6.34109	16.8055	28.5264	20.9684	25.0985	4.4803	22.0911	5.69327	9.88626	8.57938	27.9099	0.453414	13.5539	29.5689	19.6377	15.4935	30.7126	26.4132	7.20926	21.644	3.87505	1.91908	22.5166	1.1483	2.24344	21.0059	16.0887	27.007	16.1216	26.9962	22.4746	22.4563	12.8017	0.0704561	12.4246	6.90487	4.55056	20.0283	12.5905	14.4368	12.0951	10.6461	14.9077	25.6491	4.63411	3.55778	7.8245	8.62891	29.9113	17.362	30.1735	2.84556	19.2709	21.8905	3.89306	22.439	11.8964	20.0821	17.5214	28.0132	16.0783	20.0469	19.4681	28.8797	20.1177	0.892682	4.34182	24.6581	4.40845	17.3757	28.9071	16.3637	27.7449	22.9953	11.1526	5.68305	26.5532	21.2907	14.3119	25.5241	7.64699</FloatingPoint>
			</Individual>
			<Individual size="1">
				<MOFitness value1="-0.088516" value2="-0.90625"/>
				<FloatingPoint size="96">	1.12096	6.74639	22.6915	21.9532	8.46152	25.7445	0.973738	28.2733	0.324353	29.3882	14.9395	19.2308	26.1095	10.9084	6.51827	6.34089	16.8055	28.5448	21.0332	17.1968	4.20607	22.0911	5.68538	9.88627	8.56247	28.7691	0.449315	13.554	29.5689	19.6668	15.4935	30.7069	26.4127	19.454	21.644	3.87505	1.79174	22.6177	1.15047	2.97052	21.0121	16.0878	27.0213	16.1411	26.9986	2.52543	22.4559	12.8017	0.0702648	12.4179	6.90509	4.55047	3.51575	12.8219	14.4368	12.0947	10.3692	14.891	25.6415	8.93813	3.55779	10.1425	8.62888	28.798	17.3511	30.2729	2.84711	19.2709	13.7349	3.99427	21.5143	11.8964	20.095	17.5209	28.0334	16.0833	20.0468	19.4681	28.9263	20.5672	0.892825	29.3662	24.6589	4.40846	17.3823	8.07552	16.5036	27.7454	22.9954	11.1529	5.69241	26.553	21.2952	14.312	25.5241	16.197</FloatingPoint>
			</Individual>
			<Individual size="1">
				<MOFitness value1="-0.088516" value2="-0.90625"/>
				<FloatingPoint size="96">	1.12185	6.74639	22.7158	21.9532	8.46189	25.7098	0.973693	28.2733	0.324352	29.3882	14.9395	24.7636	26.1095	10.9084	6.5184	6.34089	16.8055	28.5448	20.9683	25.1034	4.4803	21.9852	5.68548	9.88626	8.57938	28.7787	0.454181	13.554	29.5689	19.6668	15.4935	30.6907	26.4132	7.20926	21.644	3.87505	1.91909	22.6177	1.1483	2.24344	21.0059	16.0878	27.007	16.1154	26.9962	2.52543	22.4563	12.8017	0.070264	12.4246	6.9051	4.55056	3.51575	12.5906	14.4368	12.0951	10.3692	14.891	25.6491	8.93813	3.55776	10.1425	8.62888	29.9709	27.4604	30.2729	2.84596	19.2709	21.8905	3.99427	21.5143	11.8964	20.0821	17.5214	28.0118	16.0783	20.0468	19.4681	28.88	19.7262	0.8927	4.78512	24.6676	4.40845	17.3757	8.10444	16.5036	27.7449	22.9954	11.1527	5.68305	26.5532	21.2952	14.3119	25.5241	17.1426</FloatingPoint>
			</Individual>
			<Individual size="1">
				<MOFitness value1="-0.088516" value2="-0.90625"/>
				<FloatingPoint size="96">	1.11855	6.79032	22.7158	21.9528	8.4618	25.7097	0.9742	28.2733	0.324333	29.3789	22.9705	25.2999	26.0872	10.909	6.51842	6.34096	16.8056	28.5448	20.9683	25.1037	4.48029	22.0911	23.2644	9.68445	8.57903	28.3158	0.266617	13.5548	29.569	19.6673	15.4918	30.6913	26.4295	7.20928	21.6295	3.87458	2.03929	22.6174	1.14815	2.24347	20.8458	16.0875	27.0067	16.166	20.3342	2.52547	22.4563	12.8016	0.07026	25.5713	6.90557	4.56038	3.51584	12.6673	14.4387	12.083	10.3737	14.8898	25.9074	8.73929	3.55776	10.1425	8.62892	29.9729	17.4637	30.2694	2.85626	19.2719	21.8906	4.09459	21.5126	11.9153	20.1205	17.5214	28.011	16.0918	8.13903	19.468	28.8802	20.1171	0.895817	4.77629	24.1522	4.4078	17.3766	8.08283	16.5036	27.7443	22.9949	10.9924	5.67836	19.3437	21.2951	14.3119	25.5179	7.84978</FloatingPoint>
			</Individual>
			<Individual size="1">
				<MOFitness value1="-0.088516" value2="-0.90625"/>
				<FloatingPoint size="96">	1.12185	6.74639	22.7158	21.9532	8.46189	25.7098	0.973693	28.2733	0.324438	29.3882	14.9395	24.7636	26.1095	10.9084	6.5184	6.34089	16.8055	28.5448	20.9683	25.1034	4.4803	22.0911	5.68548	14.3955	8.57938	28.7787	0.454181	13.3974	29.5689	19.6668	15.4935	30.6907	26.4132	7.20926	21.644	3.87505	1.91909	22.6177	1.1483	2.24344	21.0059	16.0878	27.007	16.1154	26.9962	2.52543	22.4563	12.8017	0.070264	12.4246	6.9051	4.55056	3.51575	12.5906	14.1012	12.0951	10.3692	14.891	25.6491	8.93813	3.55776	10.1425	8.62888	29.9709	17.3518	30.2729	2.84596	19.2709	21.8905	3.99427	21.5143	11.8964	20.0821	17.5214	28.0118	16.0783	30.878	19.4681	28.88	20.1171	0.8927	4.78512	24.6676	4.40845	17.3757	8.10444	16.5036	27.7449	22.9954	11.1527	5.68305	26.5532	21.2952	14.3119	25.5241	7.647</FloatingPoint>
			</Individual>
			<Individual size="1">
				<MOFitness value1="-0.088516" value2="-0.90625"/>
				<FloatingPoint size="96">	1.12019	6.74639	22.7158	21.9626	8.52821	25.7099	0.77996	28.2732	0.324349	29.38	14.932	25.2446	26.1094	10.9084	6.51627	6.34567	16.2493	28.5456	20.9684	25.1284	4.4803	22.0258	5.68553	9.88664	8.57588	29.2612	0.135097	13.554	29.5689	19.7452	9.04766	30.6908	26.9806	7.20926	21.6458	3.87435	1.91628	3.49174	1.14809	2.25554	21.0059	16.0876	27.0088	16.1154	26.9959	2.0642	22.4563	12.7987	0.0702663	12.4247	6.90508	4.57827	3.54116	12.4439	14.4368	12.0787	10.361	14.891	22.0898	8.93815	4.8506	10.2941	10.9775	29.9345	17.3539	30.2721	2.84597	18.3909	21.889	3.99206	21.5142	11.8301	20.0819	17.4044	28.0176	16.0783	20.0468	19.468	2.53428	20.1261	0.89269	4.79523	24.6676	4.40902	17.6813	9.29635	16.5031	27.7449	22.996	11.178	5.66765	25.7092	21.2958	14.3078	25.5241	7.64557</FloatingPoint>
			</Individual>
			<Individual size="1">
				<MOFitness value1="-0.088516" value2="-0.90625"/>
				<FloatingPoint size="96">	1.13861	6.74457	22.7232	22.2147	9.60786	25.5406	9.01178	28.01	0.328149	29.3884	15.0963	25.2098	26.1082	10.9076	6.51831	6.53945	16.8052	28.5316	20.3016	25.5034	4.51989	22.124	6.15767	9.8866	8.57942	28.7807	0.463044	13.5448	29.5685	19.7575	15.4911	30.9685	26.3987	7.20834	21.7179	3.8752	18.5415	2.31001	1.14833	6.99514	15.7948	16.1347	27.1224	16.1158	30.2535	14.1105	22.7209	12.8372	0.0692392	12.0273	6.8979	4.57765	3.16205	12.5971	14.2565	12.0849	10.1311	14.6968	21.9903	8.93744	4.88729	10.1426	8.63412	1.97621	17.5003	30.2719	2.84566	18.4675	21.9854	3.86248	20.937	11.8307	20.082	23.9474	30.0101	16.0783	2.8925	12.7528	1.08474	10.0623	0.889901	4.7079	24.6676	3.74305	17.6958	9.20925	16.2521	27.7451	23.1127	21.0766	5.74292	5.59187	21.2583	14.2312	25.5245	7.61125</FloatingPoint>
			</Individual>
			<Individual size="1">
				<MOFitness value1="-0.088516" value2="-0.90625"/>
				<FloatingPoint size="96">	1.12182	6.74632	22.7158	21.9528	8.4618	25.7097	0.973684	28.2733	0.324334	29.3875	15.0349	24.7643	26.1092	10.9084	6.5184	6.34089	16.8055	28.5448	20.5132	25.1037	4.48029	22.0911	5.93663	9.68441	8.57826	29.1021	0.244705	13.5539	29.5689	19.6668	15.4918	30.6907	26.4296	7.20928	21.6294	3.87457	2.69705	22.6177	1.14815	2.24347	21.0091	16.0878	27.0067	16.1123	20.4497	2.94876	22.4563	12.8016	0.070264	12.6466	6.90558	4.55044	3.51575	12.5901	14.4368	12.0949	10.3736	14.8898	25.6439	8.73677	3.55776	10.1425	8.62892	29.9729	17.4638	30.2692	2.85642	19.2709	21.8906	4.09452	21.5143	11.9151	20.1203	17.5214	28.0118	16.0785	7.71986	19.4681	28.88	20.1171	0.89277	4.78531	24.1311	4.40782	17.3766	8.08211	16.5036	27.7449	22.9949	11.1657	5.67847	20.0439	21.2952	14.3118	25.5182	7.64401</FloatingPoint>
			</Individual>
			<Individual size="1">
				<MOFitness value1="-0.088516" value2="-0.90625"/>
				<FloatingPoint size="96">	1.12185	6.74639	22.7158	21.9532	8.46189	25.7098	0.973693	28.2733	0.324352	29.3882	14.9395	24.7636	26.1095	10.9084	6.5184	6.34089	16.8055	28.5448	20.9683	25.1034	4.4803	22.0911	5.68548	9.88626	8.57938	28.7787	0.454181	13.554	29.5689	19.6668	15.4935	30.6907	26.4132	7.20926	21.644	3.87505	1.91909	22.6177	1.1483	2.24344	21.0059	16.0878	27.007	16.1154	26.9962	2.52543	22.4563	12.8017	0.070264	12.4246	6.9051	4.55056	3.51575	12.5906	14.4368	12.0951	10.3692	14.891	25.6491	8.93813	3.55776	10.1425	8.62888	29.9709	17.3518	30.2729	2.84596	19.2709	21.8905	3.99427	21.5143	11.8964	20.0821	17.5214	28.0118	16.0783	20.0468	19.4681	28.88	20.1171	0.8927	4.78512	24.6676	4.40845	17.3757	8.10444	16.5036	27.7449	22.9954	11.1527	5.68305	26.5532	21.2952	14.3119	25.5241	7.647</FloatingPoint>
			</Individual>
			<Individual size="1">
				<MOFitness value1="-0.088516" value2="-0.90625"/>
				<FloatingPoint size="96">	1.12185	6.74639	22.7158	21.9532	8.46189	25.7098	0.973693	28.2733	0.324352	29.3882	14.9395	24.7636	26.1095	10.9084	6.5184	6.34089	16.8055	28.5448	20.9683	25.1034	4.4803	22.0911	5.68548	9.88626	8.54228	1.2315	0.618965	13.554	29.5689	19.6668	15.4935	30.6907	26.4132	7.20926	21.644	3.87505	2.70618	22.6177	1.1483	2.24344	21.0059	16.0878	27.007	16.1154	26.9962	2.9532	22.4563	12.8017	0.070264	12.4246	6.9051	4.55056	3.51575	12.5906	14.4368	12.0951	10.3692	14.891	25.6491	8.93813	3.55776	10.1425	8.62888	29.9709	17.3518	30.2729	2.84596	19.2709	21.8905	3.99427	21.5143	11.8964	20.0821	17.5214	28.0118	16.0783	20.0468	19.4681	28.88	20.1171	0.8927	4.78512	24.6676	4.40845	17.3757	8.10444	16.5036	27.7449	22.9954	11.1527	5.68305	26.5532	21.2952	14.3119	25.5241	7.647</FloatingPoint>
			</Individual>
			<Individual size="1">
				<MOFitness value1="-0.088516" value2="-0.90625"/>
				<FloatingPoint size="96">	1.12185	6.74639	22.7158	21.9532	8.46193	25.7098	0.973693	28.2733	0.324352	29.3882	14.9395	24.7636	26.1095	10.9084	6.5184	6.34089	16.8055	28.5448	20.9683	25.1034	4.4803	22.0911	5.68548	9.88626	2.03088	28.7787	0.454181	13.554	29.5689	19.6668	15.4938	30.6907	26.4132	7.20926	21.644	3.87505	1.91909	22.6177	1.1483	2.24344	21.0059	16.0878	27.007	13.4703	26.9962	2.52543	22.4563	12.8017	0.070264	12.4246	6.9051	4.55056	3.51575	12.5906	14.4368	12.0951	10.3692	14.891	25.6491	8.93813	3.55776	10.1425	8.62888	29.9295	17.3518	30.2729	2.84596	19.2709	21.8905	3.99427	21.5143	11.8964	20.0821	17.3212	27.5032	15.8968	20.0468	19.4681	4.08286	20.1171	0.8927	4.28004	24.6676	4.40845	17.3757	8.10444	16.5036	27.7449	22.9954	11.1531	5.68305	26.5532	21.2952	14.3119	25.5241	7.67241</FloatingPoint>
			</Individual>
			<Individual size="1">
				<MOFitness value1="-0.088516" value2="-0.90625"/>
				<FloatingPoint size="96">	1.12185	6.74639	22.7158	21.9532	8.46189	25.7098	0.973693	28.2733	0.324352	29.3882	14.9395	24.7636	26.1095	10.9084	6.5184	6.34089	16.8055	28.5448	20.9683	25.1034	4.4803	22.0911	5.68548	9.88626	8.57938	28.7787	0.454181	13.554	29.5689	19.6668	15.3881	30.6907	26.4132	7.20926	21.644	3.87505	1.91909	22.6177	1.1483	2.24344	21.0059	16.0878	27.007	16.1154	26.9962	2.52543	22.4563	12.8017	0.070264	12.4246	6.9051	4.55056	3.51575	12.5906	14.4368	12.0951	10.3692	14.891	25.6491	8.93813	3.55776	10.1425	8.62888	29.9709	17.3518	30.2729	2.84596	19.2709	21.8905	3.99427	21.5143	11.8964	20.0821	17.5214	28.0118	16.0783	15.9819	19.4681	28.88	20.1171	0.8927	4.78512	24.6676	4.40845	17.3757	8.10444	16.5036	27.7449	22.9954	10.3786	5.68305	26.5532	21.2952	14.3119	25.5241	7.647</FloatingPoint>
			</Individual>
			<Individual size="1">
				<MOFitness value1="-0.088516" value2="-0.90625"/>
				<FloatingPoint size="96">	1.13861	6.74457	22.7232	22.2147	9.60786	25.5406	9.01178	28.01	0.328149	29.3884	15.0963	25.2098	26.1082	10.9076	6.51831	6.53945	16.8052	28.5316	20.3016	25.5034	4.51989	22.124	6.15767	9.8866	8.57942	28.7807	0.463044	13.5448	29.5685	19.7575	15.4911	30.9685	26.3987	7.20834	21.7179	3.8752	18.5415	2.31001	1.14833	6.99514	15.7948	16.1347	27.1224	16.1158	30.2535	14.1105	22.7209	12.8372	0.0692392	12.0273	6.8979	4.57765	3.16205	12.5971	14.2565	12.0849	10.1311	14.6968	21.9903	8.93744	4.88729	10.1426	8.63412	1.97621	17.5003	30.2719	2.84566	18.4675	21.9854	3.86248	20.937	11.8307	20.082	23.9474	30.0101	16.0783	2.8925	12.7528	1.08474	10.0623	0.889901	4.7079	24.6676	3.74305	17.6958	9.20925	16.2521	27.7451	23.1127	21.0766	5.74292	5.59187	21.2583	14.2312	25.5245	7.61125</FloatingPoint>
			</Individual>
			<Individual size="1">
				<MOFitness value1="-0.088516" value2="-0.90625"/>
				<FloatingPoint size="96">	1.12185	6.74639	22.7158	21.9532	8.46189	25.7098	0.973693	28.2733	0.324352	29.3882	14.9395	24.7636	26.1095	10.9084	6.5184	6.34089	16.8055	28.5448	20.9683	25.1034	13.4417	22.0911	5.68548	9.88626	8.57938	28.7787	0.454181	13.554	29.5689	19.6668	15.1279	30.6907	26.4132	7.20926	21.644	3.87505	1.91909	22.6177	1.1483	2.24344	21.0059	16.0878	27.007	16.1154	26.9962	2.52543	22.4563	12.8017	0.070264	12.4246	6.9051	4.55056	3.51575	12.5906	14.4368	12.0951	10.3692	14.891	25.6491	8.93813	3.55776	10.1425	8.62888	29.9709	17.3518	30.2729	2.84596	19.2709	21.8905	3.99427	21.5143	11.8964	20.0821	17.5214	28.0118	16.0783	20.0468	19.4681	28.88	20.1171	0.8927	4.78512	24.6676	4.40845	17.3757	8.10444	16.5036	27.7449	22.9954	11.1527	5.68305	26.5532	21.2952	14.3119	25.5241	7.647</FloatingPoint>
			</Individual>
			<Individual size="1">
				<MOFitness value1="-0.088516" value2="-0.90625"/>
				<FloatingPoint size="96">	1.12185	6.74639	22.7158	21.9532	8.46189	25.7098	0.973693	28.2733	0.324352	29.3882	14.9395	24.7636	26.1095	10.9084	6.5184	6.34089	16.8055	28.5448	20.9683	25.1034	4.4803	14.9475	5.68548	9.88626	8.57938	28.7787	0.454181	13.554	29.5689	19.6668	15.4935	30.6907	26.4132	7.20926	21.644	3.87505	1.91909	22.6177	1.1483	2.24344	21.0059	16.0878	27.007	16.1154	26.9962	2.52543	22.4563	12.8017	0.070264	12.4246	6.9051	4.55056	3.51575	12.5906	14.4368	12.0951	10.3692	14.891	25.6491	8.93813	3.55776	10.1425	8.62888	29.9709	17.3518	30.2729	2.84596	19.2709	21.8905	3.99427	21.5143	11.8964	20.0821	17.5214	28.0118	16.0783	20.0468	19.4681	28.88	20.1171	0.8927	4.78512	24.6676	4.40845	30.2197	8.10444	16.5036	27.7449	22.9954	11.1527	5.68305	26.5532	21.2952	14.3119	25.5241	7.647</FloatingPoint>
			</Individual>
			<Individual size="1">
				<MOFitness value1="-0.00593" value2="-0.9375"/>
				<FloatingPoint size="96">	0.849812	16.9618	22.7188	20.5703	8.6041	25.7135	1.15351	27.5593	0.281452	29.3786	15.4932	25.312	26.5893	10.9005	6.80619	6.3421	24.4283	28.5449	20.9235	25.3913	4.45314	22.0936	24.7427	2.20701	8.59189	7.28133	9.1601	13.591	29.6907	22.204	15.4918	5.41607	27.0115	6.94221	21.8208	3.88267	12.1865	10.6908	0.718954	2.31828	26.3135	16.9284	27.3615	16.1753	20.1045	2.4855	22.3992	12.7902	0.0819289	25.7084	6.93133	19.9092	3.52095	11.4904	6.34129	12.0823	9.73396	14.007	21.5612	15.2801	3.56037	10.1388	8.62684	29.7672	17.4592	29.5994	13.0008	19.0493	21.9527	15.3832	21.5757	26.3109	20.0905	16.3734	24.8821	28.8378	7.70735	7.49681	29.0742	20.2371	0.895483	24.253	24.1659	4.43057	17.432	30.041	16.4959	27.2805	22.8374	27.6525	5.58207	26.5525	21.3035	14.2353	25.7231	9.48205</FloatingPoint>
			</Individual>
			<Individual size="1">
				<MOFitness value1="-0.00593" value2="-0.9375"/>
				<FloatingPoint size="96">	0.849812	16.9618	22.7188	20.5703	8.6041	25.7135	1.15351	27.5593	0.281452	29.3786	15.4932	25.312	26.5893	10.9005	6.80619	6.3421	24.4283	28.5449	20.9235	25.3913	4.45314	22.0936	24.7427	2.20701	8.59189	7.28133	9.1601	13.591	29.6907	22.204	15.4918	5.41607	27.0115	6.94221	21.8208	3.88267	12.1865	10.6908	0.718954	2.31828	26.3135	16.9284	27.3615	16.1753	20.1045	2.4855	22.3992	12.7902	0.0819289	25.7084	6.93133	19.9092	3.52095	11.4904	6.34129	12.0823	9.73396	14.007	21.5612	15.2801	3.56037	10.1388	8.62684	29.7672	17.4592	29.5994	13.0008	19.0493	21.9527	15.3832	21.5757	26.3109	20.0905	16.3734	24.8821	28.8378	7.70735	7.49681	29.0742	20.2371	0.895483	24.253	24.1659	4.43057	17.432	30.041	16.4959	27.2805	22.8374	27.6525	5.58207	26.5525	21.3035	14.2353	25.7231	9.48205</FloatingPoint>
			</Individual>
			<Individual size="1">
				<MOFitness value1="-0.00593" value2="-0.9375"/>
				<FloatingPoint size="96">	0.849812	16.9618	22.7188	20.5703	8.6041	25.7135	1.15351	27.5593	0.281452	29.3786	15.4932	25.312	26.5893	10.9005	6.80619	6.3421	24.4283	28.5449	20.9235	25.3913	4.45314	22.0936	24.7427	2.20701	8.59189	7.28133	9.1601	13.591	29.6907	22.204	15.4918	5.41607	27.0115	6.94221	21.8208	3.88267	12.1865	10.6908	0.718954	2.31828	26.3135	16.9284	27.3615	16.1753	20.1045	2.4855	22.3992	12.7902	0.0819289	25.7084	6.93133	19.9092	3.52095	11.4904	6.34129	12.0823	9.73396	14.007	21.5612	15.2801	3.56037	10.1388	8.62684	29.7672	17.4592	29.5994	13.0008	19.0493	21.9527	15.3832	21.5757	26.3109	20.0905	16.3734	24.8821	28.8378	7.70735	7.49681	29.0742	20.2371	0.895483	24.253	24.1659	4.43057	17.432	30.041	16.4959	27.2805	22.8374	27.6525	5.58207	26.5525	21.3035	14.2353	25.7231	9.48205</FloatingPoint>
			</Individual>
			<Individual size="1">
				<MOFitness value1="-0.00593" value2="-0.9375"/>
				<FloatingPoint size="96">	0.849812	16.9618	22.7188	20.5703	8.6041	25.7135	1.15351	27.5593	0.281452	29.3786	15.4932	25.312	26.5893	10.9005	6.80619	6.3421	24.4283	28.5449	20.9235	25.3913	4.45314	22.0936	24.7427	2.20701	8.59189	7.28133	9.1601	13.591	29.6907	22.204	15.4918	5.41607	27.0115	6.94221	21.8208	3.88267	12.1865	10.6908	0.718954	2.31828	26.3135	16.9284	27.3615	16.1753	20.1045	2.4855	22.3992	12.7902	0.0819289	25.7084	6.93133	19.9092	3.52095	11.4904	6.34129	12.0823	9.73396	14.007	21.5612	15.2801	3.56037	10.1388	8.62684	29.7672	17.4592	29.5994	13.0008	19.0493	21.9527	15.3832	21.5757	26.3109	20.0905	16.3734	24.8821	28.8378	7.70735	7.49681	29.0742	20.2371	0.895483	24.253	24.1659	4.43057	17.432	30.041	16.4959	27.2805	22.8374	27.6525	5.58207	26.5525	21.3035	14.2353	25.7231	9.48205</FloatingPoint>
			</Individual>
			<Individual size="1">
				<MOFitness value1="-0.00593" value2="-0.9375"/>
				<FloatingPoint size="96">	0.849812	16.9618	22.7188	20.5703	8.6041	25.7135	1.15351	27.5593	0.281452	29.3786	15.4932	25.312	26.5893	10.9005	6.80619	6.3421	24.4283	28.5449	20.9235	25.3913	4.45314	22.0936	24.7427	2.20701	8.59189	7.28133	9.1601	13.591	29.6907	22.204	15.4918	5.41607	27.0115	6.94221	21.8208	3.88267	12.1865	10.6908	0.718954	2.31828	26.3135	16.9284	27.3615	16.1753	20.1045	2.4855	22.3992	12.7902	0.0819289	25.7084	6.93133	19.9092	3.52095	11.4904	6.34129	12.0823	9.73396	14.007	21.5612	15.2801	3.56037	10.1388	8.62684	29.7672	17.4592	29.5994	13.0008	19.0493	21.9527	15.3832	21.5757	26.3109	20.0905	16.3734	24.8821	28.8378	7.70735	7.49681	29.0742	20.2371	0.895483	24.253	24.1659	4.43057	17.432	30.041	16.4959	27.2805	22.8374	27.6525	5.58207	26.5525	21.3035	14.2353	25.7231	9.48205</FloatingPoint>
			</Individual>
			<Individual size="1">
				<MOFitness value1="-0.00593" value2="-0.9375"/>
				<FloatingPoint size="96">	0.849812	16.9618	22.7188	20.5703	8.6041	25.7135	1.15351	27.5593	0.281452	29.3786	15.4932	25.312	26.5893	10.9005	6.80619	6.3421	24.4283	28.5449	20.9235	25.3913	4.45314	22.0936	24.7427	2.20701	8.59189	7.28133	9.1601	13.591	29.6907	22.204	15.4918	5.41607	27.0115	6.94221	21.8208	3.88267	12.1865	10.6908	0.718954	2.31828	26.3135	16.9284	27.3615	16.1753	20.1045	2.4855	22.3992	12.7902	0.0819289	25.7084	6.93133	19.9092	3.52095	11.4904	6.34129	12.0823	9.73396	14.007	21.5612	15.2801	3.56037	10.1388	8.62684	29.7672	17.4592	29.5994	13.0008	19.0493	21.9527	15.3832	21.5757	26.3109	20.0905	16.3734	24.8821	28.8378	7.70735	7.49681	29.0742	20.2371	0.895483	24.253	24.1659	4.43057	17.432	30.041	16.4959	27.2805	22.8374	27.6525	5.58207	26.5525	21.3035	14.2353	25.7231	9.48205</FloatingPoint>
			</Individual>
			<Individual size="1">
				<MOFitness value1="-0.00593" value2="-0.9375"/>
				<FloatingPoint size="96">	0.849812	16.9618	22.7188	20.5703	8.6041	25.7135	1.15351	27.5593	0.281452	29.3786	15.4932	25.312	26.5893	10.9005	6.80619	6.3421	24.4283	28.5449	20.9235	25.3913	4.45314	22.0936	24.7427	2.20701	8.59189	7.28133	9.1601	21.9951	29.6907	22.204	15.4918	5.41607	27.0115	6.94221	21.8208	3.88267	12.1865	10.6908	0.718954	2.31828	26.3135	16.9284	27.3615	16.1753	20.1045	2.4855	22.3992	12.7902	0.0819289	25.7084	6.93133	19.9092	3.52095	11.4904	6.34129	12.0823	9.73396	14.007	21.5612	15.2801	3.56037	10.1388	8.62684	29.7672	17.4592	29.5994	13.0008	19.0493	21.9527	15.3832	21.5757	26.3109	20.0905	16.3734	24.8821	28.8378	7.70735	7.49681	29.0742	20.2371	0.895483	24.253	24.1659	4.43057	17.432	30.041	16.4959	27.2805	22.8374	27.6525	5.58207	26.5525	21.3035	14.2353	25.7231	9.48205</FloatingPoint>
			</Individual>
			<Individual size="1">
				<MOFitness value1="-0.00593" value2="-0.9375"/>
				<FloatingPoint size="96">	0.849812	16.9618	22.7188	20.5703	8.6041	25.7135	1.15351	27.5593	0.281452	29.3786	15.4932	25.312	26.5893	10.9005	6.80619	6.3421	24.4283	28.5449	20.9235	25.3913	4.45314	22.0936	24.7427	2.20701	8.59189	7.28133	9.1601	13.591	29.6907	22.204	15.4918	5.41607	27.0115	6.94221	21.8208	3.88267	12.1865	10.6908	0.718954	2.31828	26.3135	16.9284	27.3615	16.1753	20.1045	2.4855	22.3992	12.7902	0.0819289	25.7084	6.93133	19.9092	3.52095	11.4904	6.34129	12.0823	9.73396	14.007	21.5612	15.2801	3.56037	10.1388	8.62684	29.7672	17.4592	29.5994	13.0008	19.0493	21.9527	15.3832	21.5757	26.3109	20.0905	16.3734	24.8821	28.8378	7.70735	7.49681	29.0742	20.2371	0.895483	24.253	24.1659	4.43057	17.432	30.041	16.4959	27.2805	22.8374	27.6525	5.58207	26.5525	21.3035	14.2353	25.7231	9.48205</FloatingPoint>
			</Individual>
			<Individual size="1">
				<MOFitness value1="-0.00593" value2="-0.9375"/>
				<FloatingPoint size="96">	0.849812	16.9618	22.7188	20.5703	8.6041	25.7135	1.15351	27.5593	0.281452	29.3786	15.4932	25.312	26.5893	10.9005	6.80619	6.3421	24.4283	28.5449	20.9235	25.3913	4.45314	22.0936	24.7427	2.20701	8.59189	7.28133	9.1601	13.591	29.6907	22.204	15.4918	5.41607	27.0115	6.94221	21.8208	3.88267	12.1865	10.6908	0.718954	2.31828	26.3135	16.9284	27.3615	16.1753	20.1045	2.4855	22.3992	12.7902	0.0819289	25.7084	6.93133	19.9092	3.52095	11.4904	6.34129	12.0823	9.73396	14.007	21.5612	15.2801	3.56037	10.1388	8.62684	29.7672	17.4592	29.5994	13.0008	19.0493	21.9527	15.3832	21.5757	26.3109	20.0905	16.3734	24.8821	28.8378	7.70735	7.49681	29.0742	20.2371	0.895483	24.253	24.1659	4.43057	17.432	30.041	16.4959	27.2805	22.8374	27.6525	5.58207	26.5525	21.3035	14.2353	25.7231	9.48205</FloatingPoint>
			</Individual>
			<Individual size="1">
				<MOFitness value1="-0.00593" value2="-0.9375"/>
				<FloatingPoint size="96">	0.849812	16.9618	22.7188	20.5703	8.6041	25.7135	1.15351	27.5593	0.281452	29.3786	15.4932	25.312	26.5893	10.9005	6.80619	6.3421	24.4283	28.5449	20.9235	25.3913	4.45314	22.0936	24.7427	2.20701	8.59189	7.28133	9.1601	13.591	29.6907	22.204	15.4918	5.41607	27.0115	6.94221	21.8208	3.88267	12.1865	10.6908	0.718954	2.31828	26.3135	16.9284	27.3615	16.1753	20.1045	2.4855	22.3992	12.7902	0.0819289	25.7084	6.93133	19.9092	3.52095	11.4904	6.34129	12.0823	9.73396	14.007	21.5612	15.2801	3.56037	10.1388	8.62684	29.7672	17.4592	29.5994	13.0008	19.0493	21.9527	15.3832	21.5757	26.3109	20.0905	16.3734	24.8821	28.8378	7.70735	7.49681	29.0742	20.2371	0.895483	24.253	24.1659	4.43057	17.432	30.041	16.4959	27.2805	22.8374	27.6525	5.58207	26.5525	21.3035	14.2353	25.7231	9.48205</FloatingPoint>
			</Individual>
			<Individual size="1">
				<MOFitness value1="-0.00593" value2="-0.9375"/>
				<FloatingPoint size="96">	0.849812	16.9618	22.7188	20.5703	8.6041	25.7135	1.15351	27.5593	0.281452	29.3786	15.4932	25.312	26.5893	10.9005	6.80619	6.3421	24.4283	28.5449	20.9235	25.3913	4.45314	22.0936	24.7427	2.20701	8.59189	7.28133	9.1601	13.591	29.6907	22.204	15.4918	5.41607	27.0115	6.94221	21.8208	3.88267	12.1865	10.6908	0.718954	2.31828	26.3135	16.9284	27.3615	16.1753	20.1045	2.4855	22.3992	12.7902	0.0819289	25.7084	6.93133	19.9092	3.52095	11.4904	6.34129	12.0823	9.73396	14.007	21.5612	15.2801	3.56037	10.1388	8.62684	29.7672	17.4592	29.5994	13.0008	19.0493	21.9527	15.3832	21.5757	26.3109	20.0905	16.3734	24.8821	28.8378	7.70735	7.49681	29.0742	20.2371	0.895483	24.253	24.1659	4.43057	17.432	30.041	16.4959	27.2805	22.8374	27.6525	5.58207	26.5525	21.3035	14.2353	25.7231	9.48205</FloatingPoint>
			</Individual>
			<Individual size="1">
				<MOFitness value1="-0.00593" value2="-0.9375"/>
				<FloatingPoint size="96">	0.849812	16.9618	22.7188	20.5703	8.6041	25.7135	1.15351	27.5593	0.281452	29.3786	15.4932	25.312	26.5893	10.9005	6.80619	6.3421	24.4283	28.5449	20.9235	25.3913	4.45314	22.0936	24.7427	2.20701	8.59189	7.28133	9.1601	13.591	29.6907	22.204	15.4918	5.41607	27.0115	6.94221	21.8208	3.88267	12.1865	10.6908	0.718954	2.31828	26.3135	16.9284	27.3615	16.1753	20.1045	2.4855	22.3992	12.7902	0.0819289	25.7084	6.93133	19.9092	3.52095	11.4904	6.34129	12.0823	9.73396	14.007	21.5612	15.2801	3.56037	10.1388	8.62684	29.7672	17.4592	29.5994	13.0008	19.0493	21.9527	15.3832	21.5757	26.3109	20.0905	16.3734	24.8821	28.8378	7.70735	7.49681	29.0742	20.2371	0.895483	24.253	24.1659	4.43057	17.432	30.041	16.4959	27.2805	22.8374	27.6525	5.58207	26.5525	21.3035	14.2353	25.7231	9.48205</FloatingPoint>
			</Individual>
			<Individual size="1">
				<MOFitness value1="-0.00593" value2="-0.9375"/>
				<FloatingPoint size="96">	0.849812	16.9618	22.7188	20.5703	8.6041	25.7135	1.15351	27.5593	0.281452	29.3786	15.4932	25.312	26.5893	10.9005	6.80619	6.3421	24.4283	28.5449	20.9235	25.3913	4.45314	22.0936	24.7427	2.20701	8.59189	7.28133	9.1601	13.591	29.6907	22.204	15.4918	5.41607	27.0115	6.94221	21.8208	3.88267	12.1865	10.6908	0.718954	2.31828	26.3135	16.9284	27.3615	16.1753	20.1045	2.4855	22.3992	12.7902	0.0819289	25.7084	6.93133	19.9092	3.52095	11.4904	6.34129	12.0823	9.73396	14.007	21.5612	15.2801	3.56037	10.1388	8.62684	29.7672	17.4592	29.5994	13.0008	19.0493	21.9527	15.3832	21.5757	26.3109	20.0905	16.3734	24.8821	28.8378	7.70735	7.49681	29.0742	20.2371	0.895483	24.253	24.1659	4.43057	17.432	30.041	16.4959	27.2805	22.8374	27.6525	5.58207	26.5525	21.3035	14.2353	25.7231	9.48205</FloatingPoint>
			</Individual>
			<Individual size="1">
				<MOFitness value1="-0.00593" value2="-0.9375"/>
				<FloatingPoint size="96">	0.849812	16.9618	22.7188	20.5703	8.6041	25.7135	1.15351	27.5593	0.281452	29.3786	15.4932	25.312	26.5893	10.9005	6.80619	6.3421	24.4283	28.5449	20.9235	25.3913	4.45314	22.0936	24.7427	2.20701	8.59189	7.28133	9.1601	13.591	29.6907	22.204	15.4918	5.41607	27.0115	6.94221	21.8208	3.88267	12.1865	10.6908	0.718954	2.31828	26.3135	16.9284	27.3615	16.1753	20.1045	2.4855	22.3992	12.7902	0.0819289	25.7084	6.93133	19.9092	3.52095	11.4904	6.34129	12.0823	9.73396	14.007	21.5612	15.2801	3.56037	10.1388	8.62684	29.7672	17.4592	29.5994	13.0008	19.0493	21.9527	15.3832	21.5757	26.3109	20.0905	16.3734	24.8821	28.8378	7.70735	7.49681	29.0742	20.2371	0.895483	24.253	24.1659	4.43057	17.432	30.041	16.4959	27.2805	22.8374	27.6525	5.58207	26.5525	21.3035	14.2353	25.7231	9.48205</FloatingPoint>
			</Individual>
			<Individual size="1">
				<MOFitness value1="-0.00593" value2="-0.9375"/>
				<FloatingPoint size="96">	0.849812	16.9618	22.7188	20.5703	8.6041	25.7135	1.15351	27.5593	0.281452	29.3786	15.4932	25.312	26.5893	10.9005	6.80619	6.3421	24.4283	28.5449	20.9235	25.3913	4.45314	22.0936	24.7427	2.20701	8.59189	7.28133	9.1601	13.591	29.6907	22.204	15.4918	5.41607	27.0115	6.94221	21.8208	3.88267	12.1865	10.6908	0.718954	2.31828	26.3135	16.9284	27.3615	16.1753	20.1045	2.4855	22.3992	12.7902	0.0819289	25.7084	6.93133	19.9092	3.52095	11.4904	6.34129	12.0823	9.73396	14.007	21.5612	15.2801	3.56037	10.1388	8.62684	29.7672	17.4592	29.5994	13.0008	19.0493	21.9527	15.3832	21.5757	26.3109	20.0905	16.3734	24.8821	28.8378	7.70735	7.49681	29.0742	20.2371	0.895483	24.253	24.1659	4.43057	17.432	30.041	16.4959	27.2805	22.8374	27.6525	5.58207	26.5525	21.3035	14.2353	25.7231	9.48205</FloatingPoint>
			</Individual>
			<Individual size="1">
				<MOFitness value1="-0.088516" value2="-0.90625"/>
				<FloatingPoint size="96">	1.12185	6.74639	22.7158	21.9532	8.46189	25.7098	0.973693	28.2733	0.324352	29.3882	12.9762	24.7636	26.1095	10.9084	6.5184	6.34089	16.8055	28.5448	20.9683	25.1034	4.4803	22.0911	5.68548	9.88626	8.57938	23.3358	0.454181	13.554	29.5689	19.6668	15.4935	30.6907	26.4132	7.20926	21.644	3.87505	1.91909	7.95496	1.1483	2.24344	21.0059	16.0878	27.007	16.1154	26.9962	2.52543	22.4563	12.8017	0.070264	12.4246	6.9051	4.55056	3.51575	12.5906	14.4368	12.0951	10.3692	14.891	25.6491	8.93813	3.55776	10.1425	8.62888	29.9709	17.3518	30.2729	2.84596	19.2709	21.8618	3.99427	21.5143	11.8964	20.0821	17.5214	28.0118	16.0783	20.0468	19.4681	28.88	20.1171	0.8927	4.78512	24.6676	4.40845	17.3757	8.10444	16.5036	27.7449	22.9954	11.1527	5.68305	26.5584	21.2952	14.3119	25.5241	7.647</FloatingPoint>
			</Individual>
			<Individual size="1">
				<MOFitness value1="-0.088516" value2="-0.90625"/>
				<FloatingPoint size="96">	1.12185	6.74639	22.7158	21.9532	8.46189	25.7098	0.973693	28.2733	0.324352	29.3882	14.9395	24.7636	26.1095	10.9084	6.5184	6.34089	16.8055	28.5448	20.9683	25.1034	4.4803	22.0906	5.68548	9.88626	8.57938	28.7787	0.454181	13.554	29.5689	19.6668	15.4935	30.6907	26.4132	7.20926	21.644	3.87505	1.91909	22.6177	1.1483	2.24344	21.0059	16.0878	27.007	16.1154	26.9962	2.52543	22.4563	12.8017	0.070264	12.4246	6.9051	4.55056	3.51575	12.5906	14.4368	12.0951	10.3692	14.891	25.6491	8.93813	3.55776	10.1425	8.62888	29.9709	17.4356	30.2729	2.84596	19.2709	21.8905	3.99427	21.5143	11.8964	20.0821	17.5214	28.0118	16.0783	20.0468	10.1846	28.88	20.1192	0.8927	4.78512	24.6676	4.40845	17.3757	8.10444	16.5036	27.7449	22.9954	11.1527	5.68305	26.7008	21.2952	14.3119	25.5241	7.64729</FloatingPoint>
			</Individual>
			<Individual size="1">
				<MOFitness value1="-0.088516" value2="-0.90625"/>
				<FloatingPoint size="96">	1.38886	6.91799	22.4307	22.004	10.5512	25.6334	0.97252	28.6178	8.51121	29.3787	9.25458	25.3386	9.23571	10.946	1.49444	6.27684	16.7821	28.5461	20.8391	24.954	3.96382	22.0935	24.9783	2.04355	10.1896	7.11692	0.38659	13.5552	29.9195	19.689	15.4799	30.1013	26.8469	7.36073	21.6678	3.883	11.4553	22.5485	0.750684	7.02714	21.1489	16.9424	27.3649	16.4731	20.0475	4.42705	29.548	4.77228	0.364382	12.5918	6.91368	6.14524	9.00203	12.5506	14.2038	12.0967	11.0993	14.8648	21.571	9.18218	3.76723	10.0642	2.81441	29.9567	17.4982	29.6101	2.49002	19.3432	23.7902	15.7106	21.6843	25.9425	20.0858	16.4456	27.9115	16.1176	7.39647	7.96999	28.9142	20.2308	0.870485	4.22887	24.694	6.09306	17.3759	8.2633	16.432	28.1536	22.8555	11.7164	5.78997	26.5457	21.2565	14.3116	27.9368	7.78818</FloatingPoint>
			</Individual>
			<Individual size="1">
				<MOFitness value1="-0.088516" value2="-0.90625"/>
				<FloatingPoint size="96">	1.12185	6.74639	22.7158	21.9532	8.46189	25.7098	0.973693	28.2733	0.324352	29.3882	14.9395	24.7636	26.1095	10.9084	6.5184	6.34089	16.8055	28.5448	20.9683	25.1034	4.4803	22.0911	5.68548	9.88626	8.57938	28.7787	0.454181	13.554	29.5689	19.6668	15.4935	30.6907	26.4132	7.20926	21.644	3.87505	1.91909	22.6177	1.1483	2.24344	21.0059	16.0878	27.007	16.1154	26.9962	2.52543	22.4563	12.8017	0.070264	12.4246	6.9051	4.55056	3.51575	12.5906	14.4368	12.0951	10.3692	14.891	25.6491	8.93813	3.55776	10.1425	8.62888	29.9709	17.3518	30.2729	2.84596	19.2709	21.8905	3.99427	21.5143	11.8964	20.0821	17.5214	28.0118	16.0783	20.0468	19.4681	28.88	20.1171	0.8927	4.78512	24.6676	4.40845	17.3757	8.10444	16.5036	27.7449	22.9954	11.1527	5.68305	26.5532	21.2952	14.3119	25.5241	7.647</FloatingPoint>
			</Individual>
			<Individual size="1">
				<MOFitness value1="-0.088516" value2="-0.90625"/>
				<FloatingPoint size="96">	1.12185	6.74639	22.7158	21.9533	8.40008	25.7098	0.962745	28.2736	0.324351	29.3882	14.9659	24.7636	26.1095	10.9094	6.5184	6.34089	16.8055	28.5496	20.9683	25.1034	4.47598	22.0911	5.68532	6.22353	8.57426	28.9171	0.425525	13.5539	29.5689	19.6669	15.3888	30.6877	26.4132	7.20926	21.9448	3.87504	1.81247	22.6149	1.14814	2.24344	21.0059	15.5775	26.9902	16.1175	12.3955	2.54292	22.4562	12.8025	0.364638	12.4233	6.97744	9.14474	3.51575	12.5906	14.4368	12.0736	10.3692	14.8925	25.761	8.95182	3.55776	27.5236	8.62888	29.9879	17.3518	30.2624	2.84596	19.2699	21.8616	3.93091	21.5143	11.8991	20.0786	17.5216	28.0072	16.1569	20.5701	19.4232	28.88	20.1142	0.893008	4.24191	24.6676	4.40766	17.3757	8.10444	16.0949	27.7449	22.9955	11.1092	5.68305	26.5566	21.306	14.3116	7.60912	7.64689</FloatingPoint>
			</Individual>
			<Individual size="1">
				<MOFitness value1="-0.088516" value2="-0.90625"/>
				<FloatingPoint size="96">	1.12185	6.74639	22.7158	21.9532	8.46189	25.7098	0.973693	28.2733	0.324352	29.3882	14.9395	24.7636	26.1095	10.9084	6.5184	6.34089	16.8055	28.5448	20.9683	25.1034	4.4803	22.0911	5.68548	9.88626	8.57938	28.7787	0.454181	13.554	29.5689	19.6668	15.4935	30.6907	26.4132	7.20926	21.644	3.87505	1.91909	22.6177	1.1483	2.24344	21.0059	16.0878	27.007	16.1154	26.9962	2.52543	22.4563	12.8017	0.070264	12.4246	6.9051	4.55056	3.51575	12.5906	14.4368	12.0951	10.3692	14.891	25.6491	8.93813	3.55776	10.1425	8.62888	29.9709	17.3518	30.2729	2.84596	19.2709	21.8905	3.99427	21.5143	11.8964	20.0821	17.5214	28.0118	16.0783	20.0468	19.4681	28.88	20.1171	0.8927	4.78512	24.6676	4.40845	17.3757	8.10444	16.5036	27.7449	22.9954	11.1527	5.68305	26.5532	21.2952	14.3119	25.5241	7.647</FloatingPoint>
			</Individual>
			<Individual size="1">
				<MOFitness value1="-0.088516" value2="-0.90625"/>
				<FloatingPoint size="96">	1.12185	6.74639	22.7158	21.9532	8.46189	25.7098	0.973693	28.2733	0.323	29.3882	14.9395	24.7636	26.1095	10.9084	6.5184	6.34089	16.8055	28.5448	20.9683	25.1034	4.4803	22.0911	5.68548	9.88626	13.6041	28.7787	0.454181	13.5543	29.5689	19.6668	15.4935	30.6907	26.4132	7.20926	21.644	3.87505	1.91909	22.6177	1.1483	2.24344	21.0059	16.0878	27.007	16.1154	26.9962	2.52543	22.4563	12.8017	0.070264	12.4246	6.9051	4.55056	3.51575	12.6073	14.4368	12.0951	10.3692	14.891	25.6491	8.93813	3.55776	10.1425	8.62888	29.9709	27.4927	30.2729	2.84596	19.2513	21.8905	3.99427	21.5143	11.8964	20.0821	17.5214	28.0118	16.0783	20.0468	19.4681	28.88	20.1171	0.8927	4.78512	24.6676	4.40845	17.3757	8.10444	7.69484	27.7449	22.9954	11.1527	5.68305	26.5532	21.2952	14.3119	25.5241	7.63971</FloatingPoint>
			</Individual>
			<Individual size="1">
				<MOFitness value1="-0.088516" value2="-0.90625"/>
				<FloatingPoint size="96">	1.12185	6.74639	22.7158	21.9532	8.46189	25.7098	0.973693	28.2733	0.324352	29.3882	14.9395	24.7636	26.1095	10.9084	6.5184	6.34089	16.8055	28.5448	20.9683	25.1034	4.4803	22.0911	5.68548	9.88626	8.57938	28.7787	0.454181	13.554	29.5689	19.6668	15.4935	30.6907	26.4132	7.20926	21.644	3.87505	1.91909	22.6177	1.1483	2.24344	21.0059	16.0878	27.007	16.1154	26.9962	2.52543	22.4563	12.8017	0.070264	12.4246	6.9051	4.55056	3.51575	12.5906	14.4368	12.0951	10.3692	14.891	30.9981	8.93813	3.55776	10.1425	8.62888	29.9709	17.3518	30.2729	2.84596	19.2709	21.8905	3.99427	21.5143	11.8964	20.0821	17.5214	28.0118	16.0783	20.0468	19.4681	28.88	20.1171	0.8927	4.78512	24.6676	4.40845	17.3757	8.10444	16.5036	27.7449	22.9954	11.1531	5.68305	26.5532	21.2952	14.3119	25.5241	9.59485</FloatingPoint>
			</Individual>
			<Individual size="1">
				<MOFitness value1="-0.088516" value2="-0.90625"/>
				<FloatingPoint size="96">	1.12185	6.74639	22.7158	21.9532	8.46189	25.7098	0.973693	28.2733	0.324352	29.3882	14.9395	24.7636	26.1095	10.9084	6.5184	6.34089	16.8055	28.5448	20.9683	25.1034	4.4803	22.0911	5.68548	9.88626	8.57938	28.7787	0.454181	13.554	29.5689	19.6668	15.4935	30.6907	26.4132	7.20926	21.644	3.87505	1.91909	22.6177	1.1483	2.24344	21.0059	16.0878	27.007	16.1154	26.9962	2.52543	22.4563	12.8017	0.070264	12.4246	6.9051	4.55056	3.51575	12.5906	14.4368	12.0951	10.3692	14.891	25.6491	8.93813	3.55776	10.1425	8.62888	29.9709	17.3518	30.2729	2.84596	19.2709	21.8905	3.99427	21.5143	11.8964	20.0821	17.5214	28.0118	16.0783	20.0468	19.4681	28.88	20.1171	0.8927	4.78512	24.6676	4.40845	17.3757	8.10444	16.5036	27.7449	22.9954	11.1527	5.68305	26.5532	21.2952	14.3119	25.5241	7.647</FloatingPoint>
			</Individual>
			<Individual size="1">
				<MOFitness value1="-0.088516" value2="-0.90625"/>
				<FloatingPoint size="96">	1.12185	6.74639	22.7158	21.9532	8.46189	25.7098	0.973693	28.2733	0.324352	29.3882	14.9395	24.7636	26.1095	10.9084	6.5184	6.34089	16.8055	28.5448	20.9683	25.1034	4.4803	22.0911	5.68548	9.88626	8.57938	28.7787	0.454181	13.554	29.5689	19.6668	15.4935	30.6907	26.4132	7.20926	21.644	3.87505	1.91909	22.6177	1.1483	2.24344	21.0059	16.0878	27.007	16.1154	26.9962	2.52543	22.4563	12.8017	0.070264	12.4246	6.9051	4.55056	3.51575	12.5906	14.4368	12.0951	10.3692	14.891	25.6491	8.93813	3.55776	10.1425	8.62888	29.9709	17.3518	30.2729	2.84596	19.2709	21.8905	3.99427	21.5143	11.8964	20.0821	17.5214	28.0118	16.0783	20.0468	19.4681	28.88	20.1171	0.8927	4.78512	2.41817	4.40845	17.3757	8.10444	16.5036	27.7449	22.9954	11.1527	5.68305	26.5532	21.2952	14.3119	25.5241	7.647</FloatingPoint>
			</Individual>
			<Individual size="1">
				<MOFitness value1="-0.088516" value2="-0.90625"/>
				<FloatingPoint size="96">	1.12185	6.74639	22.7158	21.9532	8.46189	25.7098	0.973693	28.2733	0.324352	29.3882	14.9395	24.7636	26.1095	10.9084	6.5184	6.34089	16.8055	28.5448	20.9683	25.1034	4.4803	22.0911	5.68548	9.88626	8.57938	28.7787	0.454181	13.554	29.5689	19.6668	15.4935	30.6907	26.4132	7.20926	21.644	3.87505	1.91909	22.6177	1.1483	2.24344	21.0059	16.0878	27.007	16.1154	26.9962	2.52543	22.4563	12.8017	0.070264	12.4246	6.9051	4.55056	3.51575	12.5906	14.4368	12.0951	10.3692	14.891	25.6491	8.93813	3.55776	10.1425	8.62888	29.9709	2.27278	30.2729	2.84596	19.2709	21.8905	3.99427	21.5562	11.8964	20.0821	17.5214	28.0118	16.0783	20.0468	19.4681	28.88	20.1171	0.8927	4.78512	24.6676	4.40845	17.3757	8.10444	16.5036	27.7449	22.9954	11.1527	5.68305	26.5532	21.2952	14.3119	25.5241	7.647</FloatingPoint>
			</Individual>
			<Individual size="1">
				<MOFitness value1="-0.088516" value2="-0.90625"/>
				<FloatingPoint size="96">	1.12185	6.74639	22.7158	21.9532	8.46189	25.7098	0.977996	28.2733	0.324352	29.3882	14.9395	24.7636	26.1095	10.9084	6.5184	6.34089	16.8055	28.5448	20.9683	25.1034	4.4803	22.0911	5.68548	9.91097	8.5799	28.7787	0.454181	13.5539	29.5689	19.6668	15.4935	30.6907	26.4132	7.20926	21.644	3.88024	1.91912	22.6177	1.1483	2.24344	21.0059	16.0878	27.007	16.1154	26.9962	2.52543	22.4563	12.8017	0.070264	12.4246	6.9051	4.55056	3.51575	12.5905	14.4368	12.0951	10.3692	14.8912	25.6491	8.93813	3.55776	10.1425	8.62888	29.9709	17.8693	30.2729	27.8714	19.2662	21.8905	3.99427	21.5143	11.8964	20.0821	17.5214	27.7453	16.0783	20.0468	19.4677	28.88	20.1168	0.8927	4.94346	24.6676	4.40845	17.3757	8.10758	16.4897	27.7449	22.9954	11.1527	5.68305	26.5532	21.2952	14.3119	25.5241	5.31988</FloatingPoint>
			</Individual>
			<Individual size="1">
				<MOFitness value1="-0.088516" value2="-0.90625"/>
				<FloatingPoint size="96">	1.12185	6.74639	22.7158	21.9532	8.46189	25.7069	1.38197	28.2733	2.52537	29.3882	17.7311	5.22668	14.5839	10.9109	6.5184	6.34089	16.8055	28.5448	20.9683	25.1061	4.4803	22.0801	5.68548	10.4133	8.57938	28.7787	0.454181	13.554	29.5689	19.6668	15.4935	30.6907	26.4131	7.20926	21.644	3.87505	1.89962	22.6147	1.1483	2.24344	21.0121	16.0878	27.007	16.1154	27.0883	2.52548	22.4564	12.8017	0.070264	12.4457	6.90556	4.55054	3.51575	19.293	14.4368	29.4503	10.3692	14.891	25.6491	8.93813	3.55777	10.1425	8.62888	29.9709	17.354	30.2729	2.84624	25.7774	21.8905	3.99427	21.5143	11.8964	20.0485	17.5214	28.0123	16.0783	20.0468	19.4681	28.88	20.1192	0.897684	26.5279	24.6676	4.40837	17.6657	8.10444	16.5036	27.7449	22.9954	11.1526	6.12334	26.5585	21.2952	14.324	25.5241	7.64699</FloatingPoint>
			</Individual>
			<Individual size="1">
				<MOFitness value1="-0.088516" value2="-0.90625"/>
				<FloatingPoint size="96">	1.12185	6.74639	22.7158	21.9532	8.46189	25.7098	0.973693	28.2733	0.224054	29.3882	14.9395	24.7636	26.1095	10.9084	6.5184	6.34089	16.8055	28.5448	20.9683	25.1034	4.4803	22.0911	5.68548	9.88626	8.57938	28.7787	0.454181	2.66574	29.5689	19.6668	15.503	30.6907	26.4132	7.20926	21.644	3.87505	1.91909	22.6177	1.1483	2.24344	21.0059	16.0878	27.007	16.1154	26.9962	2.52543	22.4563	12.8017	0.070264	12.4246	6.9051	4.55056	3.51575	12.5906	14.4368	12.0951	10.3692	14.891	25.6491	8.93813	3.55776	10.1425	8.62888	29.9709	17.3518	30.2729	2.84596	19.2709	21.8905	3.99427	21.5143	11.8964	20.0821	17.5214	28.0118	16.0783	20.0468	19.4681	28.88	20.1171	0.8927	4.78512	24.6676	4.40845	17.3757	8.10444	16.5036	27.7449	22.9954	11.1527	5.68305	26.5532	21.2952	14.3119	25.5241	7.647</FloatingPoint>
			</Individual>
			<Individual size="1">
				<MOFitness value1="-0.088516" value2="-0.90625"/>
				<FloatingPoint size="96">	1.12185	6.74639	22.7158	21.9532	8.46189	25.7098	0.973693	28.2733	0.324352	29.3882	14.9601	24.7636	26.1095	10.9084	6.5184	6.34089	16.8055	28.5448	20.9683	25.1034	4.4803	22.0911	5.68548	18.0415	8.57938	28.7787	0.454181	13.554	29.5689	19.6668	15.4935	30.6907	26.4132	7.20926	21.644	3.87505	1.91909	22.6177	1.1483	2.24344	21.0059	16.0878	27.007	16.1154	26.9962	2.52543	22.4563	12.8017	0.070264	12.4246	6.9051	4.55056	3.51575	12.5906	14.4368	12.0951	10.3692	14.891	25.6491	8.93813	3.55776	10.1425	8.62888	29.9709	17.3518	30.2729	2.84596	19.2709	21.8905	3.99427	21.5143	11.8964	20.0821	17.5214	28.0118	16.0783	20.0468	19.4681	28.88	20.1171	0.8927	4.78512	24.6676	4.40845	17.3757	8.10444	16.5036	27.7449	22.9954	11.1527	5.68305	26.5532	21.2952	14.3119	25.5241	7.647</FloatingPoint>
			</Individual>
			<Individual size="1">
				<MOFitness value1="-0.088516" value2="-0.90625"/>
				<FloatingPoint size="96">	1.12185	6.74639	22.7158	21.9532	20.7417	25.7098	0.971874	28.2733	0.324354	29.3882	14.9395	24.7636	26.1095	10.9084	0.659598	6.34089	16.8055	28.5448	20.9683	25.1034	4.4803	22.0911	5.68548	9.88626	8.57944	28.5806	0.456414	13.554	29.5689	19.6668	15.4935	30.6907	26.4132	17.9976	21.5486	3.87505	1.91909	22.6177	1.1483	2.24344	21.0059	16.0878	27.007	16.1154	26.9962	2.52543	22.4563	12.8017	0.070264	12.4246	6.90647	4.55056	3.51575	12.5898	14.4368	12.0951	10.3692	14.891	25.6491	8.93813	3.55776	10.1425	8.62888	29.9678	17.3056	30.2729	2.84596	19.2476	21.8875	3.99427	21.5143	11.8964	20.0821	17.5214	28.0118	16.0783	20.0468	19.4681	28.88	20.1164	0.8927	4.78512	24.6676	4.40845	17.3757	8.10444	17.1132	27.7449	22.9954	11.1527	5.68305	26.6172	21.2952	14.3119	25.5241	7.647</FloatingPoint>
			</Individual>
			<Individual size="1">
				<MOFitness value1="-0.088516" value2="-0.90625"/>
				<FloatingPoint size="96">	1.00921	6.7464	22.7157	21.9623	8.53783	25.7175	0.969922	28.2682	0.328383	29.3884	14.9394	24.7637	26.1096	10.9248	6.5141	6.33626	16.8052	28.661	20.9584	25.4851	4.48087	22.0902	5.69304	9.88659	8.57942	28.7808	0.458898	13.5539	29.568	19.7489	15.4935	30.9623	26.4096	7.20844	21.6434	3.8752	2.18532	2.50833	1.14833	7.17091	21.0116	16.0879	27.007	16.1147	30.0702	3.30777	22.7144	12.8031	0.0524077	12.0379	6.90486	4.55056	3.51998	12.5972	14.4365	12.0951	10.3671	14.9081	25.644	4.29535	3.55816	7.84765	8.63454	29.7562	17.3468	30.1755	2.84596	19.2723	21.8908	3.89681	3.38639	11.8975	20.0821	17.2818	29.9088	16.0783	21.7175	19.4668	29.3678	9.51231	0.889848	4.70678	24.6571	3.72852	17.6849	29.5585	16.2453	27.7449	22.9951	21.6121	5.68308	27.2981	24.4041	14.3119	25.5243	7.64571</FloatingPoint>
			</Individual>
			<Individual size="1">
				<MOFitness value1="-0.088516" value2="-0.90625"/>
				<FloatingPoint size="96">	1.12185	6.74639	22.7158	21.9532	8.46189	25.7098	0.973693	28.2733	0.324352	29.3882	14.9395	24.7636	26.1095	10.9084	6.5184	6.34089	16.8055	28.5448	20.9683	25.1034	4.4803	22.0911	5.68548	9.88626	8.57938	28.7787	0.454181	13.554	29.5689	19.6668	15.4935	30.6907	26.4132	7.20926	21.644	3.87505	1.91909	22.6177	1.1483	2.24344	21.0059	16.0878	27.007	16.1154	26.9962	2.52543	22.4563	12.8017	0.070264	12.4246	6.9051	4.55056	3.51575	12.5906	14.4368	12.0951	10.3692	14.891	25.6491	8.93813	3.55776	10.1425	8.62888	29.9709	17.3518	30.2729	2.84596	19.2709	21.8905	3.99427	21.5143	11.8964	20.0821	17.5214	28.0118	16.0783	20.0468	19.4681	28.88	20.1171	0.8927	4.78512	24.6676	4.40845	17.3757	8.10444	16.5036	27.7449	22.9954	11.1527	5.68305	26.5532	21.2952	14.3119	25.5241	7.647</FloatingPoint>
			</Individual>
			<Individual size="1">
				<MOFitness value1="-0.088516" value2="-0.90625"/>
				<FloatingPoint size="96">	1.21106	6.8107	22.735	22.0096	7.79931	25.6304	1.18828	27.3346	0.625033	29.4061	13.7502	24.7137	10.0563	11.3132	6.58532	6.30206	16.3396	30.9013	17.2555	2.07744	4.67095	21.9275	17.2839	10.3346	8.34903	0.969964	0.0140838	13.6859	29.6457	19.1774	15.5005	19.2934	26.5998	14.2447	21.8724	3.87523	1.70301	30.6561	19.5478	6.86239	26.1372	16.8736	26.7577	28.0159	27.11	2.88691	22.3976	12.7765	0.970477	13.8154	6.98545	4.64226	4.6529	13.1537	6.15335	13.6233	18.4051	14.9077	25.6711	15.2934	25.3886	7.82447	8.58325	1.66307	14.629	30.1838	2.65548	7.84414	21.9285	15.8674	3.19979	10.9787	19.9679	16.4387	27.6698	16.4918	20.2873	19.2885	28.9069	10.4467	7.1372	22.0832	10.1771	5.00742	17.3752	29.5067	16.3572	26.8431	22.4839	10.8627	5.75142	26.3421	24.2504	14.3163	11.6464	14.5076</FloatingPoint>
			</Individual>
			<Individual size="1">
				<MOFitness value1="-0.088516" value2="-0.90625"/>
				<FloatingPoint size="96">	1.12185	6.74639	22.7158	21.9532	8.46189	25.7098	0.973693	28.2733	0.324352	29.3882	14.9395	24.7636	26.1095	10.9084	6.5184	6.34089	16.8055	28.5448	20.9683	25.1034	4.4803	22.0911	5.68548	9.88626	8.57938	28.7787	0.454181	13.554	29.5689	19.6668	15.4935	30.6907	26.4132	7.20926	21.644	3.87505	1.91909	22.6177	1.1483	2.24344	21.0059	16.0878	27.007	16.1154	26.9962	2.52543	22.4563	12.8017	0.070264	12.4246	6.9051	4.55056	3.51575	12.5906	14.4368	12.0951	10.3692	14.891	25.6491	8.93813	3.55776	10.1425	8.62888	29.9709	2.27278	30.2729	2.84596	19.2709	21.8905	3.99427	21.5562	11.8964	20.0821	17.5214	28.0118	16.0783	20.0468	19.4681	28.88	20.1171	0.8927	4.78512	24.6676	4.40845	17.3757	8.10444	16.5036	27.7449	22.9954	11.1527	5.68305	26.5532	21.2952	14.3119	25.5241	7.647</FloatingPoint>
			</Individual>
			<Individual size="1">
				<MOFitness value1="-0.088516" value2="-0.90625"/>
				<FloatingPoint size="96">	1.13757	6.85766	22.7232	22.1328	9.57562	25.5361	8.79326	27.5633	0.327958	29.3788	15.4875	25.3021	26.5762	10.9004	6.54132	6.33014	16.6916	28.5309	20.9078	25.3906	4.45292	22.1244	6.49392	9.39987	8.57935	29.153	8.92135	13.5446	29.5698	19.7566	15.4912	30.8417	27.0207	7.19812	21.822	3.87537	18.3662	1.7279	1.19231	6.71646	26.1632	16.1353	27.1215	14.8179	20.2282	13.8805	22.7254	12.7901	0.0820752	12.1363	6.93109	20.0232	3.52046	11.4443	14.2985	12.0848	10.1374	14.0149	21.5586	15.1394	3.57449	10.1388	8.62688	2.03729	17.5009	29.6005	2.89509	19.0533	21.9858	3.96409	20.9378	12.1849	20.0815	23.9563	30.0201	28.8299	7.55331	12.9624	2.67036	20.2944	0.889989	24.9082	24.1784	4.43201	17.6795	29.4986	16.2552	27.2739	22.83	20.9134	5.57141	5.96928	21.2589	14.2312	25.5242	9.41568</FloatingPoint>
			</Individual>
			<Individual size="1">
				<MOFitness value1="-0.088516" value2="-0.90625"/>
				<FloatingPoint size="96">	1.12185	6.74639	22.7158	21.9532	8.46189	25.7098	0.973693	28.2733	0.323021	29.3882	14.9395	24.7636	26.1095	10.9084	6.5184	6.34089	16.8055	28.5448	20.9683	25.1034	4.4803	22.0911	5.68548	9.88626	13.5653	28.7787	0.454181	13.5543	29.5689	19.6668	15.4935	30.6907	26.4132	7.20926	21.644	3.87505	1.91909	22.6177	1.1483	2.24344	21.0059	16.0878	27.007	16.1154	26.9962	2.52543	14.7545	12.8017	0.070264	12.4246	6.9051	4.55056	3.51575	12.6074	14.4368	12.0951	10.3692	14.891	25.6491	8.93813	3.55776	10.1425	8.62888	29.9709	27.4573	30.2729	2.84596	19.2514	21.8905	3.99427	21.5143	11.8964	20.0821	17.5214	28.0118	16.0783	20.0468	19.4681	28.88	20.1171	0.8927	4.78512	24.6676	4.40845	17.3757	8.10444	16.2918	27.7449	22.9954	11.1527	5.68305	26.5532	21.2952	14.3119	25.5241	7.63987</FloatingPoint>
			</Individual>
			<Individual size="1">
				<MOFitness value1="-0.088516" value2="-0.90625"/>
				<FloatingPoint size="96">	1.21106	6.8107	22.735	22.0096	7.79931	25.6304	1.18828	27.3346	0.625033	29.4061	13.7502	24.7137	10.0563	11.3132	6.58532	6.30206	16.3396	30.9013	17.2555	2.07744	4.67095	21.9275	17.2839	10.3346	8.34903	0.969964	0.0140838	13.6859	29.6457	19.1774	15.5005	19.2934	26.5998	14.2447	21.8724	3.87523	1.70301	30.6561	19.5478	6.86239	26.1372	16.8736	26.7577	28.0159	27.11	2.88691	22.3976	12.7765	0.970477	13.8154	6.98545	4.64226	4.6529	13.1537	6.15335	13.6233	18.4051	14.9077	25.6711	15.2934	25.3886	7.82447	8.58325	1.66307	14.629	30.1838	2.65548	7.84414	21.9285	15.8674	3.19979	10.9787	19.9679	16.4387	27.6698	16.4918	20.2873	19.2885	28.9069	10.4467	7.1372	22.0832	10.1771	5.00742	17.3752	29.5067	16.3572	26.8431	22.4839	10.8627	5.75142	26.3421	24.2504	14.3163	11.6464	14.5076</FloatingPoint>
			</Individual>
			<Individual size="1">
				<MOFitness value1="-0.088516" value2="-0.90625"/>
				<FloatingPoint size="96">	1.12158	6.72325	22.7354	21.8829	8.46912	25.7094	0.973408	27.847	0.324637	30.0813	26.9091	24.7265	26.117	10.9107	26.8699	6.34085	16.8055	28.3288	20.9684	25.1196	5.61851	22.064	5.68411	9.88591	8.531	28.3009	1.12676	13.5422	29.5633	19.5679	15.4937	30.6888	26.4179	7.1005	21.2002	3.95333	28.8618	29.0474	21.71	2.22527	20.9921	16.1208	26.9917	16.5469	4.49178	2.53139	22.4583	22.5086	0.0384998	12.449	6.89563	4.55099	3.48633	12.593	14.4369	12.0955	1.58845	11.6917	25.6493	8.44581	13.888	10.1429	25.6452	12.5782	9.02905	29.8868	2.84686	19.2256	21.8919	4.01505	21.518	6.87856	27.6801	17.5161	27.5589	16.4478	20.0497	10.034	28.8754	20.7018	9.62802	20.9674	24.4685	4.45319	17.8652	8.07076	16.3182	27.7442	14.8252	10.8161	5.67865	26.5421	21.5111	14.3201	25.5397	7.64567</FloatingPoint>
			</Individual>
			<Individual size="1">
				<MOFitness value1="-0.088516" value2="-0.90625"/>
				<FloatingPoint size="96">	1.12185	6.74639	22.7158	21.9532	8.46189	25.7098	0.973693	28.2733	0.324352	29.3882	14.9395	24.7636	26.1095	10.9084	6.5184	6.34089	16.8055	28.5448	20.9683	25.1034	4.4803	22.0911	5.68548	9.88626	8.57938	28.7787	0.454181	13.554	29.5689	19.6668	15.4935	30.6907	26.4132	7.20926	21.644	3.87505	1.91909	22.6177	1.1483	2.24344	21.0059	16.0878	27.007	16.1154	26.9962	2.52543	22.4563	12.8017	0.070264	12.4246	6.9051	4.55056	3.51575	12.5906	14.4368	12.0951	10.3692	14.891	25.6491	8.93813	3.55776	10.1425	8.62888	29.9709	17.3518	30.2729	2.84596	19.2709	21.8905	3.99427	21.5143	11.8964	20.0821	17.5214	28.0118	16.0783	20.0468	19.4681	28.88	20.1171	0.8927	4.78512	24.6676	4.40845	17.3757	8.10444	16.5036	27.7449	22.9954	11.1527	5.68305	26.5532	21.2952	14.3119	25.5241	7.647</FloatingPoint>
			</Individual>
			<Individual size="1">
				<MOFitness value1="-0.088516" value2="-0.90625"/>
				<FloatingPoint size="96">	1.15638	6.74717	22.6889	26.2859	8.52991	25.7345	3.01928	28.256	1.0033	29.3881	14.9396	18.9212	26.1075	10.9124	6.13147	6.32822	16.8021	29.3653	10.1932	7.07752	4.17898	8.64393	7.42277	9.76081	8.78198	28.8395	0.457327	13.5673	29.5681	19.8351	6.53692	30.7444	26.4135	10.0232	21.2289	3.54282	1.79435	22.6185	1.15159	2.97105	21.0114	16.4182	27.0092	15.8801	27.0022	2.52729	19.3647	22.5052	9.94193	12.9488	5.04892	4.51934	3.52043	12.0936	14.4401	11.9801	1.95726	11.684	25.6413	8.93891	3.5447	10.1409	8.62916	29.8845	17.3517	19.0859	2.79214	7.90516	13.8425	3.53642	16.8076	11.909	20.1766	18.2917	28.0353	16.0827	20.0485	10.0009	28.9016	20.1159	1.99021	4.98153	24.3232	12.6636	18.3765	7.91443	16.7319	4.95161	23.097	11.1832	5.69536	14.5694	11.1976	14.1583	26.0435	24.4015</FloatingPoint>
			</Individual>
			<Individual size="1">
				<MOFitness value1="-0.088516" value2="-0.90625"/>
				<FloatingPoint size="96">	1.12185	6.74639	22.7158	21.9532	8.46189	25.7098	2.08589	28.2733	0.299814	29.3882	14.9395	24.7636	26.1095	10.9084	6.5184	6.34089	16.8055	28.5448	20.9683	25.1034	4.4803	22.0911	5.68548	9.88626	8.57938	28.7787	0.454181	13.554	29.5689	19.6668	15.4935	30.6907	26.4132	7.20926	21.644	3.87505	23.8588	22.6177	1.1483	2.24344	21.0059	16.0878	27.007	16.1154	27.1153	2.52543	22.4563	12.8017	0.070264	12.4246	6.9051	4.55056	3.51575	12.5906	14.4368	12.0951	10.3692	3.98925	25.6491	8.93813	3.53245	10.1425	8.62888	29.9709	0.624199	30.2729	2.84596	19.2709	21.8905	3.99427	21.557	11.8964	20.0821	17.5214	28.0118	15.6383	20.0468	19.4681	28.88	20.1171	0.8927	4.78512	24.6676	4.40845	17.3757	8.10444	16.5036	27.7449	22.9954	11.1527	5.68305	26.2516	21.2952	14.3119	25.5241	7.647</FloatingPoint>
			</Individual>
			<Individual size="1">
				<MOFitness value1="-0.088516" value2="-0.90625"/>
				<FloatingPoint size="96">	1.12185	6.74639	22.7158	21.9532	8.46189	25.7098	0.973693	28.2733	0.324352	29.3882	14.9395	24.7636	26.1095	10.9084	6.5184	6.34089	16.8055	28.5448	20.9683	25.1034	4.4803	22.0911	5.68548	9.88626	8.57938	28.7787	0.454181	13.554	29.5689	19.6668	15.4935	30.6907	26.4132	7.20926	21.644	3.87505	1.91909	22.6177	1.1483	2.24344	21.0059	16.0878	27.007	16.1154	26.9962	2.52543	22.4563	12.8017	0.070264	12.4246	6.9051	4.55056	3.51575	12.5906	14.4368	12.0951	10.3692	14.891	25.6491	8.93813	3.55776	10.1425	8.62888	29.9709	17.3518	30.2729	2.84596	19.2709	21.8905	3.99427	21.5143	11.8964	20.0821	17.5214	28.0118	16.0783	20.0468	19.4681	28.88	20.1171	0.8927	4.78512	24.6676	4.40845	17.3757	8.10444	16.5036	27.7449	22.9954	11.1527	5.68305	26.5532	21.2952	14.3119	25.5241	7.647</FloatingPoint>
			</Individual>
			<Individual size="1">
				<MOFitness value1="-0.088516" value2="-0.90625"/>
				<FloatingPoint size="96">	1.12237	6.74636	22.7233	22.2144	9.6873	25.7083	8.94037	28.0057	0.324471	29.3882	15.0906	25.2279	26.1095	10.9076	6.51831	6.33133	16.8052	28.5318	20.9807	25.5231	4.48005	17.6338	5.63392	9.88627	8.57938	28.7807	0.454302	13.554	29.5689	19.6706	15.4913	30.9671	26.4127	7.2093	21.7173	3.8752	2.44978	1.42867	1.1483	6.91394	21.0019	16.1347	27.0136	16.1158	30.3625	13.5812	22.4522	12.8371	0.0692729	12.0188	6.898	4.55066	3.15879	12.5906	14.4363	12.0948	10.3685	14.6946	21.9525	8.93813	4.8261	10.1426	8.63462	1.81677	17.5993	30.2729	2.84565	19.3403	21.8913	3.99675	21.5046	11.8973	20.082	17.6899	30.042	16.0783	3.47759	12.7129	1.93259	10.2597	0.892754	4.78166	24.6676	3.75223	17.375	9.26057	16.5216	27.7451	23.1063	21.2885	5.74189	5.48797	21.2574	14.3117	25.5245	7.63741</FloatingPoint>
			</Individual>
			<Individual size="1">
				<MOFitness value1="-0.088516" value2="-0.90625"/>
				<FloatingPoint size="96">	1.12185	6.74166	22.7242	21.9532	8.46259	25.8522	0.973467	28.2733	0.324351	29.3882	14.9173	24.7636	26.1085	10.9084	8.10408	6.34089	16.8061	28.5448	20.9683	25.1518	4.50409	22.0912	5.68456	9.88627	8.5794	28.7786	0.454179	13.5547	29.5689	19.6668	15.5172	30.6871	26.3949	7.20978	21.8731	3.87505	1.91908	22.6177	1.14881	2.21977	20.8106	16.0878	27.0199	16.1154	26.9985	2.52877	22.7184	12.8017	0.0946092	12.4225	6.90503	4.54859	3.51574	12.5906	14.6232	12.0951	10.374	14.8912	25.6491	8.93813	3.55777	10.1425	8.62894	29.7804	17.4762	30.2733	2.84581	19.283	21.8931	3.99434	21.5143	11.8964	20.5569	17.5209	28.0336	16.0783	20.047	19.4681	28.88	20.117	0.205286	4.80065	24.6578	4.40889	17.3757	8.10463	16.3142	27.7454	22.9987	11.1034	28.1315	19.4619	21.2952	14.3022	25.5223	2.785</FloatingPoint>
			</Individual>
			<Individual size="1">
				<MOFitness value1="-0.088516" value2="-0.90625"/>
				<FloatingPoint size="96">	1.12185	6.74639	22.7158	21.9532	8.46189	25.7098	2.27511	28.2733	0.324352	29.3882	14.9395	5.9476	26.1095	10.9084	6.5184	6.34089	16.8055	28.5448	20.9683	25.1034	4.4803	22.0911	5.68548	9.88626	8.57938	28.7787	0.454181	13.554	29.5689	19.6668	15.4935	30.6907	26.4132	7.20926	21.644	3.87505	1.91909	22.6177	1.1483	2.24344	21.0059	16.0878	27.007	16.1154	26.9962	26.586	22.4563	12.8017	0.070264	12.4246	6.9051	4.55056	3.51575	12.5906	14.4368	11.4613	10.3692	14.891	25.6491	8.93813	3.55776	10.1425	8.62888	29.9709	17.3518	30.2729	2.84596	19.2709	21.8905	3.99427	21.5143	11.8964	20.0821	17.5214	28.0118	16.0783	20.0468	19.4681	28.88	20.1192	0.8927	4.78512	24.6676	4.40845	17.3757	8.10444	16.5036	27.7449	22.9954	11.1527	5.68305	26.5559	21.2952	14.3119	25.5241	7.647</FloatingPoint>
			</Individual>
			<Individual size="1">
				<MOFitness value1="-0.088516" value2="-0.90625"/>
				<FloatingPoint size="96">	1.12185	6.74639	22.7158	21.9532	8.46189	25.7098	0.973693	28.2733	0.324352	29.3882	14.9395	24.7636	26.1095	10.9084	6.5184	6.34089	16.8055	28.5448	20.9683	25.1034	4.4803	22.0911	5.68548	9.88626	8.57938	28.7787	0.454181	13.554	29.5689	19.6668	15.4935	30.6907	26.4132	7.20926	21.644	3.87505	1.91909	22.6177	1.1483	2.24344	21.0059	16.0878	27.007	16.1154	26.9962	2.52543	22.4563	12.8017	0.070264	12.4246	6.9051	4.55056	3.51575	12.5906	14.4368	12.0951	10.3692	14.891	30.9981	8.93813	3.55776	10.1425	8.62888	29.9709	17.3518	30.2729	2.84596	19.2709	21.8905	3.99427	21.5143	11.8964	20.0821	17.5214	28.0118	16.0783	20.0468	19.4681	28.88	20.1171	0.8927	4.78512	24.6676	4.40845	17.3757	8.10444	16.5036	27.7449	22.9954	11.1531	5.68305	26.5532	21.2952	14.3119	25.5241	9.59485</FloatingPoint>
			</Individual>
			<Individual size="1">
				<MOFitness value1="-0.088516" value2="-0.90625"/>
				<FloatingPoint size="96">	1.21024	6.80834	22.7153	21.9542	8.43923	25.6315	0.94722	28.2563	0.635021	29.3881	14.9027	24.7631	11.039	11.3177	6.51747	6.29994	16.3141	30.9161	20.9745	23.5127	4.47651	22.0854	5.63429	9.88559	8.3553	0.590323	0.00121762	13.5571	29.644	19.6704	15.5004	19.0212	26.6011	6.71018	21.8734	3.87504	1.91628	30.3983	19.2336	2.28902	20.8776	16.8827	27.0039	15.8217	26.9945	2.88508	22.4013	12.8012	0.127253	13.8484	6.98327	4.54406	3.51417	13.1476	14.596	13.5884	18.5741	14.8911	22.4984	8.91575	25.6074	10.1392	8.6285	1.96775	14.5595	30.2821	2.84988	7.89	21.9268	15.4176	3.31524	10.9816	20.0791	17.5042	27.9949	16.4894	20.2925	19.2892	28.907	10.4324	7.52101	21.9142	24.6556	4.97882	17.3752	29.3688	16.5031	27.698	22.4788	11.1528	5.74928	26.5527	24.3043	14.3121	25.6684	14.5622</FloatingPoint>
			</Individual>
			<Individual size="1">
				<MOFitness value1="-0.088516" value2="-0.90625"/>
				<FloatingPoint size="96">	1.12185	6.74639	22.7158	21.9532	8.46189	25.7098	0.973693	28.2733	0.324352	29.3882	14.9395	24.7636	26.1095	10.9084	6.5184	6.34089	16.8055	28.5448	20.9683	25.1034	4.4803	22.0911	5.68548	9.88626	8.57938	28.7787	0.454181	13.554	29.5689	19.6668	15.4935	30.6907	26.4132	7.20926	21.644	3.87505	1.91909	22.6177	1.1483	2.24344	21.0059	16.0878	27.007	16.1154	26.9962	2.52543	22.4563	12.8017	0.070264	12.4246	6.9051	4.55056	3.51575	12.5906	14.4368	12.0951	10.3692	14.891	25.6491	8.93813	3.55776	10.1425	8.62888	29.9709	17.3518	30.2729	2.84596	19.2709	21.8905	3.99427	21.5143	11.8964	20.0821	17.5214	28.0118	16.0783	20.0468	19.4681	28.88	20.1171	0.8927	4.78512	24.6676	4.40845	17.3757	8.10444	16.5036	27.7449	22.9954	11.1527	5.68305	26.5532	21.2952	14.3119	25.5241	7.647</FloatingPoint>
			</Individual>
			<Individual size="1">
				<MOFitness value1="-0.088516" value2="-0.90625"/>
				<FloatingPoint size="96">	1.12185	6.74639	22.7158	21.9532	8.62751	25.7098	22.6005	28.2733	0.222838	29.3882	14.9395	24.7636	26.1095	10.8994	6.5184	6.34089	16.8055	28.5448	20.9683	25.1034	4.4803	20.8145	5.68548	9.88626	8.57939	28.7787	0.454181	13.7384	29.5689	19.6668	15.4935	30.6907	26.4132	7.20926	21.644	3.87505	1.93189	22.5597	1.1483	2.24344	21.0059	16.0878	27.007	16.1154	27.033	2.55657	22.4563	12.8017	0.070264	12.4246	6.9051	5.02732	3.51575	12.5906	14.4368	12.0951	10.3692	14.891	25.6491	8.93813	3.55776	10.1425	8.62888	29.9709	17.3518	30.2729	2.84527	19.2709	21.8905	3.99427	21.5143	11.8964	20.0821	25.5589	13.6754	16.0783	20.0468	19.4681	28.8747	20.1171	0.892469	4.78755	24.6676	4.40845	17.3756	8.10444	16.5036	27.7449	22.9954	11.1527	5.68305	26.5532	21.2952	14.3119	25.5241	7.647</FloatingPoint>
			</Individual>
			<Individual size="1">
				<MOFitness value1="-0.088516" value2="-0.90625"/>
				<FloatingPoint size="96">	1.13861	6.74457	22.7232	22.2147	9.60786	25.5406	9.01178	28.01	0.328149	29.3884	15.0963	25.2098	26.1082	10.9076	6.51831	6.53945	16.8052	28.5316	20.3016	25.5034	4.51989	22.124	6.15767	9.8866	8.57942	28.7807	0.463044	13.5448	29.5685	19.7575	15.4911	30.9685	26.3987	7.20834	21.7179	3.8752	18.5415	2.31001	1.14833	6.99514	15.7948	16.1347	27.1224	16.1158	30.2535	14.1105	22.7209	12.8372	0.0692392	12.0273	6.8979	4.57765	3.16205	12.5971	14.2565	12.0849	10.1311	14.6968	21.9903	8.93744	4.88729	10.1426	8.63412	1.97621	17.5003	30.2719	2.84566	18.4675	21.9854	3.86248	20.937	11.8307	20.082	23.9474	30.0101	16.0783	2.8925	12.7528	1.08474	10.0623	0.889901	4.7079	24.6676	3.74305	17.6958	9.20925	16.2521	27.7451	23.1127	21.0766	5.74292	5.59187	21.2583	14.2312	25.5245	7.61125</FloatingPoint>
			</Individual>
			<Individual size="1">
				<MOFitness value1="-0.088516" value2="-0.90625"/>
				<FloatingPoint size="96">	1.12185	6.74639	22.7158	21.9532	8.46189	25.7098	21.8607	28.2733	0.324352	29.3882	14.9395	24.7636	26.1095	10.9084	6.5184	6.34089	16.8055	28.5448	20.9683	25.1034	4.4803	22.0911	5.68548	9.88626	8.57938	28.7787	0.454181	13.554	29.5689	19.6668	15.4935	30.6907	26.4132	7.20926	21.644	3.87505	1.9325	22.56	1.1483	2.24344	21.0059	16.0878	27.007	16.1154	27.0307	2.52543	22.4563	12.8017	0.070264	12.4246	6.9051	9.31182	3.51575	12.5906	14.4368	12.0951	10.3692	14.891	25.6491	8.93813	3.55776	10.1425	8.62888	29.9709	17.3518	30.2729	2.84596	19.2709	21.8905	3.99427	21.5143	11.8964	20.0821	17.5214	28.0118	16.0783	20.0468	19.4681	28.88	20.1171	0.8927	4.78512	24.6676	4.40845	17.3665	8.10444	16.5036	27.7449	22.9954	11.1527	5.68305	26.5532	21.2952	14.3119	25.5241	7.647</FloatingPoint>
			</Individual>
			<Individual size="1">
				<MOFitness value1="-0.088516" value2="-0.90625"/>
				<FloatingPoint size="96">	1.12185	6.74639	22.7158	21.9532	8.46189	25.7098	0.973693	28.2733	0.324352	29.3882	14.9395	24.7636	26.1095	10.9084	6.5184	6.34089	16.8055	28.5448	20.9683	25.1034	4.4803	22.0911	5.68548	9.88626	8.57938	28.7787	0.454181	13.554	29.5689	19.6668	15.4935	30.6907	26.4132	7.20926	21.644	3.87505	1.91909	22.6177	1.1483	2.24344	21.0059	16.0878	27.007	16.1154	26.9962	2.52543	22.4563	12.8017	0.070264	12.4246	6.9051	4.55056	3.51575	12.5906	14.4368	12.0951	10.3692	14.891	25.6491	8.93813	3.55776	10.1425	8.62888	29.9709	17.3518	30.2729	2.84596	19.2709	21.8905	3.99427	21.5143	11.8964	20.0821	17.5214	28.0118	16.0783	20.0468	19.4681	28.88	20.1171	0.8927	4.78512	24.6676	4.40845	17.3757	8.10444	16.5036	27.7449	22.9954	11.1527	5.68305	26.5532	21.2952	14.3119	25.5241	7.647</FloatingPoint>
			</Individual>
			<Individual size="1">
				<MOFitness value1="-0.088516" value2="-0.90625"/>
				<FloatingPoint size="96">	1.12185	6.74639	22.7158	21.9532	8.46189	25.7098	1.26621	28.2733	0.324352	29.3882	14.9395	24.7636	26.1095	10.9084	6.5184	6.34089	16.8055	28.5448	20.9683	25.1034	4.4803	22.0911	5.68548	9.88626	8.57938	29.1797	0.454181	13.554	29.5689	19.6668	15.3766	30.6907	26.4132	7.20926	21.644	3.87505	1.93236	22.6168	1.1483	2.24344	21.0059	16.0878	27.007	16.1154	27.0322	2.52543	22.4563	12.8017	0.070264	12.4246	6.9051	9.31078	3.51575	12.5906	14.4368	15.9021	10.3692	14.891	25.6491	8.93813	3.50019	10.1425	8.62888	29.9709	17.3518	30.2729	2.84596	19.2709	21.8905	3.99427	21.5143	11.8964	20.0821	17.5214	28.0118	16.0783	20.0468	19.4681	28.88	20.1171	0.8927	4.78512	24.6676	4.40845	17.3661	8.10444	16.5036	27.7449	22.9954	10.8569	5.68305	26.5532	21.2952	14.3119	25.5241	7.647</FloatingPoint>
			</Individual>
			<Individual size="1">
				<MOFitness value1="-0.088516" value2="-0.90625"/>
				<FloatingPoint size="96">	1.12184	6.92359	22.7158	21.9608	8.46188	25.7098	0.970977	28.2733	0.322145	29.3883	14.9273	24.7633	26.1095	10.9085	6.52211	6.3808	16.8053	28.5452	20.9683	25.1039	4.48021	22.0608	6.04684	9.88627	8.55864	1.82642	15.4664	13.6314	29.5689	19.3504	15.4936	30.6884	26.4181	7.20926	21.644	3.8752	1.91916	22.6167	1.34271	2.24338	21.0082	16.0887	27.0069	16.1059	26.9243	2.52539	22.4563	12.8017	0.0711103	12.4246	6.89958	21.3617	8.75878	12.5935	14.4361	16.0495	10.3692	13.4186	25.6491	8.92327	3.3787	10.111	8.62885	29.9709	17.5564	30.2729	2.84556	19.3021	21.8905	4.00135	21.3631	8.49971	20.0821	20.3964	28.0134	16.0783	20.0469	19.2412	28.88	20.113	0.892712	4.7851	22.5755	4.40847	17.4187	7.80688	16.5017	27.7501	22.9858	11.1578	5.71014	26.5533	21.3285	14.2524	25.5877	7.87667</FloatingPoint>
			</Individual>
			<Individual size="1">
				<MOFitness value1="-0.088516" value2="-0.90625"/>
				<FloatingPoint size="96">	1.12185	6.74639	22.7158	21.9532	8.46189	25.7098	1.26621	28.2733	0.324352	29.3882	14.9395	24.7636	26.1095	10.9084	6.5184	6.34089	16.8055	28.5448	20.9683	25.1034	4.4803	22.0911	5.68548	9.88626	8.57938	29.1797	0.454181	13.554	29.5689	19.6668	15.3766	30.6907	26.4132	7.20926	21.644	3.87505	1.93236	22.6168	1.1483	2.24344	21.0059	16.0878	27.007	16.1154	27.0322	2.52543	22.4563	12.8017	0.070264	12.4246	6.9051	9.31078	3.51575	12.5906	14.4368	15.9021	10.3692	14.891	25.6491	8.93813	3.50019	10.1425	8.62888	29.9709	17.3518	30.2729	2.84596	19.2709	21.8905	3.99427	21.5143	11.8964	20.0821	17.5214	28.0118	16.0783	20.0468	19.4681	28.88	20.1171	0.8927	4.78512	24.6676	4.40845	17.3661	8.10444	16.5036	27.7449	22.9954	10.8569	5.68305	26.5532	21.2952	14.3119	25.5241	7.647</FloatingPoint>
			</Individual>
			<Individual size="1">
				<MOFitness value1="-0.088516" value2="-0.90625"/>
				<FloatingPoint size="96">	1.12185	6.74639	22.7158	21.9532	8.46189	25.7098	0.973693	28.2733	0.324352	29.3882	14.9395	23.5106	26.1095	10.7423	6.5184	6.34089	16.8055	28.5448	20.9683	25.1034	4.4803	22.0911	5.68548	9.88626	8.57938	28.7787	0.454181	13.554	29.5689	19.6668	15.4935	30.6907	26.4132	7.20926	21.644	3.87505	1.91909	22.6177	1.1483	2.24344	21.0059	16.0878	27.007	16.1154	26.9962	2.52543	22.4563	12.8017	0.070264	12.4246	6.9051	4.55056	3.51575	12.5906	14.4368	12.0951	10.3692	14.891	25.6491	8.93813	3.55776	10.1425	8.62888	29.9709	17.3518	30.2729	2.84596	17.5405	21.8905	3.99427	21.5143	12.44	20.0821	17.5214	28.0118	16.0783	20.0468	19.4681	28.88	20.1171	0.8927	4.78512	24.6676	4.40845	17.3757	8.10444	16.5036	27.7449	22.9954	11.0776	5.68305	26.5532	21.2952	14.3119	25.5241	7.63049</FloatingPoint>
			</Individual>
			<Individual size="1">
				<MOFitness value1="-0.088516" value2="-0.90625"/>
				<FloatingPoint size="96">	1.12185	6.74639	22.7158	21.9532	8.46189	25.7098	0.973693	28.2733	0.324352	29.3882	14.9395	24.7636	26.1095	10.9084	6.5184	6.34089	16.8055	28.5448	20.9683	25.1034	4.4803	22.0911	5.68548	9.88626	8.57938	28.7787	0.454181	13.554	29.5689	19.6668	15.4935	30.6907	26.4132	7.20926	21.644	3.87505	1.91909	22.6177	1.1483	2.24344	21.0059	16.0878	27.007	16.1154	26.9962	2.52543	22.4563	12.8017	0.070264	12.4246	6.9051	4.55056	3.51575	12.5906	9.05883	12.0951	10.3692	14.891	25.6491	8.93813	3.55776	10.1425	8.62888	29.9709	17.3518	30.2729	2.84596	19.2709	21.8905	3.99427	21.5143	11.8964	20.0821	17.5214	28.0118	16.0783	20.0468	19.4681	28.88	20.1171	0.8927	4.78512	24.6676	4.40845	17.3757	8.10444	16.5036	27.7449	22.9954	11.1527	5.68305	26.5532	21.2952	14.3119	25.5241	7.647</FloatingPoint>
			</Individual>
			<Individual size="1">
				<MOFitness value1="-0.088516" value2="-0.90625"/>
				<FloatingPoint size="96">	1.12185	6.74639	22.7158	21.9532	8.46189	25.7098	0.973693	28.2733	0.324352	29.3882	14.9395	24.7636	26.1095	10.9084	6.5184	6.34089	16.8055	28.5448	20.9683	25.1034	4.4803	22.0911	5.68548	9.88626	8.57938	28.7787	0.454181	13.554	29.5689	19.6668	15.4935	30.6907	26.4132	7.20926	21.644	3.87505	1.91909	22.6177	1.1483	2.24344	21.0059	16.0878	27.007	16.1154	26.9962	2.52543	22.4563	12.8017	0.070264	12.4246	6.9051	4.55056	3.51575	12.5906	14.4368	12.0951	10.3692	14.891	25.6491	8.93813	3.55776	10.1425	8.62888	29.9709	17.3518	30.2729	2.84596	19.2709	21.8905	3.99427	21.5143	11.8964	20.0821	17.5214	28.0118	16.0783	20.0468	19.4681	28.88	20.1171	0.8927	4.78512	24.6676	4.40845	17.3757	8.10444	16.5036	27.7449	22.9954	11.1527	5.68305	26.5532	21.2952	14.3119	25.5241	7.647</FloatingPoint>
			</Individual>
			<Individual size="1">
				<MOFitness value1="-0.088516" value2="-0.90625"/>
				<FloatingPoint size="96">	1.12185	6.74639	22.7158	21.9532	8.46189	25.7098	0.973693	28.2733	0.324352	29.3882	14.9395	24.7636	26.1095	10.9084	6.5184	6.34089	16.8055	28.5448	20.9683	25.1034	4.4803	22.0911	3.95021	9.88626	8.57891	28.7787	0.454181	13.554	29.5689	19.6668	15.4935	30.6907	26.4132	7.20926	21.644	3.87505	1.91909	22.6177	1.1483	2.24344	21.0059	16.0878	27.007	16.1154	26.9962	2.52543	6.5818	12.8017	0.070264	12.4246	6.9051	4.55056	3.46966	12.5906	14.4934	12.0951	10.3692	14.891	25.6491	8.93813	3.55776	10.1425	8.62888	29.9709	17.3518	30.2729	2.84596	19.2709	21.8905	3.99427	21.5143	11.8964	20.0821	17.5214	28.0118	16.0783	20.0468	19.4681	28.88	20.1171	0.8927	4.78512	24.6676	4.40845	17.3757	8.10444	16.5036	27.7449	22.9954	11.1527	5.68305	26.5532	21.2952	14.3119	25.5241	7.647</FloatingPoint>
			</Individual>
			<Individual size="1">
				<MOFitness value1="-0.088516" value2="-0.90625"/>
				<FloatingPoint size="96">	1.12185	6.74639	22.7158	21.9532	8.46189	25.7098	0.973693	28.2733	0.324352	29.3882	14.9395	24.7636	26.1095	10.9084	6.5184	6.34089	16.8055	28.5448	20.9683	25.1034	4.4803	22.0911	5.68548	9.88626	8.57938	28.7787	0.454181	13.554	29.5689	19.6668	15.4935	30.6907	26.4132	7.20926	21.644	3.87505	1.91909	22.6177	1.1483	2.24344	21.0059	16.0878	27.007	16.1154	26.9962	2.52543	22.4563	12.8017	0.070264	12.4246	6.9051	4.55056	3.51575	12.5906	14.4368	12.0951	10.3692	14.891	25.6491	8.93813	3.55776	10.1425	8.62888	29.9709	17.3518	30.2729	2.84596	19.2709	21.8905	3.99427	21.5143	11.8964	20.0821	17.5214	28.0118	16.0783	20.0468	19.4681	28.88	20.1171	0.8927	4.78512	2.41817	4.40845	17.3757	8.10444	16.5036	27.7449	22.9954	11.1527	5.68305	26.5532	21.2952	14.3119	25.5241	7.647</FloatingPoint>
			</Individual>
			<Individual size="1">
				<MOFitness value1="-0.088516" value2="-0.90625"/>
				<FloatingPoint size="96">	1.12185	6.74639	22.7158	21.9532	8.46189	25.7098	0.9667	28.2733	0.323063	29.3882	14.9395	24.7636	26.1095	10.9084	6.5184	6.34089	16.8055	28.5448	20.9683	25.1034	4.4803	22.0906	5.68548	9.57742	13.7166	28.7787	0.454181	13.554	29.5689	19.6668	15.4935	30.6907	26.4132	7.20926	21.644	3.84155	1.87092	22.6177	1.1483	2.24344	21.0059	16.0878	27.007	16.1154	26.9962	2.52543	22.4563	12.8017	0.070264	12.4246	6.9051	4.55056	3.51575	12.5898	14.4368	8.22483	10.3692	14.891	25.6491	8.93813	3.55776	10.1425	8.62888	29.9709	18.0266	30.2729	2.84596	19.2715	21.8905	3.99427	21.5143	11.8964	20.0821	17.5214	28.0118	16.0783	20.0468	19.4681	28.88	20.1195	0.8927	5.70031	24.6676	4.40845	17.3757	8.10432	17.2881	27.7449	22.9954	11.1527	5.68305	26.458	21.2952	14.3119	25.5241	7.61352</FloatingPoint>
			</Individual>
			<Individual size="1">
				<MOFitness value1="-0.088516" value2="-0.90625"/>
				<FloatingPoint size="96">	1.12181	6.85435	22.7158	21.9702	8.46904	25.7099	0.998857	28.2729	0.325791	29.388	14.9387	24.528	26.1141	10.9083	6.80593	6.34089	16.8043	28.5448	20.9683	25.3884	4.48026	22.0911	5.69303	9.88628	8.57944	7.86221	0.450507	13.554	29.6926	23.8956	15.4935	30.4859	26.4147	7.19796	21.6437	3.87505	22.5536	22.6237	1.14832	2.24342	21.0166	16.0878	27.372	16.115	19.8787	2.48414	22.4499	12.8017	0.0694658	25.8076	6.90511	4.31275	3.51657	12.5917	14.3103	11.7267	9.74246	14.8603	25.6113	9.15527	3.55769	10.1425	8.62887	29.762	17.4614	30.2729	2.52233	19.0629	21.8918	3.91168	23.2344	11.9676	20.082	17.5665	24.8688	16.3507	19.9341	6.57651	28.8826	20.1171	0.892834	4.80141	24.6595	4.40604	17.433	8.09771	16.5035	27.7779	22.9958	11.1511	5.58498	26.5524	21.3039	13.9894	25.5241	7.6872</FloatingPoint>
			</Individual>
			<Individual size="1">
				<MOFitness value1="-0.088516" value2="-0.90625"/>
				<FloatingPoint size="96">	1.12095	6.74639	22.6914	21.9532	8.46151	25.7226	0.973694	28.2733	0.324266	29.3882	14.9397	19.5012	26.1095	10.9084	6.51827	6.3408	16.8055	28.5448	20.9683	17.191	11.8793	22.0911	5.68539	9.88627	8.55593	28.7689	0.667715	13.554	29.5689	19.6668	15.4927	30.2069	26.4127	7.20975	21.6439	3.87505	3.62748	22.6177	1.70196	2.95981	20.8122	16.0864	27.0208	16.1254	26.9986	2.52543	22.4442	12.8017	0.0701471	12.418	6.90615	4.5481	3.51575	12.5906	14.4368	12.0951	10.3727	14.891	25.6414	8.93813	3.55665	10.1425	8.62888	29.9709	17.3511	30.2702	2.84711	19.2671	21.8905	3.99427	21.5143	11.8964	20.0948	17.5217	28.0337	16.0785	20.0468	19.4681	28.88	20.1171	0.902493	29.2423	24.7475	4.40846	17.5423	8.10444	16.5036	27.7319	22.9955	11.144	5.70188	26.5532	21.2952	14.312	25.5241	7.64702</FloatingPoint>
			</Individual>
			<Individual size="1">
				<MOFitness value1="-0.088516" value2="-0.90625"/>
				<FloatingPoint size="96">	1.12185	6.74639	22.7158	21.9532	8.46189	25.7098	0.973693	28.2733	0.324352	29.3882	14.9395	24.7636	26.1095	10.9084	6.5184	6.34089	16.8055	28.5448	20.9683	25.1034	4.4803	14.9475	5.68548	9.88626	8.57938	28.7787	0.454181	13.554	29.5689	19.6668	15.4935	30.6907	26.4132	7.20926	21.644	3.87505	1.91909	22.6177	1.1483	2.24344	21.0059	16.0878	27.007	16.1154	26.9962	2.52543	22.4563	12.8017	0.070264	12.4246	6.9051	4.55056	3.51575	12.5906	14.4368	12.0951	10.3692	14.891	25.6491	8.93813	3.55776	10.1425	8.62888	29.9709	17.3518	30.2729	2.84596	19.2709	21.8905	3.99427	21.5143	11.8964	20.0821	17.5214	28.0118	16.0783	20.0468	19.4681	28.88	20.1171	0.8927	4.78512	24.6676	4.40845	30.2197	8.10444	16.5036	27.7449	22.9954	11.1527	5.68305	26.5532	21.2952	14.3119	25.5241	7.647</FloatingPoint>
			</Individual>
			<Individual size="1">
				<MOFitness value1="-0.088516" value2="-0.90625"/>
				<FloatingPoint size="96">	1.12185	6.74639	22.7158	21.9532	8.46189	25.7098	0.973693	28.2733	0.324352	29.3882	14.9395	24.7636	26.1095	10.9084	6.5184	6.34089	16.8055	28.5448	20.9683	25.1034	4.4803	22.0911	5.68548	9.88626	8.97356	28.7787	0.454181	13.554	29.5689	19.6668	15.4935	30.6907	26.4132	7.20926	21.644	3.87505	1.91909	22.6177	1.1483	2.24344	21.0059	16.0878	27.007	16.1154	26.9962	2.52543	22.4563	12.8017	0.070264	12.4246	6.9051	4.55056	25.5346	12.5906	18.8172	12.0951	10.3692	14.891	25.6491	8.93813	3.55776	10.1425	8.62888	29.9709	17.3518	30.2729	2.84596	19.2709	21.8905	3.99427	21.5143	11.8964	20.0821	17.5214	28.0118	16.0783	20.0468	19.4681	28.88	20.1171	0.8927	4.78512	24.6676	4.40845	17.3757	8.10444	16.5036	27.7449	22.9954	11.1527	5.68305	26.5174	21.2952	14.3119	25.5241	7.647</FloatingPoint>
			</Individual>
			<Individual size="1">
				<MOFitness value1="-0.088516" value2="-0.90625"/>
				<FloatingPoint size="96">	1.12185	6.74639	22.7158	21.9532	8.46189	25.7098	0.973693	28.2733	0.324352	29.3882	14.9395	24.7636	26.1095	10.9173	6.5184	6.34089	16.8055	28.5448	20.9683	25.1034	4.4803	22.0911	5.68548	9.88626	8.57938	28.7787	0.454181	13.554	29.5689	19.6668	9.40319	30.6907	26.4132	7.20926	21.644	3.87505	1.71142	22.6177	1.1483	2.24344	21.0059	16.0878	27.007	16.1154	26.9962	2.52543	11.6624	12.8017	0.070264	12.4246	6.9051	4.55056	3.51575	12.5906	14.4368	12.0951	10.3692	14.891	25.6491	8.93813	3.55776	10.1425	8.62888	29.9709	17.3518	30.2729	2.84596	19.2709	21.8905	3.99427	21.5143	11.8964	20.0821	17.5214	28.0118	16.0783	20.0468	19.4681	28.88	20.1171	0.8927	4.78512	24.6676	4.40845	17.3757	8.10444	16.5036	27.7449	22.9954	11.0775	5.68305	26.5532	21.2952	14.3119	25.5241	7.64658</FloatingPoint>
			</Individual>
			<Individual size="1">
				<MOFitness value1="-0.088516" value2="-0.90625"/>
				<FloatingPoint size="96">	1.12185	6.74639	22.7158	21.9532	8.46189	25.7098	0.973693	28.2733	0.324352	29.3882	14.9395	24.7636	26.1095	10.9084	6.5184	6.34089	16.8055	28.5448	20.9683	25.1034	4.4803	22.0911	5.68548	9.88626	8.57938	28.7787	0.454181	13.554	29.5689	19.6668	15.4935	30.6907	26.4132	7.20926	21.644	3.87505	1.91909	22.6177	1.1483	2.24344	21.0059	16.0878	27.007	16.1154	26.9962	2.52543	22.4563	12.8017	0.070264	12.4246	6.9051	4.55056	3.51575	12.5906	14.4368	12.0951	10.3692	14.891	25.6491	8.93813	3.55776	10.1425	8.62888	29.9709	17.3518	30.2729	2.84596	19.2709	21.8905	3.99427	21.5143	11.8964	20.0821	17.5214	28.0118	16.0783	20.0468	19.4681	28.88	20.1171	0.8927	4.78512	24.6676	4.40845	17.3757	8.10444	16.5036	27.7449	22.9954	11.1527	5.68305	26.5532	21.2952	14.3119	25.5241	7.647</FloatingPoint>
			</Individual>
			<Individual size="1">
				<MOFitness value1="-0.088516" value2="-0.90625"/>
				<FloatingPoint size="96">	1.12185	6.74639	22.7158	21.9532	8.46189	25.7098	0.973693	28.2733	0.324352	29.3882	14.9395	24.7636	26.1095	10.9084	6.5184	6.34089	16.8055	28.5448	20.9683	25.1034	4.4803	22.0911	5.68548	9.88626	8.57938	28.7787	0.454181	13.554	29.5689	19.6668	15.4935	30.6907	26.4132	7.20926	21.644	3.87505	1.91909	22.6177	1.1483	2.24344	21.0059	16.0878	27.007	16.1154	26.9962	2.52543	22.4563	12.8017	0.070264	12.4246	6.9051	4.55056	3.51575	12.5906	14.4368	12.0951	10.3692	14.891	25.6491	8.93813	3.55776	10.1425	8.62888	29.9709	17.3518	30.2729	2.84596	19.2709	21.8905	3.99427	21.5143	11.8964	20.0821	17.5214	28.0118	16.0783	20.0468	19.4681	28.88	20.1171	0.8927	4.78512	24.6676	4.40845	17.3757	8.10444	16.5036	27.7449	22.9954	11.1527	5.68305	26.5532	21.2952	14.3119	25.5241	7.647</FloatingPoint>
			</Individual>
			<Individual size="1">
				<MOFitness value1="-0.088516" value2="-0.90625"/>
				<FloatingPoint size="96">	1.12185	6.74639	22.7158	21.9532	8.46189	25.7098	0.973693	28.2733	0.324352	29.3882	14.9395	24.7636	26.1095	10.9084	6.5184	6.34089	16.8055	28.5448	20.9683	25.1034	4.4803	22.0911	5.68548	9.88626	8.57938	28.7787	0.454181	13.554	29.5689	19.6668	15.4935	30.6907	26.4132	7.20926	21.644	3.87505	1.91909	22.6177	1.1483	2.24344	21.0059	16.0878	27.007	16.1154	26.9962	2.52543	22.4563	12.8017	0.070264	12.4246	6.9051	4.55056	3.51575	12.5906	14.4368	12.0951	10.3692	14.891	25.6491	8.93813	3.55776	10.1425	8.62888	29.9709	17.3518	30.2729	2.84596	19.2709	21.8905	3.99427	21.5143	11.8964	20.0821	17.5214	28.0118	16.0783	20.0468	19.4681	28.88	20.1171	0.8927	4.78512	24.6676	4.40845	17.3757	8.10444	16.5036	27.7449	22.9954	11.1527	5.68305	26.5532	21.2952	14.3119	25.5241	7.647</FloatingPoint>
			</Individual>
			<Individual size="1">
				<MOFitness value1="-0.088516" value2="-0.90625"/>
				<FloatingPoint size="96">	1.12185	6.74639	22.7158	21.9532	8.46189	25.7098	0.973693	28.2733	0.324352	29.3882	14.9395	24.7636	26.1095	10.9084	6.5184	6.34089	16.8055	28.5448	20.9683	25.1034	4.4803	22.0911	5.68548	9.88626	8.57938	28.7787	0.454181	13.554	29.5689	19.6668	15.4935	30.6907	26.4132	7.20926	21.644	3.87505	1.91909	22.6177	1.1483	2.24344	21.0059	16.0878	27.007	16.1154	26.9962	2.52543	22.4563	12.8017	0.070264	12.4246	6.9051	4.55056	3.51575	12.5906	14.4368	12.0951	10.3692	14.891	25.6491	8.93813	3.55776	10.1425	8.62888	29.9709	17.3518	30.2729	2.84596	19.2709	21.8905	3.99427	21.5143	11.8964	20.0821	17.5214	28.0118	16.0783	20.0468	19.4681	28.88	20.1171	0.8927	4.78512	24.6676	4.40845	17.3757	8.10444	16.5036	27.7449	22.9954	11.1527	5.68305	26.5532	21.2952	14.3119	25.5241	7.647</FloatingPoint>
			</Individual>
			<Individual size="1">
				<MOFitness value1="-0.088516" value2="-0.90625"/>
				<FloatingPoint size="96">	1.12185	6.74639	22.7158	21.9532	8.46189	25.7098	1.19025	28.2733	0.323043	29.3882	14.9395	24.7636	26.1095	10.9084	6.5184	6.34089	16.8055	28.5448	20.9683	25.1034	4.4803	22.0911	5.68548	24.3783	13.5743	28.7787	0.454181	13.5543	29.5689	19.6668	15.4935	30.6907	26.4132	7.20926	21.644	4.33087	1.87126	22.6177	1.1483	2.24344	21.0059	16.0878	27.007	16.1154	26.9962	2.52543	22.4563	12.8017	0.070264	12.4246	6.9051	4.55056	3.51575	12.5898	14.4368	12.0951	10.3692	14.891	25.6491	8.93813	3.55776	10.1425	8.62888	29.9712	27.6511	30.2729	2.84596	19.2513	21.8905	3.99427	21.5143	11.8964	20.0821	17.5214	28.0118	16.0783	20.0468	19.4681	28.88	20.1138	0.8927	30.2127	24.6676	4.40845	17.3757	8.08618	17.2861	27.7449	22.9954	11.1527	5.68305	26.5532	21.2952	14.3119	25.5241	7.63931</FloatingPoint>
			</Individual>
		</Deme>
	</Population>
</ECF>
