<?xml version="1.0" encoding="ISO-8859-1"?>
<ECF milestone="Fri May 15 12:34:05 2026
">
	<Algorithm>
		<!-- NSGA-II takes no registered parameters in ECF 1.6.1. -->
		<NSGA2/>
	</Algorithm>
	<Genotype>
		<FloatingPoint>
			<Entry key="dimension">96</Entry>
			<Entry key="lbound">0.0</Entry>
			<Entry key="ubound">31.0</Entry>
			<!-- Crossover: only SBX registered. Must sum to 1.0 across all
                 crossover ops for this genotype. -->
			<Entry key="crx.sbx">1.0</Entry>
			<!-- Mutation: only mut.simple registered. Weight is normalized
                 across mutation ops for this genotype; setting to 1.0
                 silences ECF's "cumulative != 1" warning. -->
			<Entry key="mut.simple">1.0</Entry>
		</FloatingPoint>
	</Genotype>
	<Registry>
		<Entry key="FloatingPoint.crx.sbx">1</Entry>
		<Entry key="FloatingPoint.dimension">96</Entry>
		<Entry key="FloatingPoint.lbound">0</Entry>
		<Entry key="FloatingPoint.mut.simple">1</Entry>
		<Entry key="FloatingPoint.ubound">31</Entry>
		<Entry key="batch.logfile_">*</Entry>
		<Entry key="batch.remaining_">0</Entry>
		<Entry key="batch.repeats">1</Entry>
		<Entry key="crx.sbx.ni">20</Entry>
		<Entry key="log.filename">ecf.log</Entry>
		<Entry key="log.frequency">1</Entry>
		<Entry key="log.level">3</Entry>
		<Entry key="milestone.elapsedtime_">92458</Entry>
		<Entry key="milestone.filename">milestone.txt</Entry>
		<Entry key="milestone.generation_">150</Entry>
		<Entry key="milestone.interval">500</Entry>
		<Entry key="mutation.indprob">1</Entry>
		<Entry key="population.size">200</Entry>
		<Entry key="randomizer.seed">42</Entry>
		<Entry key="term.eval">30000</Entry>
	</Registry>
	<Population size="1">
		<HallOfFame size="1">
			<Individual size="1" gen="0">
				<MOFitness value1="-0.051687" value2="-0.8125"/>
				<FloatingPoint size="96">	12.0229	23.3184	23.9487	29.0222	23.8668	12.2674	1.21499	23.6156	19.2827	22.0841	3.11553	16.4843	20.5782	8.2505	14.422	3.83469	11.8742	10.8388	19.3734	2.69089	5.30011	7.97669	4.68324	9.25462	15.9569	8.68648	1.22284	14.1957	11.0831	14.0968	0.38901	23.1059	6.41516	24.3377	21.1281	30.282	5.60509	22.3431	22.8976	24.8878	13.4272	26.0131	10.3721	3.00542	3.26362	24.7942	6.84011	15.1379	4.63301	26.2135	17.8288	9.93312	3.19017	22.512	19.1877	19.147	0.198466	20.4106	2.34271	11.2815	3.50737	2.73172	3.38747	9.92253	27.0694	24.5156	9.20451	1.67448	15.8588	1.1021	26.5623	29.286	27.1152	5.93442	1.29139	30.3788	30.7286	8.1315	14.5167	4.36159	3.34498	1.34544	14.2947	6.53515	23.8574	2.48244	25.6822	24.0559	22.893	28.0249	4.33743	26.4004	30.7566	7.7249	5.32292	26.826</FloatingPoint>
			</Individual>
		</HallOfFame>
		<Deme size="200">
			<HallOfFame size="1">
				<Individual size="1" gen="0">
					<MOFitness value1="-0.051687" value2="-0.8125"/>
					<FloatingPoint size="96">	12.0229	23.3184	23.9487	29.0222	23.8668	12.2674	1.21499	23.6156	19.2827	22.0841	3.11553	16.4843	20.5782	8.2505	14.422	3.83469	11.8742	10.8388	19.3734	2.69089	5.30011	7.97669	4.68324	9.25462	15.9569	8.68648	1.22284	14.1957	11.0831	14.0968	0.38901	23.1059	6.41516	24.3377	21.1281	30.282	5.60509	22.3431	22.8976	24.8878	13.4272	26.0131	10.3721	3.00542	3.26362	24.7942	6.84011	15.1379	4.63301	26.2135	17.8288	9.93312	3.19017	22.512	19.1877	19.147	0.198466	20.4106	2.34271	11.2815	3.50737	2.73172	3.38747	9.92253	27.0694	24.5156	9.20451	1.67448	15.8588	1.1021	26.5623	29.286	27.1152	5.93442	1.29139	30.3788	30.7286	8.1315	14.5167	4.36159	3.34498	1.34544	14.2947	6.53515	23.8574	2.48244	25.6822	24.0559	22.893	28.0249	4.33743	26.4004	30.7566	7.7249	5.32292	26.826</FloatingPoint>
				</Individual>
			</HallOfFame>
			<Individual size="1">
				<MOFitness value1="-1" value2="-0"/>
				<FloatingPoint size="96">	16.6959	1.28036	22.3275	21.8149	10.0814	25.538	2.65247	1.84959	0.344497	28.5611	7.24437	25.9111	25.8871	3.39437	6.68314	29.1221	24.0599	28.6611	20.5968	26.6075	2.81587	22.7251	4.44875	10.6252	10.2424	9.73971	0.907069	13.4937	28.7071	12.9534	18.5536	18.5722	26.5881	5.454	21.4695	4.46496	2.32249	17.2299	1.21008	8.94359	19.695	5.92125	16.4751	16.6879	19.6868	18.4141	7.34887	23.9481	0.23214	29.8311	6.96033	4.33271	3.70777	3.51814	13.5986	12.7099	8.33011	12.6474	1.78704	9.06131	18.9959	9.69467	24.3681	30.0195	30.1642	27.7641	5.76917	18.7296	7.22472	11.9131	17.3606	12.5502	27.3449	17.4712	29.2605	16.7573	10.5461	18.9027	25.7574	5.02705	0.306646	25.1699	1.0287	4.71565	16.0074	1.88581	15.5833	22.9877	23.1506	11.1015	18.0595	14.3059	4.33478	5.12461	1.4398	3.68798</FloatingPoint>
			</Individual>
			<Individual size="1">
				<MOFitness value1="-0.012283" value2="-0.9375"/>
				<FloatingPoint size="96">	2.35313	7.65933	1.32556	20.2119	25.0439	25.9428	0.938338	21.6755	1.17716	29.4386	30.3271	24.7576	26.1437	4.85641	6.51658	28.9001	16.3223	28.6111	24.0465	27.1897	5.32132	22.0087	26.5746	9.7645	22.655	24.2336	26.5759	12.0713	28.5878	13.994	18.9196	30.7076	17.1447	5.37734	21.9031	4.57076	2.98055	8.63047	2.16971	2.27835	20.0427	9.48986	9.67978	16.8501	20.1414	19.5302	23.0032	23.742	0.660277	13.7359	25.5473	4.55886	3.69122	13.0667	5.21759	12.6885	8.43837	14.3391	1.52566	8.94897	12.286	13.8863	23.8107	29.7437	29.1998	14.6007	7.45181	5.57152	5.98656	2.23974	17.287	1.8437	20.0855	17.6524	28.3318	16.7643	20.2544	20.318	29.3561	20.7329	0.288794	27.0736	23.1987	4.33305	26.8189	13.1625	16.6008	26.1882	22.9942	11.1429	15.4018	26.5189	21.1493	13.9811	0.398509	7.70176</FloatingPoint>
			</Individual>
			<Individual size="1">
				<MOFitness value1="-1" value2="-0"/>
				<FloatingPoint size="96">	13.7029	7.39555	21.9797	21.9372	10.1887	25.5471	2.12072	1.85302	0.462862	29.5528	8.57845	25.4552	26.0697	10.458	6.68842	29.3206	24.2141	27.5703	20.6186	29.9909	2.77554	22.0453	5.55947	10.5961	10.254	9.74694	26.7534	13.4903	28.6951	14.0227	18.5458	18.8081	25.7833	5.45056	11.7655	4.46482	1.47472	17.3207	1.21727	8.78285	19.9697	9.45492	28.8942	16.4783	20.1396	17.8603	5.95308	23.9297	0.233182	29.2759	6.51278	4.5395	3.70145	20.5039	13.0261	12.7122	7.75345	12.5306	1.71183	8.93405	18.9815	9.80899	24.7039	30.0088	30.1469	30.5327	6.3735	19.1532	7.18805	2.68481	17.1576	12.5441	27.4202	17.1079	29.418	16.7029	4.99396	20.1869	25.747	5.09979	0.321302	7.65903	1.02131	4.70418	16.1247	4.87993	15.5909	22.8224	23.1516	11.2695	18.0619	14.385	4.29164	4.89135	1.44121	20.2679</FloatingPoint>
			</Individual>
			<Individual size="1">
				<MOFitness value1="-0.012283" value2="-0.9375"/>
				<FloatingPoint size="96">	2.35313	7.65933	1.32556	20.2119	25.0439	25.9428	0.938338	21.6755	1.17716	29.4386	30.3271	24.7576	26.1437	4.85641	6.51658	28.9001	16.3223	28.6111	24.0465	27.1897	5.32132	22.0087	26.5746	9.7645	22.655	24.2336	26.5759	12.0713	28.5878	13.994	18.9196	30.7076	17.1447	5.37734	21.9031	4.57076	2.98055	8.63047	2.16971	2.27835	20.0427	9.48986	9.67978	16.8501	20.1414	19.5302	23.0032	23.742	0.660277	13.7359	25.5473	4.55886	3.69122	13.0667	5.21759	12.6885	8.43837	14.3391	1.52566	8.94897	12.286	13.8863	23.8107	29.7437	29.1998	14.6007	7.45181	5.57152	5.98656	2.23974	17.287	1.8437	20.0855	17.6524	28.3318	16.7643	20.2544	20.318	29.3561	20.7329	0.288794	27.0736	23.1987	4.33305	26.8189	13.1625	16.6008	26.1882	22.9942	11.1429	15.4018	26.5189	21.1493	13.9811	0.398509	7.70176</FloatingPoint>
			</Individual>
			<Individual size="1">
				<MOFitness value1="-0.265371" value2="-0.65625"/>
				<FloatingPoint size="96">	17.2353	7.66052	1.32252	21.8851	12.9805	25.839	0.934783	21.9007	1.16935	28.1948	29.9031	24.7712	18.6001	5.34224	6.51652	6.27929	16.4039	28.5418	23.9575	24.9468	2.80958	22.01	26.108	9.7531	22.2558	10.3461	26.5795	12.25	23.0182	14.0131	18.9252	30.789	5.3588	5.45896	21.9081	3.39581	27.1605	9.27291	1.55176	2.16585	20.0412	9.31168	9.59595	25.3884	20.1721	19.5307	22.4386	24.2084	11.2043	13.7342	25.4119	4.55883	3.98011	12.9061	5.21915	12.6913	8.42847	12.596	1.50352	8.90895	12.2856	13.926	23.6778	30.0332	27.1127	14.9759	24.1136	4.607	5.97821	2.34716	17.2933	1.87092	20.0828	17.6567	28.3313	16.7647	20.243	20.3179	13.831	21.3997	1.47204	27.0737	23.1863	4.45933	11.6546	13.2008	16.5992	27.3985	22.9957	11.1537	15.4134	26.5087	21.1238	13.9791	0.957318	8.35731</FloatingPoint>
			</Individual>
			<Individual size="1">
				<MOFitness value1="-0.569778" value2="-0.34375"/>
				<FloatingPoint size="96">	2.24133	0.763834	20.3021	21.9789	25.3022	30.4635	1.11647	10.9245	1.79223	29.4412	15.8678	25.8251	25.9701	3.65541	7.80539	5.36163	8.50065	5.85328	24.1191	19.1623	5.31351	23.4516	27.0737	9.68266	22.8271	24.5522	0.449365	12.0948	22.656	14.1275	15.7254	18.5935	26.6029	5.40243	22.035	3.46195	2.31816	25.3306	2.12073	8.7268	20.9429	5.93052	16.018	23.9593	19.6684	18.3152	7.64655	24.1901	0.844964	26.0326	5.62332	4.56479	3.70961	30.3575	9.96221	4.30205	14.0969	14.3247	1.538	8.58375	14.5161	9.56003	25.8645	23.8408	13.6838	14.7208	7.59191	26.1308	5.57813	3.17699	17.1434	1.68952	26.4076	17.6454	28.3261	16.7585	20.0343	20.3262	29.371	21.4159	25.2239	2.29317	23.3919	8.09308	28.9812	3.59081	16.244	27.3903	23.1455	11.2346	17.9716	26.5178	22.1521	5.85382	1.04378	7.49935</FloatingPoint>
			</Individual>
			<Individual size="1">
				<MOFitness value1="-0.85793" value2="-0.09375"/>
				<FloatingPoint size="96">	11.6521	0.783794	0.249473	21.798	8.31109	25.8621	27.5187	21.9474	18.3102	28.4986	6.80591	24.6559	25.9028	4.95799	6.52095	30.6085	17.074	27.9125	20.6839	26.5935	2.68065	9.40066	26.6976	9.44798	9.73601	28.6431	0.715388	13.5292	22.1857	12.8925	18.7151	19.1919	29.285	5.43361	7.32493	4.46367	2.43758	16.6029	1.20991	7.8596	27.7636	5.87749	16.7236	17.0331	20.117	18.2777	7.59638	23.9876	0.679599	29.5185	8.75358	4.55262	3.7053	13.4949	6.05381	12.5558	7.86725	14.4098	10.918	8.92632	14.4898	13.6036	8.58666	24.0764	14.7862	24.6037	6.01155	27.3241	5.57056	11.8808	17.3597	11.7638	27.2613	17.5741	29.454	16.7584	19.9742	20.3149	21.1959	5.8343	0.321545	27.6142	22.988	8.36755	28.6191	13.1555	16.6182	18.6449	23.1506	11.2313	15.4803	13.2729	21.0805	2.89013	1.46902	1.07394</FloatingPoint>
			</Individual>
			<Individual size="1">
				<MOFitness value1="-0.966594" value2="-0.03125"/>
				<FloatingPoint size="96">	16.4784	7.31513	21.9743	20.2199	9.89859	25.9409	2.48859	0.993461	0.410275	28.6422	14.641	25.4421	26.097	3.93434	6.6861	27.7373	17.0854	26.6292	21.4509	27.3181	2.81566	21.9931	5.55652	10.6071	9.62768	23.3346	5.83749	13.5042	28.8213	14.0412	18.6913	18.8126	25.9798	5.42668	21.7637	4.45874	1.49134	17.3223	1.20699	5.94412	19.9613	5.40955	27.9618	16.7616	19.68	18.3279	6.34938	23.92	0.167627	10.8123	7.56056	4.34621	3.70961	20.5531	13.4555	13.5476	8.2202	14.324	1.67604	8.93072	12.4082	13.5786	22.8685	23.9291	30.1186	8.91959	6.79127	19.1556	7.08915	11.9488	17.1471	12.4285	19.7556	17.4725	29.4171	16.7329	4.89441	19.0604	30.0131	6.01324	0.323217	6.60892	0.582762	4.70384	16.3617	12.1073	15.6499	18.3397	23.1516	11.2697	18.1288	14.3193	4.65163	15.1187	1.44184	7.74543</FloatingPoint>
			</Individual>
			<Individual size="1">
				<MOFitness value1="-0.091834" value2="-0.90625"/>
				<FloatingPoint size="96">	1.08381	6.74641	22.8717	22.0334	8.2814	25.2777	1.4891	28.1744	0.598958	29.6671	14.9418	24.8221	26.1257	10.71	6.51868	6.70919	16.8195	28.5464	21.4778	25.025	3.90311	22.2983	6.00604	9.88174	8.87626	26.4932	28.0793	13.5593	29.5691	19.5683	15.4218	30.346	26.9069	9.0383	21.7379	11.1991	1.04067	22.6016	1.1227	2.23773	21.1354	10.4675	16.6395	16.1115	26.9623	2.34015	21.3119	6.46365	0.390161	12.4014	6.65945	4.56639	27.4998	12.6569	14.5593	4.01409	10.37	14.3278	3.64777	8.91684	14.2143	10.2438	9.72214	30.1507	29.0874	30.2579	2.33326	9.8542	19.7854	3.78263	25.9852	16.6462	20.09	17.5206	28.0116	16.0977	20.043	20.2814	12.5585	12.7099	0.905548	4.80629	8.01121	4.41736	17.3762	8.28327	16.7266	26.8968	22.9953	11.1535	2.93931	26.5179	21.4354	14.306	26.0759	8.00642</FloatingPoint>
			</Individual>
			<Individual size="1">
				<MOFitness value1="-0.106383" value2="-0.8125"/>
				<FloatingPoint size="96">	1.6712	6.11918	1.68336	20.4419	8.28958	25.6328	1.19595	28.6501	0.14585	21.9946	15.1012	24.7286	26.0597	10.849	6.51868	30.1222	15.9682	28.5384	20.6848	25.5313	5.33896	10.7395	0.334393	10.059	6.54322	29.5136	27.6455	12.2203	28.5338	26.6342	16.0792	1.94062	26.4764	7.24907	21.6418	7.76758	25.0574	23.2267	1.15299	2.27352	20.2347	6.38947	9.97493	16.274	19.603	2.3304	7.79143	6.60518	0.265822	12.4388	4.66431	4.55683	3.58669	12.942	14.4348	12.742	10.5429	14.3406	0.599225	8.98538	4.62119	13.6319	24.3187	29.9003	29.0292	30.2844	25.3566	4.67436	20.6676	16.7305	25.9854	16.7143	27.1829	17.1237	13.4007	16.3618	30.4153	20.5085	28.8767	20.1564	24.9166	5.15579	24.6801	4.37606	17.3846	13.0886	16.2179	27.8008	22.9988	11.1284	7.25285	26.5585	22.6603	14.3351	0.486575	7.99177</FloatingPoint>
			</Individual>
			<Individual size="1">
				<MOFitness value1="-0.091834" value2="-0.90625"/>
				<FloatingPoint size="96">	1.08381	6.74641	22.8717	22.0334	8.2814	25.2777	1.4891	28.1744	0.598958	29.6671	14.9418	24.8221	26.1257	10.71	6.51868	6.70919	16.8195	28.5464	21.4778	25.025	3.90311	22.2983	6.00604	9.88174	8.87626	26.4932	28.0793	13.5593	29.5691	19.5683	15.4218	30.346	26.9069	9.0383	21.7379	11.1991	1.04067	22.6016	1.1227	2.23773	21.1354	10.4675	16.6395	16.1115	26.9623	2.34015	21.3119	6.46365	0.390161	12.4014	6.65945	4.56639	27.4998	12.6569	14.5593	4.01409	10.37	14.3278	3.64777	8.91684	14.2143	10.2438	9.72214	30.1507	29.0874	30.2579	2.33326	9.8542	19.7854	3.78263	25.9852	16.6462	20.09	17.5206	28.0116	16.0977	20.043	20.2814	12.5585	12.7099	0.905548	4.80629	8.01121	4.41736	17.3762	8.28327	16.7266	26.8968	22.9953	11.1535	2.93931	26.5179	21.4354	14.306	26.0759	8.00642</FloatingPoint>
			</Individual>
			<Individual size="1">
				<MOFitness value1="-0.012283" value2="-0.9375"/>
				<FloatingPoint size="96">	2.35313	7.65933	1.32556	20.2119	25.0439	25.9428	0.938338	21.6755	1.17716	29.4386	30.3271	24.7576	26.1437	4.85641	6.51658	28.9001	16.3223	28.6111	24.0465	27.1897	5.32132	22.0087	26.5746	9.7645	22.655	24.2336	26.5759	12.0713	28.5878	13.994	18.9196	30.7076	17.1447	5.37734	21.9031	4.57076	2.98055	8.63047	2.16971	2.27835	20.0427	9.48986	9.67978	16.8501	20.1414	19.5302	23.0032	23.742	0.660277	13.7359	25.5473	4.55886	3.69122	13.0667	5.21759	12.6885	8.43837	14.3391	1.52566	8.94897	12.286	13.8863	23.8107	29.7437	29.1998	14.6007	7.45181	5.57152	5.98656	2.23974	17.287	1.8437	20.0855	17.6524	28.3318	16.7643	20.2544	20.318	29.3561	20.7329	0.288794	27.0736	23.1987	4.33305	26.8189	13.1625	16.6008	26.1882	22.9942	11.1429	15.4018	26.5189	21.1493	13.9811	0.398509	7.70176</FloatingPoint>
			</Individual>
			<Individual size="1">
				<MOFitness value1="-0.502566" value2="-0.40625"/>
				<FloatingPoint size="96">	17.677	6.7745	0.168978	20.1937	9.80657	30.307	3.96619	1.17178	1.9829	28.6412	14.6444	25.4526	26.0384	3.94526	5.3879	27.5773	17.7886	27.8593	21.4568	27.3128	2.21938	21.5533	26.738	10.4113	11.811	24.8053	4.46413	16.9936	28.9677	14.0409	18.8161	18.8169	5.91862	5.43919	6.95221	4.46124	26.7799	17.2315	2.15819	6.00678	20.0487	9.3887	15.5034	25.2032	19.6823	19.6185	19.86	23.7435	0.253365	13.3464	7.52525	3.36536	3.64879	20.5266	13.3325	13.0128	8.21407	14.3227	1.15931	4.36653	12.2789	13.5756	26.4029	23.9327	30.1161	14.3347	27.6773	19.4816	6.71006	11.9464	17.1679	12.5331	22.7492	17.6637	28.2027	16.7326	4.17696	19.0004	5.14088	21.0004	0.241598	7.75691	22.796	4.59328	11.8487	12.0575	16.5433	18.1252	22.991	10.6356	18.2591	26.6034	21.2427	14.1865	1.46102	7.74649</FloatingPoint>
			</Individual>
			<Individual size="1">
				<MOFitness value1="-0.296037" value2="-0.59375"/>
				<FloatingPoint size="96">	15.7915	6.7269	0.901607	20.2768	13.1549	25.7971	0.90581	0.485568	0.977799	29.2442	6.8818	24.7379	26.191	4.86719	6.53192	6.17372	7.8575	27.8619	21.0902	26.7561	5.31514	10.7651	26.1025	9.7782	8.13201	23.8779	26.6001	12.0715	23.2601	13.9966	18.9196	19.5668	16.7947	7.20107	7.5191	2.28242	25.7626	18.8145	2.37264	2.26914	20.0508	9.40672	9.44392	25.4252	20.6884	28.8558	23.0018	23.742	10.9796	13.4281	8.68299	4.55861	3.69099	12.8848	5.33525	12.7706	8.43811	14.3396	2.66124	8.94915	12.4831	23.0132	23.1496	29.7157	29.0967	9.09247	25.1321	5.80758	8.87446	2.26594	17.2796	11.3577	20.2177	17.6623	28.3323	16.383	20.0356	2.40542	29.5694	4.23704	1.44119	10.8601	23.1678	4.36782	26.2316	8.89655	16.4176	26.1868	23.121	10.2945	15.2426	26.8085	21.1526	14.1234	0.45421	8.85406</FloatingPoint>
			</Individual>
			<Individual size="1">
				<MOFitness value1="-0.85793" value2="-0.09375"/>
				<FloatingPoint size="96">	11.6521	0.783794	0.249473	21.798	8.31109	25.8621	27.5187	21.9474	18.3102	28.4986	6.80591	24.6559	25.9028	4.95799	6.52095	30.6085	17.074	27.9125	20.6839	26.5935	2.68065	9.40066	26.6976	9.44798	9.73601	28.6431	0.715388	13.5292	22.1857	12.8925	18.7151	19.1919	29.285	5.43361	7.32493	4.46367	2.43758	16.6029	1.20991	7.8596	27.7636	5.87749	16.7236	17.0331	20.117	18.2777	7.59638	23.9876	0.679599	29.5185	8.75358	4.55262	3.7053	13.4949	6.05381	12.5558	7.86725	14.4098	10.918	8.92632	14.4898	13.6036	8.58666	24.0764	14.7862	24.6037	6.01155	27.3241	5.57056	11.8808	17.3597	11.7638	27.2613	17.5741	29.454	16.7584	19.9742	20.3149	21.1959	5.8343	0.321545	27.6142	22.988	8.36755	28.6191	13.1555	16.6182	18.6449	23.1506	11.2313	15.4803	13.2729	21.0805	2.89013	1.46902	1.07394</FloatingPoint>
			</Individual>
			<Individual size="1">
				<MOFitness value1="-0.966594" value2="-0.03125"/>
				<FloatingPoint size="96">	16.4784	7.31513	21.9743	20.2199	9.89859	25.9409	2.48859	0.993461	0.410275	28.6422	14.641	25.4421	26.097	3.93434	6.6861	27.7373	17.0854	26.6292	21.4509	27.3181	2.81566	21.9931	5.55652	10.6071	9.62768	23.3346	5.83749	13.5042	28.8213	14.0412	18.6913	18.8126	25.9798	5.42668	21.7637	4.45874	1.49134	17.3223	1.20699	5.94412	19.9613	5.40955	27.9618	16.7616	19.68	18.3279	6.34938	23.92	0.167627	10.8123	7.56056	4.34621	3.70961	20.5531	13.4555	13.5476	8.2202	14.324	1.67604	8.93072	12.4082	13.5786	22.8685	23.9291	30.1186	8.91959	6.79127	19.1556	7.08915	11.9488	17.1471	12.4285	19.7556	17.4725	29.4171	16.7329	4.89441	19.0604	30.0131	6.01324	0.323217	6.60892	0.582762	4.70384	16.3617	12.1073	15.6499	18.3397	23.1516	11.2697	18.1288	14.3193	4.65163	15.1187	1.44184	7.74543</FloatingPoint>
			</Individual>
			<Individual size="1">
				<MOFitness value1="-0.20697" value2="-0.71875"/>
				<FloatingPoint size="96">	13.775	6.82562	0.398916	22.0058	12.4565	25.8477	4.09485	21.7624	25.2781	29.2503	15.5591	8.17345	18.7334	3.26938	5.41232	4.76673	17.6952	27.8419	21.332	25.2069	6.72788	7.33677	26.0913	10.3952	11.5799	15.6859	28.3765	24.596	19.3987	14.0277	18.8239	19.3114	5.50298	5.60459	21.7482	3.99062	28.6608	29.4343	20.7308	12.368	17.6427	9.37785	9.60658	25.4492	18.9446	19.6142	19.2319	23.7065	0.781051	14.0178	6.78149	3.33267	9.92238	12.9054	12.4366	2.82245	8.52463	12.6051	1.16287	8.92078	13.9536	9.82777	26.4703	29.9972	26.8879	9.16847	25.4497	6.78884	6.72041	11.7074	17.8711	11.44	20.1653	17.6737	28.2457	16.7377	20.0771	5.35397	3.44511	12.6049	1.4476	26.7228	1.23005	8.27625	11.9266	11.6965	16.5392	5.14544	23.2423	11.1759	15.4916	26.5271	21.6565	14.1559	1.61742	8.32136</FloatingPoint>
			</Individual>
			<Individual size="1">
				<MOFitness value1="-0.502566" value2="-0.40625"/>
				<FloatingPoint size="96">	17.677	6.7745	0.168978	20.1937	9.80657	30.307	3.96619	1.17178	1.9829	28.6412	14.6444	25.4526	26.0384	3.94526	5.3879	27.5773	17.7886	27.8593	21.4568	27.3128	2.21938	21.5533	26.738	10.4113	11.811	24.8053	4.46413	16.9936	28.9677	14.0409	18.8161	18.8169	5.91862	5.43919	6.95221	4.46124	26.7799	17.2315	2.15819	6.00678	20.0487	9.3887	15.5034	25.2032	19.6823	19.6185	19.86	23.7435	0.253365	13.3464	7.52525	3.36536	3.64879	20.5266	13.3325	13.0128	8.21407	14.3227	1.15931	4.36653	12.2789	13.5756	26.4029	23.9327	30.1161	14.3347	27.6773	19.4816	6.71006	11.9464	17.1679	12.5331	22.7492	17.6637	28.2027	16.7326	4.17696	19.0004	5.14088	21.0004	0.241598	7.75691	22.796	4.59328	11.8487	12.0575	16.5433	18.1252	22.991	10.6356	18.2591	26.6034	21.2427	14.1865	1.46102	7.74649</FloatingPoint>
			</Individual>
			<Individual size="1">
				<MOFitness value1="-0.147379" value2="-0.75"/>
				<FloatingPoint size="96">	13.7377	8.03714	0.432724	22.0071	13.0476	26.0333	4.12906	21.8145	25.2574	29.901	15.7847	8.12835	8.15325	3.31413	26.3937	29.5209	17.8078	27.8489	10.6184	20.3046	6.86025	7.79735	26.3099	18.9655	11.4169	15.6802	20.3233	24.4674	19.4143	13.0621	18.4276	18.9598	26.1494	10.1142	21.722	12.7676	28.6196	29.0096	20.7257	1.10917	17.8118	6.09565	15.5372	27.0014	19.3714	19.0675	19.2523	23.7024	0.969885	26.6813	6.77621	3.32507	9.83967	12.6603	12.4705	2.97687	7.65724	11.6979	11.5112	8.07937	13.9537	9.90373	26.4166	29.9963	9.53844	8.36259	21.3844	7.82982	6.6651	20.3735	16.5152	6.75708	20.1687	26.1735	28.915	16.462	29.7921	4.36239	3.30772	12.6251	0.755687	21.979	1.3684	1.93757	11.9502	12.0151	7.96382	4.90064	15.0297	22.3801	15.6019	26.7981	22.2419	15.2798	1.6281	8.22476</FloatingPoint>
			</Individual>
			<Individual size="1">
				<MOFitness value1="-0.20697" value2="-0.71875"/>
				<FloatingPoint size="96">	13.775	6.82562	0.398916	22.0058	12.4565	25.8477	4.09485	21.7624	25.2781	29.2503	15.5591	8.17345	18.7334	3.26938	5.41232	4.76673	17.6952	27.8419	21.332	25.2069	6.72788	7.33677	26.0913	10.3952	11.5799	15.6859	28.3765	24.596	19.3987	14.0277	18.8239	19.3114	5.50298	5.60459	21.7482	3.99062	28.6608	29.4343	20.7308	12.368	17.6427	9.37785	9.60658	25.4492	18.9446	19.6142	19.2319	23.7065	0.781051	14.0178	6.78149	3.33267	9.92238	12.9054	12.4366	2.82245	8.52463	12.6051	1.16287	8.92078	13.9536	9.82777	26.4703	29.9972	26.8879	9.16847	25.4497	6.78884	6.72041	11.7074	17.8711	11.44	20.1653	17.6737	28.2457	16.7377	20.0771	5.35397	3.44511	12.6049	1.4476	26.7228	1.23005	8.27625	11.9266	11.6965	16.5392	5.14544	23.2423	11.1759	15.4916	26.5271	21.6565	14.1559	1.61742	8.32136</FloatingPoint>
			</Individual>
			<Individual size="1">
				<MOFitness value1="-0.20697" value2="-0.71875"/>
				<FloatingPoint size="96">	13.775	6.82562	0.398916	22.0058	12.4565	25.8477	4.09485	21.7624	25.2781	29.2503	15.5591	8.17345	18.7334	3.26938	5.41232	4.76673	17.6952	27.8419	21.332	25.2069	6.72788	7.33677	26.0913	10.3952	11.5799	15.6859	28.3765	24.596	19.3987	14.0277	18.8239	19.3114	5.50298	5.60459	21.7482	3.99062	28.6608	29.4343	20.7308	12.368	17.6427	9.37785	9.60658	25.4492	18.9446	19.6142	19.2319	23.7065	0.781051	14.0178	6.78149	3.33267	9.92238	12.9054	12.4366	2.82245	8.52463	12.6051	1.16287	8.92078	13.9536	9.82777	26.4703	29.9972	26.8879	9.16847	25.4497	6.78884	6.72041	11.7074	17.8711	11.44	20.1653	17.6737	28.2457	16.7377	20.0771	5.35397	3.44511	12.6049	1.4476	26.7228	1.23005	8.27625	11.9266	11.6965	16.5392	5.14544	23.2423	11.1759	15.4916	26.5271	21.6565	14.1559	1.61742	8.32136</FloatingPoint>
			</Individual>
			<Individual size="1">
				<MOFitness value1="-0.675015" value2="-0.25"/>
				<FloatingPoint size="96">	2.63067	1.02208	20.8225	21.7982	8.80288	25.8564	27.4547	1.63339	0.934815	22.1989	6.93338	25.8115	26.0661	10.2889	6.68877	29.4536	16.9478	6.13906	20.2061	26.6314	2.73646	24.2192	4.54345	10.9155	9.78571	11.4527	20.6731	11.4002	28.7008	13.997	15.3058	18.585	26.6394	8.93357	11.8538	4.43501	2.96059	16.871	1.21502	8.70633	20.9591	5.9641	16.0857	16.7173	26.8477	11.6433	7.30679	24.1965	10.9495	26.24	6.8426	4.54117	3.54524	12.8226	9.87696	12.6891	18.5119	12.5484	10.0507	8.42249	14.5721	9.83096	8.73225	30.0307	9.70339	30.5428	6.84092	25.9497	5.64043	11.0318	17.2732	11.8439	19.4744	17.4445	27.4953	16.7586	19.9723	20.095	29.572	5.26972	27.3142	4.19074	0.916288	4.63893	27.4909	3.87599	16.642	22.9276	23.1518	23.216	17.3282	26.6583	5.25611	27.4998	9.55509	7.61256</FloatingPoint>
			</Individual>
			<Individual size="1">
				<MOFitness value1="-0.621347" value2="-0.28125"/>
				<FloatingPoint size="96">	2.00676	1.27223	20.809	21.9576	8.50929	25.9252	27.7893	2.13324	18.0755	28.461	14.5778	25.9312	1.99472	3.62439	6.68379	5.149	16.9467	5.99499	20.7422	26.7811	2.78903	23.4842	5.53328	15.8838	9.82661	28.5916	14.7712	13.4976	22.2353	12.9552	15.55	18.5907	26.6135	5.31845	7.37351	4.44979	2.30055	18.0296	1.20904	8.81057	21.0003	5.88098	15.8657	16.7051	10.1858	18.8401	7.61689	24.2164	0.126833	29.8104	6.5969	4.34624	3.7053	12.8427	9.96971	12.6757	8.34005	12.6519	11.1559	8.93213	14.4935	9.68461	8.70892	29.8908	28.4801	27.7695	6.7359	6.49012	5.54246	11.0977	17.8706	11.699	19.4104	17.5241	28.0928	16.7574	19.9643	20.1985	29.2771	5.5319	0.334283	3.01825	1.02194	8.37156	28.6175	3.67264	16.164	18.7417	23.1495	22.6567	16.6407	24.3318	21.1898	27.9418	1.44249	1.78237</FloatingPoint>
			</Individual>
			<Individual size="1">
				<MOFitness value1="-0.457456" value2="-0.4375"/>
				<FloatingPoint size="96">	2.65308	6.87922	0.926754	22.0031	9.5478	28.9015	4.1138	27.4759	1.71041	29.6482	14.9906	3.91522	26.6594	3.26321	6.4738	6.26287	7.99867	27.7513	21.078	27.0461	2.79336	9.38508	6.7166	26.3856	11.4818	4.98892	26.3166	13.3709	22.554	25.9714	15.7055	18.761	26.7466	7.24488	5.66538	3.99971	0.0257796	10.2132	2.38947	22.9724	26.1702	9.2694	15.5576	25.2133	20.2871	13.1591	23.3777	7.37643	10.9206	12.2855	6.81495	4.50546	4.0713	13.1106	5.2768	13.7596	10.1635	14.3517	0.809614	8.35803	23.893	13.8076	26.368	30.1013	10.4783	14.3284	0.565644	9.69059	8.75971	15.3983	26.0535	16.5843	20.2927	17.6778	28.3431	16.7413	19.9674	20.2677	4.78516	4.75213	7.46979	11.0014	22.553	8.43093	16.8793	11.9272	17.0851	26.2386	23.0042	11.2963	15.2285	26.8118	21.4449	16.0552	3.17854	24.3776</FloatingPoint>
			</Individual>
			<Individual size="1">
				<MOFitness value1="-0.750484" value2="-0.1875"/>
				<FloatingPoint size="96">	15.3148	6.53897	22.973	21.8005	8.87495	26.0306	27.7918	1.42307	18.1817	28.6598	6.80149	25.9183	26.1241	19.419	6.51938	29.4739	16.9115	5.95843	20.6969	26.6282	2.72906	3.00609	5.64489	10.6958	9.73791	9.20287	0.102302	13.4858	28.5205	12.9632	15.4364	18.5227	29.1797	5.32115	7.09371	4.52822	0.546384	16.6068	1.20695	7.9103	27.8054	5.87453	16.0996	16.7772	11.5097	18.3254	7.55781	23.9823	0.378472	13.16	6.53447	4.53975	3.70194	12.8436	6.02628	12.6636	8.34975	14.444	12.052	8.95818	14.569	9.66443	8.79308	24.2896	14.6664	9.34538	6.66018	26.0519	5.68198	11.3746	17.507	11.711	27.4207	17.5742	29.4374	16.7602	19.9553	20.1037	20.7887	5.77564	0.321765	4.02472	1.01495	4.75362	27.4048	28.0301	16.1722	22.9307	23.1527	23.3364	17.6404	13.5827	5.85224	4.59249	1.44324	7.70707</FloatingPoint>
			</Individual>
			<Individual size="1">
				<MOFitness value1="-0.70754" value2="-0.21875"/>
				<FloatingPoint size="96">	2.6176	1.81177	20.8092	21.8029	8.83032	25.859	27.7048	27.2567	1.74843	29.2272	6.75836	25.814	10.0578	3.63309	7.79195	5.18315	16.9481	6.0064	9.82683	26.7827	5.26566	23.4526	6.35492	10.9008	9.81051	11.5195	20.733	24.8227	28.7003	12.9552	15.611	18.5855	26.6347	10.1993	12.1591	4.44115	2.30092	22.8859	1.2506	8.93586	21.2012	5.7243	15.7051	16.7161	20.5615	12.7834	7.6352	24.1964	0.853485	26.282	6.83212	4.34784	3.70903	12.7043	9.88178	12.6859	18.7016	12.6321	1.26676	8.39919	13.6965	9.8325	8.73505	30.0484	9.76678	30.3988	6.51705	26.1963	5.64391	11.0498	17.8542	12.5794	19.2687	17.5232	27.2525	16.3824	19.9723	20.1037	29.3258	5.25537	27.098	3.05852	0.916283	8.21572	13.5418	3.84111	6.05596	26.6755	23.1467	11.4601	16.6322	26.6583	5.25798	27.3093	9.55023	7.67782</FloatingPoint>
			</Individual>
			<Individual size="1">
				<MOFitness value1="-0.815857" value2="-0.125"/>
				<FloatingPoint size="96">	11.8802	0.810254	20.7277	21.8049	8.82161	25.8581	27.5423	10.8208	1.79368	28.6747	6.9435	25.8175	25.9703	3.63443	7.80507	5.1981	16.9488	6.0057	20.2852	26.6245	5.30552	23.4543	5.97005	10.8687	9.7454	9.51573	0.215373	13.2311	28.7573	12.9552	15.6451	18.5855	26.6349	5.40199	7.42418	4.44137	2.2937	22.9302	1.25036	8.92675	20.9424	5.91541	16.0206	16.7307	19.6852	18.3682	7.63914	24.1953	0.854828	26.2633	8.77786	4.34799	3.70962	12.7438	9.85773	12.703	7.7257	12.6341	12.3402	8.4124	14.5122	9.59961	8.58439	24.1666	13.971	30.3528	5.99855	25.9091	5.57279	11.817	17.1454	11.7645	26.7505	17.5229	29.4445	16.3949	19.9724	20.1244	29.3242	5.26725	26.9099	3.05713	23.3947	8.21255	28.9622	4.01582	16.2444	26.7397	23.1467	11.2356	17.9553	26.6366	4.54754	5.78137	9.22745	7.49367</FloatingPoint>
			</Individual>
			<Individual size="1">
				<MOFitness value1="-0.85793" value2="-0.09375"/>
				<FloatingPoint size="96">	11.6521	0.783794	0.249473	21.798	8.31109	25.8621	27.5187	21.9474	18.3102	28.4986	6.80591	24.6559	25.9028	4.95799	6.52095	30.6085	17.074	27.9125	20.6839	26.5935	2.68065	9.40066	26.6976	9.44798	9.73601	28.6431	0.715388	13.5292	22.1857	12.8925	18.7151	19.1919	29.285	5.43361	7.32493	4.46367	2.43758	16.6029	1.20991	7.8596	27.7636	5.87749	16.7236	17.0331	20.117	18.2777	7.59638	23.9876	0.679599	29.5185	8.75358	4.55262	3.7053	13.4949	6.05381	12.5558	7.86725	14.4098	10.918	8.92632	14.4898	13.6036	8.58666	24.0764	14.7862	24.6037	6.01155	27.3241	5.57056	11.8808	17.3597	11.7638	27.2613	17.5741	29.454	16.7584	19.9742	20.3149	21.1959	5.8343	0.321545	27.6142	22.988	8.36755	28.6191	13.1555	16.6182	18.6449	23.1506	11.2313	15.4803	13.2729	21.0805	2.89013	1.46902	1.07394</FloatingPoint>
			</Individual>
			<Individual size="1">
				<MOFitness value1="-0.147379" value2="-0.75"/>
				<FloatingPoint size="96">	13.7377	8.03714	0.432724	22.0071	13.0476	26.0333	4.12906	21.8145	25.2574	29.901	15.7847	8.12835	8.15325	3.31413	26.3937	29.5209	17.8078	27.8489	10.6184	20.3046	6.86025	7.79735	26.3099	18.9655	11.4169	15.6802	20.3233	24.4674	19.4143	13.0621	18.4276	18.9598	26.1494	10.1142	21.722	12.7676	28.6196	29.0096	20.7257	1.10917	17.8118	6.09565	15.5372	27.0014	19.3714	19.0675	19.2523	23.7024	0.969885	26.6813	6.77621	3.32507	9.83967	12.6603	12.4705	2.97687	7.65724	11.6979	11.5112	8.07937	13.9537	9.90373	26.4166	29.9963	9.53844	8.36259	21.3844	7.82982	6.6651	20.3735	16.5152	6.75708	20.1687	26.1735	28.915	16.462	29.7921	4.36239	3.30772	12.6251	0.755687	21.979	1.3684	1.93757	11.9502	12.0151	7.96382	4.90064	15.0297	22.3801	15.6019	26.7981	22.2419	15.2798	1.6281	8.22476</FloatingPoint>
			</Individual>
			<Individual size="1">
				<MOFitness value1="-0.610095" value2="-0.3125"/>
				<FloatingPoint size="96">	15.2283	0.705476	22.4993	20.1115	8.82151	25.1515	27.7494	10.6276	18.4587	28.666	6.69278	25.9007	19.3087	4.01478	5.3945	4.26714	17.723	6.09429	23.8772	26.6244	5.17502	3.32371	6.33922	10.8812	9.74628	22.2619	0.173566	24.6757	30.0305	12.9547	18.7899	18.5835	29.1263	5.51334	7.42053	4.53157	3.97757	22.9014	0.575988	8.80397	20.9628	5.91396	16.0197	25.2586	18.8494	17.6918	7.63784	24.1968	0.801322	14.0945	6.74072	4.35949	3.78412	20.0317	9.85136	12.7012	7.72631	14.4149	0.941973	8.41572	14.512	9.7115	8.6589	24.0674	26.5936	30.6641	26.2452	9.45021	6.74917	11.7097	24.818	11.713	26.7364	17.5271	11.5941	16.3954	19.955	20.1723	29.3885	5.2688	0.448923	23.7427	23.808	8.43492	28.9232	6.35872	16.1277	22.9502	23.145	11.27	17.9663	13.8821	4.37766	13.9755	8.91806	7.70406</FloatingPoint>
			</Individual>
			<Individual size="1">
				<MOFitness value1="-0.787968" value2="-0.15625"/>
				<FloatingPoint size="96">	16.694	1.27181	21.5882	26.504	8.82022	25.9251	27.7863	1.13218	0.966093	28.6451	14.5977	25.8906	25.887	3.63077	6.68315	5.14353	16.9009	5.94395	20.6839	26.6283	2.78884	23.3462	5.66074	10.6248	9.87506	9.39663	0.0894966	13.4937	28.8394	12.9561	15.5451	18.5775	26.5931	5.42345	21.6142	4.46607	2.32778	17.2302	1.21113	8.70741	20.9986	5.92723	16.0187	16.7025	19.6797	18.4018	7.31901	24.3364	0.761193	29.8641	7.22702	4.34839	3.70787	12.8468	13.5802	12.6782	8.33686	12.6495	12.0461	3.43259	14.3591	9.69528	8.70193	29.9863	30.1253	27.814	5.79153	18.7539	5.55024	11.9331	17.1485	11.5511	27.3525	17.468	29.2556	16.7574	19.9529	18.9899	29.5465	5.76912	0.307619	4.09422	1.02857	4.71631	28.5625	2.24805	15.9748	18.5157	23.149	11.1017	18.0156	14.3045	4.85685	5.12639	1.90175	1.60656</FloatingPoint>
			</Individual>
			<Individual size="1">
				<MOFitness value1="-0.750484" value2="-0.1875"/>
				<FloatingPoint size="96">	15.3148	6.53897	22.973	21.8005	8.87495	26.0306	27.7918	1.42307	18.1817	28.6598	6.80149	25.9183	26.1241	19.419	6.51938	29.4739	16.9115	5.95843	20.6969	26.6282	2.72906	3.00609	5.64489	10.6958	9.73791	9.20287	0.102302	13.4858	28.5205	12.9632	15.4364	18.5227	29.1797	5.32115	7.09371	4.52822	0.546384	16.6068	1.20695	7.9103	27.8054	5.87453	16.0996	16.7772	11.5097	18.3254	7.55781	23.9823	0.378472	13.16	6.53447	4.53975	3.70194	12.8436	6.02628	12.6636	8.34975	14.444	12.052	8.95818	14.569	9.66443	8.79308	24.2896	14.6664	9.34538	6.66018	26.0519	5.68198	11.3746	17.507	11.711	27.4207	17.5742	29.4374	16.7602	19.9553	20.1037	20.7887	5.77564	0.321765	4.02472	1.01495	4.75362	27.4048	28.0301	16.1722	22.9307	23.1527	23.3364	17.6404	13.5827	5.85224	4.59249	1.44324	7.70707</FloatingPoint>
			</Individual>
			<Individual size="1">
				<MOFitness value1="-0.53377" value2="-0.375"/>
				<FloatingPoint size="96">	2.40271	7.70703	1.32126	21.9839	25.0762	30.4884	0.918645	21.9472	0.942893	29.4386	15.6716	24.7591	26.1446	3.16176	6.51658	29.7756	8.07367	27.9064	23.9978	27.187	5.31352	21.0846	26.6375	9.76224	22.6507	24.1672	26.5587	12.0793	22.652	13.9947	18.9196	19.085	17.1442	7.32774	21.9033	3.4973	2.96749	8.37256	2.14163	1.71203	20.0103	9.48405	15.1593	24.2515	20.11	19.5251	23.026	23.7408	0.660284	13.7361	5.60691	4.55919	3.69133	30.5304	5.22086	4.33149	14.0871	14.3384	1.65822	4.1648	12.3478	13.7849	23.8061	29.7448	29.2161	14.8999	7.61154	5.56905	6.9628	3.15734	17.4239	1.70976	22.5786	17.6492	28.3163	16.7632	20.0324	20.318	29.3689	20.7455	0.288406	25.6791	23.1975	4.44434	26.5728	13.1625	16.3168	27.3924	22.9938	11.1448	15.3754	26.5184	22.1009	13.9779	0.983134	7.73448</FloatingPoint>
			</Individual>
			<Individual size="1">
				<MOFitness value1="-0.355256" value2="-0.53125"/>
				<FloatingPoint size="96">	2.59884	6.73649	1.28127	21.9996	8.828	25.942	0.887838	28.2581	0.991885	29.2274	30.4181	7.16085	25.6224	3.23478	6.53292	4.93082	8.55048	10.2772	24.0214	25.1298	6.6966	21.7612	26.2997	9.78108	22.5249	24.0382	26.2965	24.0105	28.5897	13.9814	15.5315	19.2243	16.7164	5.20828	21.3945	3.43067	4.07514	8.61641	3.02653	2.58878	20.0383	9.2029	9.55045	25.2586	20.1302	2.62624	22.4408	5.85114	11.2675	13.7385	26.2	4.55883	3.73351	12.8933	5.53725	3.90074	10.1134	14.3419	0.824999	8.90874	14.0619	22.8607	23.8643	11.7344	27.1207	9.09646	2.9482	9.63767	5.97927	1.88074	25.9067	1.68349	20.0902	17.6533	28.3327	16.756	20.2493	20.322	14.4955	19.7745	7.37715	25.9188	8.39752	8.20636	17.2097	13.1328	16.657	27.479	23.0063	11.1547	15.2484	26.5096	21.4417	14.1177	3.13458	8.87314</FloatingPoint>
			</Individual>
			<Individual size="1">
				<MOFitness value1="-0.389879" value2="-0.5"/>
				<FloatingPoint size="96">	2.56964	6.80275	1.26528	22.004	8.73712	25.9426	4.01849	28.116	0.99214	29.2338	14.9652	7.8529	25.9902	3.26825	6.53198	6.64084	7.02943	27.8417	21.0789	25.1297	6.71372	21.5213	26.2931	9.75574	11.477	24.2299	26.2956	24.3882	23.2466	13.9811	15.5997	18.7598	26.7417	7.24423	7.58098	3.42989	3.96185	9.80275	2.38592	2.60115	21.1939	9.19686	15.3991	25.2139	20.1232	2.60952	23.2022	7.28909	11.0001	13.4369	4.62024	4.55886	3.7411	13.1162	5.53481	3.96489	10.2143	14.3425	0.807425	8.95627	14.0639	22.8659	26.583	12.9505	29.0521	14.8767	2.52739	9.548	5.90659	3.73177	25.9246	11.4134	20.0901	17.519	28.3334	16.7637	20.2556	20.2683	4.47123	19.5216	7.38858	11.0819	8.5	8.29484	17.0878	8.27086	16.7191	25.9809	23.0029	11.1406	15.2257	26.5096	21.4454	14.1229	3.1325	8.87327</FloatingPoint>
			</Individual>
			<Individual size="1">
				<MOFitness value1="-0.423522" value2="-0.46875"/>
				<FloatingPoint size="96">	2.29205	7.66037	1.29316	20.2116	13.0917	25.938	0.909626	0.427845	1.17432	29.2438	6.88155	24.7711	26.1665	4.87645	6.53185	6.5384	7.86745	27.8618	21.0903	26.7562	5.38005	21.7632	26.1027	9.75641	22.655	24.2238	26.5997	12.0713	23.295	13.997	18.9178	19.568	16.7664	7.20107	7.51655	3.49381	3.94335	9.25987	2.38021	2.26915	20.0439	9.40672	15.3014	25.2167	20.1419	28.5459	23.0044	23.7451	10.9951	13.4287	8.67944	4.55861	3.69159	13.1218	5.33633	12.7296	8.4373	14.3394	0.8455	8.94919	12.2888	23.0111	23.1423	29.7422	29.0967	14.3417	28.5161	5.80568	5.98619	2.23417	17.2789	11.3597	20.0882	17.6623	28.33	16.7643	20.2544	20.3126	29.5706	20.7265	1.44119	10.8603	23.1873	4.36777	26.9914	13.1625	16.4238	26.1876	22.9626	11.1395	15.2425	26.5087	21.1527	14.1228	0.441364	8.8672</FloatingPoint>
			</Individual>
			<Individual size="1">
				<MOFitness value1="-0.457456" value2="-0.4375"/>
				<FloatingPoint size="96">	2.65308	6.87922	0.926754	22.0031	9.5478	28.9015	4.1138	27.4759	1.71041	29.6482	14.9906	3.91522	26.6594	3.26321	6.4738	6.26287	7.99867	27.7513	21.078	27.0461	2.79336	9.38508	6.7166	26.3856	11.4818	4.98892	26.3166	13.3709	22.554	25.9714	15.7055	18.761	26.7466	7.24488	5.66538	3.99971	0.0257796	10.2132	2.38947	22.9724	26.1702	9.2694	15.5576	25.2133	20.2871	13.1591	23.3777	7.37643	10.9206	12.2855	6.81495	4.50546	4.0713	13.1106	5.2768	13.7596	10.1635	14.3517	0.809614	8.35803	23.893	13.8076	26.368	30.1013	10.4783	14.3284	0.565644	9.69059	8.75971	15.3983	26.0535	16.5843	20.2927	17.6778	28.3431	16.7413	19.9674	20.2677	4.78516	4.75213	7.46979	11.0014	22.553	8.43093	16.8793	11.9272	17.0851	26.2386	23.0042	11.2963	15.2285	26.8118	21.4449	16.0552	3.17854	24.3776</FloatingPoint>
			</Individual>
			<Individual size="1">
				<MOFitness value1="-0.389879" value2="-0.5"/>
				<FloatingPoint size="96">	2.56964	6.80275	1.26528	22.004	8.73712	25.9426	4.01849	28.116	0.99214	29.2338	14.9652	7.8529	25.9902	3.26825	6.53198	6.64084	7.02943	27.8417	21.0789	25.1297	6.71372	21.5213	26.2931	9.75574	11.477	24.2299	26.2956	24.3882	23.2466	13.9811	15.5997	18.7598	26.7417	7.24423	7.58098	3.42989	3.96185	9.80275	2.38592	2.60115	21.1939	9.19686	15.3991	25.2139	20.1232	2.60952	23.2022	7.28909	11.0001	13.4369	4.62024	4.55886	3.7411	13.1162	5.53481	3.96489	10.2143	14.3425	0.807425	8.95627	14.0639	22.8659	26.583	12.9505	29.0521	14.8767	2.52739	9.548	5.90659	3.73177	25.9246	11.4134	20.0901	17.519	28.3334	16.7637	20.2556	20.2683	4.47123	19.5216	7.38858	11.0819	8.5	8.29484	17.0878	8.27086	16.7191	25.9809	23.0029	11.1406	15.2257	26.5096	21.4454	14.1229	3.1325	8.87327</FloatingPoint>
			</Individual>
			<Individual size="1">
				<MOFitness value1="-0.423522" value2="-0.46875"/>
				<FloatingPoint size="96">	2.29205	7.66037	1.29316	20.2116	13.0917	25.938	0.909626	0.427845	1.17432	29.2438	6.88155	24.7711	26.1665	4.87645	6.53185	6.5384	7.86745	27.8618	21.0903	26.7562	5.38005	21.7632	26.1027	9.75641	22.655	24.2238	26.5997	12.0713	23.295	13.997	18.9178	19.568	16.7664	7.20107	7.51655	3.49381	3.94335	9.25987	2.38021	2.26915	20.0439	9.40672	15.3014	25.2167	20.1419	28.5459	23.0044	23.7451	10.9951	13.4287	8.67944	4.55861	3.69159	13.1218	5.33633	12.7296	8.4373	14.3394	0.8455	8.94919	12.2888	23.0111	23.1423	29.7422	29.0967	14.3417	28.5161	5.80568	5.98619	2.23417	17.2789	11.3597	20.0882	17.6623	28.33	16.7643	20.2544	20.3126	29.5706	20.7265	1.44119	10.8603	23.1873	4.36777	26.9914	13.1625	16.4238	26.1876	22.9626	11.1395	15.2425	26.5087	21.1527	14.1228	0.441364	8.8672</FloatingPoint>
			</Individual>
			<Individual size="1">
				<MOFitness value1="-1" value2="-0"/>
				<FloatingPoint size="96">	17.0354	7.27681	22.2388	21.8119	10.0471	25.5422	2.12027	1.85301	0.371856	29.5495	7.19474	25.4553	26.0697	10.4517	6.68857	29.3651	23.9562	26.6547	20.5968	27.3293	2.81746	22.7352	25.242	10.5973	10.2423	9.74658	26.7537	13.4903	28.7059	12.819	18.5474	18.8081	25.9219	5.45056	11.5881	4.46494	1.47476	17.3207	1.21005	8.94812	19.6347	9.45437	16.4732	16.478	20.1394	17.8418	5.95308	23.93	0.229205	29.2759	13.2999	4.53951	3.70136	3.59306	13.026	12.7116	7.75394	12.5257	1.80894	8.93395	18.9918	9.80904	24.6966	30.0195	30.1636	24.3532	6.82494	19.1592	7.18878	2.68487	17.361	12.5441	27.152	17.1059	29.4204	16.7058	5.1162	20.1791	25.8077	5.05227	0.321303	25.9479	1.05571	4.74287	16.1208	13.2214	15.5912	22.822	23.1506	11.2695	18.0631	14.3509	4.28104	4.88977	1.44128	3.7405</FloatingPoint>
			</Individual>
			<Individual size="1">
				<MOFitness value1="-0.966594" value2="-0.03125"/>
				<FloatingPoint size="96">	13.6622	7.30761	21.7254	20.2197	12.9248	25.9399	2.48854	0.153737	0.529965	29.9449	14.6234	3.65601	25.1721	3.94038	6.68189	27.1165	7.82669	26.6294	21.5474	20.867	2.82734	21.9934	6.18071	10.5892	9.58056	23.3365	6.05434	13.5111	28.8192	14.0412	18.9269	18.939	25.93	6.91222	21.6319	4.32571	1.25801	17.3216	1.20591	5.94312	20.0274	5.42952	27.2749	24.878	19.672	18.517	6.31786	23.92	0.988091	10.7612	8.7521	4.34699	3.60057	12.8163	5.75787	13.0426	8.20687	14.324	1.67617	8.05595	12.5047	13.5864	22.8628	23.9234	29.5905	8.91949	21.3928	4.2296	7.09156	11.913	17.118	12.3913	20.1488	17.4703	29.4131	16.7568	20.0826	2.85962	30.0394	6.01389	0.323114	6.58974	0.585955	4.70391	26.0703	8.79492	16.24	18.6406	14.891	11.3003	18.1293	14.0878	4.34933	15.1668	1.44209	8.76949</FloatingPoint>
			</Individual>
			<Individual size="1">
				<MOFitness value1="-0.139448" value2="-0.78125"/>
				<FloatingPoint size="96">	2.34814	1.38779	20.6949	21.77	25.0437	25.9361	28.1252	21.5635	1.18217	28.8545	6.8488	0.857533	26.0676	4.87127	6.68927	28.8622	16.2891	28.0444	24.0528	26.6525	5.20604	22.4201	7.01244	9.74025	10.131	24.2346	0.673648	11.9753	28.6993	27.6789	18.9195	30.4268	27.4217	8.93807	21.5488	3.52027	3.28639	8.8616	2.17044	8.67601	20.0492	9.46903	9.68832	24.5571	20.0638	11.8265	23.0053	23.7458	0.660641	12.5009	6.63274	4.55927	3.69117	13.0668	5.49694	23.067	18.6679	12.4922	1.43261	8.94634	16.9236	14.2316	8.80841	30.03	8.81326	30.9032	5.62174	8.28005	5.98509	2.22368	17.4607	1.89702	20.0202	17.6514	28.3233	16.7592	20.2584	20.3159	29.3088	20.7313	0.399644	27.0747	23.0649	26.4684	26.8644	12.4767	16.6479	22.8971	22.9942	11.5043	15.4006	26.5236	21.1449	27.4803	9.72449	9.03194</FloatingPoint>
			</Individual>
			<Individual size="1">
				<MOFitness value1="-0.106383" value2="-0.8125"/>
				<FloatingPoint size="96">	1.6712	6.11918	1.68336	20.4419	8.28958	25.6328	1.19595	28.6501	0.14585	21.9946	15.1012	24.7286	26.0597	10.849	6.51868	30.1222	15.9682	28.5384	20.6848	25.5313	5.33896	10.7395	0.334393	10.059	6.54322	29.5136	27.6455	12.2203	28.5338	26.6342	16.0792	1.94062	26.4764	7.24907	21.6418	7.76758	25.0574	23.2267	1.15299	2.27352	20.2347	6.38947	9.97493	16.274	19.603	2.3304	7.79143	6.60518	0.265822	12.4388	4.66431	4.55683	3.58669	12.942	14.4348	12.742	10.5429	14.3406	0.599225	8.98538	4.62119	13.6319	24.3187	29.9003	29.0292	30.2844	25.3566	4.67436	20.6676	16.7305	25.9854	16.7143	27.1829	17.1237	13.4007	16.3618	30.4153	20.5085	28.8767	20.1564	24.9166	5.15579	24.6801	4.37606	17.3846	13.0886	16.2179	27.8008	22.9988	11.1284	7.25285	26.5585	22.6603	14.3351	0.486575	7.99177</FloatingPoint>
			</Individual>
			<Individual size="1">
				<MOFitness value1="-0.610095" value2="-0.3125"/>
				<FloatingPoint size="96">	15.2283	0.705476	22.4993	20.1115	8.82151	25.1515	27.7494	10.6276	18.4587	28.666	6.69278	25.9007	19.3087	4.01478	5.3945	4.26714	17.723	6.09429	23.8772	26.6244	5.17502	3.32371	6.33922	10.8812	9.74628	22.2619	0.173566	24.6757	30.0305	12.9547	18.7899	18.5835	29.1263	5.51334	7.42053	4.53157	3.97757	22.9014	0.575988	8.80397	20.9628	5.91396	16.0197	25.2586	18.8494	17.6918	7.63784	24.1968	0.801322	14.0945	6.74072	4.35949	3.78412	20.0317	9.85136	12.7012	7.72631	14.4149	0.941973	8.41572	14.512	9.7115	8.6589	24.0674	26.5936	30.6641	26.2452	9.45021	6.74917	11.7097	24.818	11.713	26.7364	17.5271	11.5941	16.3954	19.955	20.1723	29.3885	5.2688	0.448923	23.7427	23.808	8.43492	28.9232	6.35872	16.1277	22.9502	23.145	11.27	17.9663	13.8821	4.37766	13.9755	8.91806	7.70406</FloatingPoint>
			</Individual>
			<Individual size="1">
				<MOFitness value1="-0.325934" value2="-0.5625"/>
				<FloatingPoint size="96">	13.6954	6.73594	1.04925	20.1915	13.0873	26.0351	2.49133	0.166531	0.224933	29.9469	14.6235	23.1002	7.507	4.95071	6.68206	6.76809	7.49841	26.6631	21.5504	20.7234	2.82714	21.6959	26.6554	10.5893	9.57988	23.1485	26.4571	13.5432	29.0806	14.0412	18.9272	18.9425	15.8221	7.01669	21.6305	13.2518	1.24923	17.3216	3.21801	5.755	25.8239	5.42934	9.12802	25.7199	19.5362	18.5193	7.57121	23.9204	10.1421	13.4155	8.76169	4.52869	9.68175	12.9111	5.62514	2.92171	7.65759	14.324	1.69348	7.99694	14.0587	13.4181	23.1433	23.7764	10.3677	8.91623	21.4818	5.54879	7.09155	2.06177	17.1186	7.02099	20.1571	17.337	29.4132	16.4544	19.9882	2.99325	29.5541	6.04482	0.338754	6.5899	0.505215	4.70637	26.1664	8.75612	16.2653	26.3745	14.7444	10.2943	18.0648	26.7897	22.0804	15.1664	1.44209	8.74364</FloatingPoint>
			</Individual>
			<Individual size="1">
				<MOFitness value1="-0.325934" value2="-0.5625"/>
				<FloatingPoint size="96">	13.6954	6.73594	1.04925	20.1915	13.0873	26.0351	2.49133	0.166531	0.224933	29.9469	14.6235	23.1002	7.507	4.95071	6.68206	6.76809	7.49841	26.6631	21.5504	20.7234	2.82714	21.6959	26.6554	10.5893	9.57988	23.1485	26.4571	13.5432	29.0806	14.0412	18.9272	18.9425	15.8221	7.01669	21.6305	13.2518	1.24923	17.3216	3.21801	5.755	25.8239	5.42934	9.12802	25.7199	19.5362	18.5193	7.57121	23.9204	10.1421	13.4155	8.76169	4.52869	9.68175	12.9111	5.62514	2.92171	7.65759	14.324	1.69348	7.99694	14.0587	13.4181	23.1433	23.7764	10.3677	8.91623	21.4818	5.54879	7.09155	2.06177	17.1186	7.02099	20.1571	17.337	29.4132	16.4544	19.9882	2.99325	29.5541	6.04482	0.338754	6.5899	0.505215	4.70637	26.1664	8.75612	16.2653	26.3745	14.7444	10.2943	18.0648	26.7897	22.0804	15.1664	1.44209	8.74364</FloatingPoint>
			</Individual>
			<Individual size="1">
				<MOFitness value1="-0.610095" value2="-0.3125"/>
				<FloatingPoint size="96">	15.2283	0.705476	22.4993	20.1115	8.82151	25.1515	27.7494	10.6276	18.4587	28.666	6.69278	25.9007	19.3087	4.01478	5.3945	4.26714	17.723	6.09429	23.8772	26.6244	5.17502	3.32371	6.33922	10.8812	9.74628	22.2619	0.173566	24.6757	30.0305	12.9547	18.7899	18.5835	29.1263	5.51334	7.42053	4.53157	3.97757	22.9014	0.575988	8.80397	20.9628	5.91396	16.0197	25.2586	18.8494	17.6918	7.63784	24.1968	0.801322	14.0945	6.74072	4.35949	3.78412	20.0317	9.85136	12.7012	7.72631	14.4149	0.941973	8.41572	14.512	9.7115	8.6589	24.0674	26.5936	30.6641	26.2452	9.45021	6.74917	11.7097	24.818	11.713	26.7364	17.5271	11.5941	16.3954	19.955	20.1723	29.3885	5.2688	0.448923	23.7427	23.808	8.43492	28.9232	6.35872	16.1277	22.9502	23.145	11.27	17.9663	13.8821	4.37766	13.9755	8.91806	7.70406</FloatingPoint>
			</Individual>
			<Individual size="1">
				<MOFitness value1="-0.355256" value2="-0.53125"/>
				<FloatingPoint size="96">	2.59884	6.73649	1.28127	21.9996	8.828	25.942	0.887838	28.2581	0.991885	29.2274	30.4181	7.16085	25.6224	3.23478	6.53292	4.93082	8.55048	10.2772	24.0214	25.1298	6.6966	21.7612	26.2997	9.78108	22.5249	24.0382	26.2965	24.0105	28.5897	13.9814	15.5315	19.2243	16.7164	5.20828	21.3945	3.43067	4.07514	8.61641	3.02653	2.58878	20.0383	9.2029	9.55045	25.2586	20.1302	2.62624	22.4408	5.85114	11.2675	13.7385	26.2	4.55883	3.73351	12.8933	5.53725	3.90074	10.1134	14.3419	0.824999	8.90874	14.0619	22.8607	23.8643	11.7344	27.1207	9.09646	2.9482	9.63767	5.97927	1.88074	25.9067	1.68349	20.0902	17.6533	28.3327	16.756	20.2493	20.322	14.4955	19.7745	7.37715	25.9188	8.39752	8.20636	17.2097	13.1328	16.657	27.479	23.0063	11.1547	15.2484	26.5096	21.4417	14.1177	3.13458	8.87314</FloatingPoint>
			</Individual>
			<Individual size="1">
				<MOFitness value1="-0.20697" value2="-0.71875"/>
				<FloatingPoint size="96">	13.775	6.82562	0.398916	22.0058	12.4565	25.8477	4.09485	21.7624	25.2781	29.2503	15.5591	8.17345	18.7334	3.26938	5.41232	4.76673	17.6952	27.8419	21.332	25.2069	6.72788	7.33677	26.0913	10.3952	11.5799	15.6859	28.3765	24.596	19.3987	14.0277	18.8239	19.3114	5.50298	5.60459	21.7482	3.99062	28.6608	29.4343	20.7308	12.368	17.6427	9.37785	9.60658	25.4492	18.9446	19.6142	19.2319	23.7065	0.781051	14.0178	6.78149	3.33267	9.92238	12.9054	12.4366	2.82245	8.52463	12.6051	1.16287	8.92078	13.9536	9.82777	26.4703	29.9972	26.8879	9.16847	25.4497	6.78884	6.72041	11.7074	17.8711	11.44	20.1653	17.6737	28.2457	16.7377	20.0771	5.35397	3.44511	12.6049	1.4476	26.7228	1.23005	8.27625	11.9266	11.6965	16.5392	5.14544	23.2423	11.1759	15.4916	26.5271	21.6565	14.1559	1.61742	8.32136</FloatingPoint>
			</Individual>
			<Individual size="1">
				<MOFitness value1="-0.621347" value2="-0.28125"/>
				<FloatingPoint size="96">	2.00676	1.27223	20.809	21.9576	8.50929	25.9252	27.7893	2.13324	18.0755	28.461	14.5778	25.9312	1.99472	3.62439	6.68379	5.149	16.9467	5.99499	20.7422	26.7811	2.78903	23.4842	5.53328	15.8838	9.82661	28.5916	14.7712	13.4976	22.2353	12.9552	15.55	18.5907	26.6135	5.31845	7.37351	4.44979	2.30055	18.0296	1.20904	8.81057	21.0003	5.88098	15.8657	16.7051	10.1858	18.8401	7.61689	24.2164	0.126833	29.8104	6.5969	4.34624	3.7053	12.8427	9.96971	12.6757	8.34005	12.6519	11.1559	8.93213	14.4935	9.68461	8.70892	29.8908	28.4801	27.7695	6.7359	6.49012	5.54246	11.0977	17.8706	11.699	19.4104	17.5241	28.0928	16.7574	19.9643	20.1985	29.2771	5.5319	0.334283	3.01825	1.02194	8.37156	28.6175	3.67264	16.164	18.7417	23.1495	22.6567	16.6407	24.3318	21.1898	27.9418	1.44249	1.78237</FloatingPoint>
			</Individual>
			<Individual size="1">
				<MOFitness value1="-0.147379" value2="-0.75"/>
				<FloatingPoint size="96">	13.7377	8.03714	0.432724	22.0071	13.0476	26.0333	4.12906	21.8145	25.2574	29.901	15.7847	8.12835	8.15325	3.31413	26.3937	29.5209	17.8078	27.8489	10.6184	20.3046	6.86025	7.79735	26.3099	18.9655	11.4169	15.6802	20.3233	24.4674	19.4143	13.0621	18.4276	18.9598	26.1494	10.1142	21.722	12.7676	28.6196	29.0096	20.7257	1.10917	17.8118	6.09565	15.5372	27.0014	19.3714	19.0675	19.2523	23.7024	0.969885	26.6813	6.77621	3.32507	9.83967	12.6603	12.4705	2.97687	7.65724	11.6979	11.5112	8.07937	13.9537	9.90373	26.4166	29.9963	9.53844	8.36259	21.3844	7.82982	6.6651	20.3735	16.5152	6.75708	20.1687	26.1735	28.915	16.462	29.7921	4.36239	3.30772	12.6251	0.755687	21.979	1.3684	1.93757	11.9502	12.0151	7.96382	4.90064	15.0297	22.3801	15.6019	26.7981	22.2419	15.2798	1.6281	8.22476</FloatingPoint>
			</Individual>
			<Individual size="1">
				<MOFitness value1="-0.296037" value2="-0.59375"/>
				<FloatingPoint size="96">	15.7915	6.7269	0.901607	20.2768	13.1549	25.7971	0.90581	0.485568	0.977799	29.2442	6.8818	24.7379	26.191	4.86719	6.53192	6.17372	7.8575	27.8619	21.0902	26.7561	5.31514	10.7651	26.1025	9.7782	8.13201	23.8779	26.6001	12.0715	23.2601	13.9966	18.9196	19.5668	16.7947	7.20107	7.5191	2.28242	25.7626	18.8145	2.37264	2.26914	20.0508	9.40672	9.44392	25.4252	20.6884	28.8558	23.0018	23.742	10.9796	13.4281	8.68299	4.55861	3.69099	12.8848	5.33525	12.7706	8.43811	14.3396	2.66124	8.94915	12.4831	23.0132	23.1496	29.7157	29.0967	9.09247	25.1321	5.80758	8.87446	2.26594	17.2796	11.3577	20.2177	17.6623	28.3323	16.383	20.0356	2.40542	29.5694	4.23704	1.44119	10.8601	23.1678	4.36782	26.2316	8.89655	16.4176	26.1868	23.121	10.2945	15.2426	26.8085	21.1526	14.1234	0.45421	8.85406</FloatingPoint>
			</Individual>
			<Individual size="1">
				<MOFitness value1="-0.621347" value2="-0.28125"/>
				<FloatingPoint size="96">	2.00676	1.27223	20.809	21.9576	8.50929	25.9252	27.7893	2.13324	18.0755	28.461	14.5778	25.9312	1.99472	3.62439	6.68379	5.149	16.9467	5.99499	20.7422	26.7811	2.78903	23.4842	5.53328	15.8838	9.82661	28.5916	14.7712	13.4976	22.2353	12.9552	15.55	18.5907	26.6135	5.31845	7.37351	4.44979	2.30055	18.0296	1.20904	8.81057	21.0003	5.88098	15.8657	16.7051	10.1858	18.8401	7.61689	24.2164	0.126833	29.8104	6.5969	4.34624	3.7053	12.8427	9.96971	12.6757	8.34005	12.6519	11.1559	8.93213	14.4935	9.68461	8.70892	29.8908	28.4801	27.7695	6.7359	6.49012	5.54246	11.0977	17.8706	11.699	19.4104	17.5241	28.0928	16.7574	19.9643	20.1985	29.2771	5.5319	0.334283	3.01825	1.02194	8.37156	28.6175	3.67264	16.164	18.7417	23.1495	22.6567	16.6407	24.3318	21.1898	27.9418	1.44249	1.78237</FloatingPoint>
			</Individual>
			<Individual size="1">
				<MOFitness value1="-0.423522" value2="-0.46875"/>
				<FloatingPoint size="96">	2.29205	7.66037	1.29316	20.2116	13.0917	25.938	0.909626	0.427845	1.17432	29.2438	6.88155	24.7711	26.1665	4.87645	6.53185	6.5384	7.86745	27.8618	21.0903	26.7562	5.38005	21.7632	26.1027	9.75641	22.655	24.2238	26.5997	12.0713	23.295	13.997	18.9178	19.568	16.7664	7.20107	7.51655	3.49381	3.94335	9.25987	2.38021	2.26915	20.0439	9.40672	15.3014	25.2167	20.1419	28.5459	23.0044	23.7451	10.9951	13.4287	8.67944	4.55861	3.69159	13.1218	5.33633	12.7296	8.4373	14.3394	0.8455	8.94919	12.2888	23.0111	23.1423	29.7422	29.0967	14.3417	28.5161	5.80568	5.98619	2.23417	17.2789	11.3597	20.0882	17.6623	28.33	16.7643	20.2544	20.3126	29.5706	20.7265	1.44119	10.8603	23.1873	4.36777	26.9914	13.1625	16.4238	26.1876	22.9626	11.1395	15.2425	26.5087	21.1527	14.1228	0.441364	8.8672</FloatingPoint>
			</Individual>
			<Individual size="1">
				<MOFitness value1="-0.53377" value2="-0.375"/>
				<FloatingPoint size="96">	2.40271	7.70703	1.32126	21.9839	25.0762	30.4884	0.918645	21.9472	0.942893	29.4386	15.6716	24.7591	26.1446	3.16176	6.51658	29.7756	8.07367	27.9064	23.9978	27.187	5.31352	21.0846	26.6375	9.76224	22.6507	24.1672	26.5587	12.0793	22.652	13.9947	18.9196	19.085	17.1442	7.32774	21.9033	3.4973	2.96749	8.37256	2.14163	1.71203	20.0103	9.48405	15.1593	24.2515	20.11	19.5251	23.026	23.7408	0.660284	13.7361	5.60691	4.55919	3.69133	30.5304	5.22086	4.33149	14.0871	14.3384	1.65822	4.1648	12.3478	13.7849	23.8061	29.7448	29.2161	14.8999	7.61154	5.56905	6.9628	3.15734	17.4239	1.70976	22.5786	17.6492	28.3163	16.7632	20.0324	20.318	29.3689	20.7455	0.288406	25.6791	23.1975	4.44434	26.5728	13.1625	16.3168	27.3924	22.9938	11.1448	15.3754	26.5184	22.1009	13.9779	0.983134	7.73448</FloatingPoint>
			</Individual>
			<Individual size="1">
				<MOFitness value1="-0.106383" value2="-0.8125"/>
				<FloatingPoint size="96">	1.6712	6.11918	1.68336	20.4419	8.28958	25.6328	1.19595	28.6501	0.14585	21.9946	15.1012	24.7286	26.0597	10.849	6.51868	30.1222	15.9682	28.5384	20.6848	25.5313	5.33896	10.7395	0.334393	10.059	6.54322	29.5136	27.6455	12.2203	28.5338	26.6342	16.0792	1.94062	26.4764	7.24907	21.6418	7.76758	25.0574	23.2267	1.15299	2.27352	20.2347	6.38947	9.97493	16.274	19.603	2.3304	7.79143	6.60518	0.265822	12.4388	4.66431	4.55683	3.58669	12.942	14.4348	12.742	10.5429	14.3406	0.599225	8.98538	4.62119	13.6319	24.3187	29.9003	29.0292	30.2844	25.3566	4.67436	20.6676	16.7305	25.9854	16.7143	27.1829	17.1237	13.4007	16.3618	30.4153	20.5085	28.8767	20.1564	24.9166	5.15579	24.6801	4.37606	17.3846	13.0886	16.2179	27.8008	22.9988	11.1284	7.25285	26.5585	22.6603	14.3351	0.486575	7.99177</FloatingPoint>
			</Individual>
			<Individual size="1">
				<MOFitness value1="-0.457456" value2="-0.4375"/>
				<FloatingPoint size="96">	2.65308	6.87922	0.926754	22.0031	9.5478	28.9015	4.1138	27.4759	1.71041	29.6482	14.9906	3.91522	26.6594	3.26321	6.4738	6.26287	7.99867	27.7513	21.078	27.0461	2.79336	9.38508	6.7166	26.3856	11.4818	4.98892	26.3166	13.3709	22.554	25.9714	15.7055	18.761	26.7466	7.24488	5.66538	3.99971	0.0257796	10.2132	2.38947	22.9724	26.1702	9.2694	15.5576	25.2133	20.2871	13.1591	23.3777	7.37643	10.9206	12.2855	6.81495	4.50546	4.0713	13.1106	5.2768	13.7596	10.1635	14.3517	0.809614	8.35803	23.893	13.8076	26.368	30.1013	10.4783	14.3284	0.565644	9.69059	8.75971	15.3983	26.0535	16.5843	20.2927	17.6778	28.3431	16.7413	19.9674	20.2677	4.78516	4.75213	7.46979	11.0014	22.553	8.43093	16.8793	11.9272	17.0851	26.2386	23.0042	11.2963	15.2285	26.8118	21.4449	16.0552	3.17854	24.3776</FloatingPoint>
			</Individual>
			<Individual size="1">
				<MOFitness value1="-0.139448" value2="-0.78125"/>
				<FloatingPoint size="96">	2.34814	1.38779	20.6949	21.77	25.0437	25.9361	28.1252	21.5635	1.18217	28.8545	6.8488	0.857533	26.0676	4.87127	6.68927	28.8622	16.2891	28.0444	24.0528	26.6525	5.20604	22.4201	7.01244	9.74025	10.131	24.2346	0.673648	11.9753	28.6993	27.6789	18.9195	30.4268	27.4217	8.93807	21.5488	3.52027	3.28639	8.8616	2.17044	8.67601	20.0492	9.46903	9.68832	24.5571	20.0638	11.8265	23.0053	23.7458	0.660641	12.5009	6.63274	4.55927	3.69117	13.0668	5.49694	23.067	18.6679	12.4922	1.43261	8.94634	16.9236	14.2316	8.80841	30.03	8.81326	30.9032	5.62174	8.28005	5.98509	2.22368	17.4607	1.89702	20.0202	17.6514	28.3233	16.7592	20.2584	20.3159	29.3088	20.7313	0.399644	27.0747	23.0649	26.4684	26.8644	12.4767	16.6479	22.8971	22.9942	11.5043	15.4006	26.5236	21.1449	27.4803	9.72449	9.03194</FloatingPoint>
			</Individual>
			<Individual size="1">
				<MOFitness value1="-0.139448" value2="-0.78125"/>
				<FloatingPoint size="96">	2.34821	1.51387	1.61425	21.6854	25.0439	25.943	1.41755	21.6751	1.18232	29.4323	29.793	24.9621	26.0649	4.85619	6.50358	28.864	16.2891	28.6167	24.0529	27.187	5.2075	22.4199	26.5017	9.74051	22.6763	24.2347	25.7184	11.9755	28.5858	27.1672	18.9195	30.6692	27.3893	5.32407	21.5511	4.6412	2.98285	8.85755	2.17043	8.39518	20.049	9.4688	9.67974	16.9134	20.0646	19.2503	23.0032	23.7419	0.660648	12.5259	6.48204	4.55885	3.69117	13.0667	5.49877	23.6728	18.9489	12.5483	1.43081	8.94628	17.1658	24.7873	22.3174	30.0316	28.7021	30.9605	7.64044	8.34958	5.98659	2.22354	17.4607	1.84454	20.0213	17.6514	28.3321	16.7642	20.2544	20.3159	29.3567	20.7329	0.286473	27.0747	23.2064	26.3583	26.8202	13.1502	16.6003	26.418	22.9942	11.5197	15.4006	26.5236	21.1491	27.2658	9.97879	9.03882</FloatingPoint>
			</Individual>
			<Individual size="1">
				<MOFitness value1="-0.389879" value2="-0.5"/>
				<FloatingPoint size="96">	2.56964	6.80275	1.26528	22.004	8.73712	25.9426	4.01849	28.116	0.99214	29.2338	14.9652	7.8529	25.9902	3.26825	6.53198	6.64084	7.02943	27.8417	21.0789	25.1297	6.71372	21.5213	26.2931	9.75574	11.477	24.2299	26.2956	24.3882	23.2466	13.9811	15.5997	18.7598	26.7417	7.24423	7.58098	3.42989	3.96185	9.80275	2.38592	2.60115	21.1939	9.19686	15.3991	25.2139	20.1232	2.60952	23.2022	7.28909	11.0001	13.4369	4.62024	4.55886	3.7411	13.1162	5.53481	3.96489	10.2143	14.3425	0.807425	8.95627	14.0639	22.8659	26.583	12.9505	29.0521	14.8767	2.52739	9.548	5.90659	3.73177	25.9246	11.4134	20.0901	17.519	28.3334	16.7637	20.2556	20.2683	4.47123	19.5216	7.38858	11.0819	8.5	8.29484	17.0878	8.27086	16.7191	25.9809	23.0029	11.1406	15.2257	26.5096	21.4454	14.1229	3.1325	8.87327</FloatingPoint>
			</Individual>
			<Individual size="1">
				<MOFitness value1="-0.457456" value2="-0.4375"/>
				<FloatingPoint size="96">	2.65308	6.87922	0.926754	22.0031	9.5478	28.9015	4.1138	27.4759	1.71041	29.6482	14.9906	3.91522	26.6594	3.26321	6.4738	6.26287	7.99867	27.7513	21.078	27.0461	2.79336	9.38508	6.7166	26.3856	11.4818	4.98892	26.3166	13.3709	22.554	25.9714	15.7055	18.761	26.7466	7.24488	5.66538	3.99971	0.0257796	10.2132	2.38947	22.9724	26.1702	9.2694	15.5576	25.2133	20.2871	13.1591	23.3777	7.37643	10.9206	12.2855	6.81495	4.50546	4.0713	13.1106	5.2768	13.7596	10.1635	14.3517	0.809614	8.35803	23.893	13.8076	26.368	30.1013	10.4783	14.3284	0.565644	9.69059	8.75971	15.3983	26.0535	16.5843	20.2927	17.6778	28.3431	16.7413	19.9674	20.2677	4.78516	4.75213	7.46979	11.0014	22.553	8.43093	16.8793	11.9272	17.0851	26.2386	23.0042	11.2963	15.2285	26.8118	21.4449	16.0552	3.17854	24.3776</FloatingPoint>
			</Individual>
			<Individual size="1">
				<MOFitness value1="-0.355256" value2="-0.53125"/>
				<FloatingPoint size="96">	2.59884	6.73649	1.28127	21.9996	8.828	25.942	0.887838	28.2581	0.991885	29.2274	30.4181	7.16085	25.6224	3.23478	6.53292	4.93082	8.55048	10.2772	24.0214	25.1298	6.6966	21.7612	26.2997	9.78108	22.5249	24.0382	26.2965	24.0105	28.5897	13.9814	15.5315	19.2243	16.7164	5.20828	21.3945	3.43067	4.07514	8.61641	3.02653	2.58878	20.0383	9.2029	9.55045	25.2586	20.1302	2.62624	22.4408	5.85114	11.2675	13.7385	26.2	4.55883	3.73351	12.8933	5.53725	3.90074	10.1134	14.3419	0.824999	8.90874	14.0619	22.8607	23.8643	11.7344	27.1207	9.09646	2.9482	9.63767	5.97927	1.88074	25.9067	1.68349	20.0902	17.6533	28.3327	16.756	20.2493	20.322	14.4955	19.7745	7.37715	25.9188	8.39752	8.20636	17.2097	13.1328	16.657	27.479	23.0063	11.1547	15.2484	26.5096	21.4417	14.1177	3.13458	8.87314</FloatingPoint>
			</Individual>
			<Individual size="1">
				<MOFitness value1="-0.389879" value2="-0.5"/>
				<FloatingPoint size="96">	2.56964	6.80275	1.26528	22.004	8.73712	25.9426	4.01849	28.116	0.99214	29.2338	14.9652	7.8529	25.9902	3.26825	6.53198	6.64084	7.02943	27.8417	21.0789	25.1297	6.71372	21.5213	26.2931	9.75574	11.477	24.2299	26.2956	24.3882	23.2466	13.9811	15.5997	18.7598	26.7417	7.24423	7.58098	3.42989	3.96185	9.80275	2.38592	2.60115	21.1939	9.19686	15.3991	25.2139	20.1232	2.60952	23.2022	7.28909	11.0001	13.4369	4.62024	4.55886	3.7411	13.1162	5.53481	3.96489	10.2143	14.3425	0.807425	8.95627	14.0639	22.8659	26.583	12.9505	29.0521	14.8767	2.52739	9.548	5.90659	3.73177	25.9246	11.4134	20.0901	17.519	28.3334	16.7637	20.2556	20.2683	4.47123	19.5216	7.38858	11.0819	8.5	8.29484	17.0878	8.27086	16.7191	25.9809	23.0029	11.1406	15.2257	26.5096	21.4454	14.1229	3.1325	8.87327</FloatingPoint>
			</Individual>
			<Individual size="1">
				<MOFitness value1="-0.423522" value2="-0.46875"/>
				<FloatingPoint size="96">	2.29205	7.66037	1.29316	20.2116	13.0917	25.938	0.909626	0.427845	1.17432	29.2438	6.88155	24.7711	26.1665	4.87645	6.53185	6.5384	7.86745	27.8618	21.0903	26.7562	5.38005	21.7632	26.1027	9.75641	22.655	24.2238	26.5997	12.0713	23.295	13.997	18.9178	19.568	16.7664	7.20107	7.51655	3.49381	3.94335	9.25987	2.38021	2.26915	20.0439	9.40672	15.3014	25.2167	20.1419	28.5459	23.0044	23.7451	10.9951	13.4287	8.67944	4.55861	3.69159	13.1218	5.33633	12.7296	8.4373	14.3394	0.8455	8.94919	12.2888	23.0111	23.1423	29.7422	29.0967	14.3417	28.5161	5.80568	5.98619	2.23417	17.2789	11.3597	20.0882	17.6623	28.33	16.7643	20.2544	20.3126	29.5706	20.7265	1.44119	10.8603	23.1873	4.36777	26.9914	13.1625	16.4238	26.1876	22.9626	11.1395	15.2425	26.5087	21.1527	14.1228	0.441364	8.8672</FloatingPoint>
			</Individual>
			<Individual size="1">
				<MOFitness value1="-0.53377" value2="-0.375"/>
				<FloatingPoint size="96">	2.40271	7.70703	1.32126	21.9839	25.0762	30.4884	0.918645	21.9472	0.942893	29.4386	15.6716	24.7591	26.1446	3.16176	6.51658	29.7756	8.07367	27.9064	23.9978	27.187	5.31352	21.0846	26.6375	9.76224	22.6507	24.1672	26.5587	12.0793	22.652	13.9947	18.9196	19.085	17.1442	7.32774	21.9033	3.4973	2.96749	8.37256	2.14163	1.71203	20.0103	9.48405	15.1593	24.2515	20.11	19.5251	23.026	23.7408	0.660284	13.7361	5.60691	4.55919	3.69133	30.5304	5.22086	4.33149	14.0871	14.3384	1.65822	4.1648	12.3478	13.7849	23.8061	29.7448	29.2161	14.8999	7.61154	5.56905	6.9628	3.15734	17.4239	1.70976	22.5786	17.6492	28.3163	16.7632	20.0324	20.318	29.3689	20.7455	0.288406	25.6791	23.1975	4.44434	26.5728	13.1625	16.3168	27.3924	22.9938	11.1448	15.3754	26.5184	22.1009	13.9779	0.983134	7.73448</FloatingPoint>
			</Individual>
			<Individual size="1">
				<MOFitness value1="-0.675015" value2="-0.25"/>
				<FloatingPoint size="96">	2.63067	1.02208	20.8225	21.7982	8.80288	25.8564	27.4547	1.63339	0.934815	22.1989	6.93338	25.8115	26.0661	10.2889	6.68877	29.4536	16.9478	6.13906	20.2061	26.6314	2.73646	24.2192	4.54345	10.9155	9.78571	11.4527	20.6731	11.4002	28.7008	13.997	15.3058	18.585	26.6394	8.93357	11.8538	4.43501	2.96059	16.871	1.21502	8.70633	20.9591	5.9641	16.0857	16.7173	26.8477	11.6433	7.30679	24.1965	10.9495	26.24	6.8426	4.54117	3.54524	12.8226	9.87696	12.6891	18.5119	12.5484	10.0507	8.42249	14.5721	9.83096	8.73225	30.0307	9.70339	30.5428	6.84092	25.9497	5.64043	11.0318	17.2732	11.8439	19.4744	17.4445	27.4953	16.7586	19.9723	20.095	29.572	5.26972	27.3142	4.19074	0.916288	4.63893	27.4909	3.87599	16.642	22.9276	23.1518	23.216	17.3282	26.6583	5.25611	27.4998	9.55509	7.61256</FloatingPoint>
			</Individual>
			<Individual size="1">
				<MOFitness value1="-0.091834" value2="-0.90625"/>
				<FloatingPoint size="96">	1.08381	6.74641	22.8717	22.0334	8.2814	25.2777	1.4891	28.1744	0.598958	29.6671	14.9418	24.8221	26.1257	10.71	6.51868	6.70919	16.8195	28.5464	21.4778	25.025	3.90311	22.2983	6.00604	9.88174	8.87626	26.4932	28.0793	13.5593	29.5691	19.5683	15.4218	30.346	26.9069	9.0383	21.7379	11.1991	1.04067	22.6016	1.1227	2.23773	21.1354	10.4675	16.6395	16.1115	26.9623	2.34015	21.3119	6.46365	0.390161	12.4014	6.65945	4.56639	27.4998	12.6569	14.5593	4.01409	10.37	14.3278	3.64777	8.91684	14.2143	10.2438	9.72214	30.1507	29.0874	30.2579	2.33326	9.8542	19.7854	3.78263	25.9852	16.6462	20.09	17.5206	28.0116	16.0977	20.043	20.2814	12.5585	12.7099	0.905548	4.80629	8.01121	4.41736	17.3762	8.28327	16.7266	26.8968	22.9953	11.1535	2.93931	26.5179	21.4354	14.306	26.0759	8.00642</FloatingPoint>
			</Individual>
			<Individual size="1">
				<MOFitness value1="-0.787968" value2="-0.15625"/>
				<FloatingPoint size="96">	16.694	1.27181	21.5882	26.504	8.82022	25.9251	27.7863	1.13218	0.966093	28.6451	14.5977	25.8906	25.887	3.63077	6.68315	5.14353	16.9009	5.94395	20.6839	26.6283	2.78884	23.3462	5.66074	10.6248	9.87506	9.39663	0.0894966	13.4937	28.8394	12.9561	15.5451	18.5775	26.5931	5.42345	21.6142	4.46607	2.32778	17.2302	1.21113	8.70741	20.9986	5.92723	16.0187	16.7025	19.6797	18.4018	7.31901	24.3364	0.761193	29.8641	7.22702	4.34839	3.70787	12.8468	13.5802	12.6782	8.33686	12.6495	12.0461	3.43259	14.3591	9.69528	8.70193	29.9863	30.1253	27.814	5.79153	18.7539	5.55024	11.9331	17.1485	11.5511	27.3525	17.468	29.2556	16.7574	19.9529	18.9899	29.5465	5.76912	0.307619	4.09422	1.02857	4.71631	28.5625	2.24805	15.9748	18.5157	23.149	11.1017	18.0156	14.3045	4.85685	5.12639	1.90175	1.60656</FloatingPoint>
			</Individual>
			<Individual size="1">
				<MOFitness value1="-0.787968" value2="-0.15625"/>
				<FloatingPoint size="96">	16.694	1.27181	21.5882	26.504	8.82022	25.9251	27.7863	1.13218	0.966093	28.6451	14.5977	25.8906	25.887	3.63077	6.68315	5.14353	16.9009	5.94395	20.6839	26.6283	2.78884	23.3462	5.66074	10.6248	9.87506	9.39663	0.0894966	13.4937	28.8394	12.9561	15.5451	18.5775	26.5931	5.42345	21.6142	4.46607	2.32778	17.2302	1.21113	8.70741	20.9986	5.92723	16.0187	16.7025	19.6797	18.4018	7.31901	24.3364	0.761193	29.8641	7.22702	4.34839	3.70787	12.8468	13.5802	12.6782	8.33686	12.6495	12.0461	3.43259	14.3591	9.69528	8.70193	29.9863	30.1253	27.814	5.79153	18.7539	5.55024	11.9331	17.1485	11.5511	27.3525	17.468	29.2556	16.7574	19.9529	18.9899	29.5465	5.76912	0.307619	4.09422	1.02857	4.71631	28.5625	2.24805	15.9748	18.5157	23.149	11.1017	18.0156	14.3045	4.85685	5.12639	1.90175	1.60656</FloatingPoint>
			</Individual>
			<Individual size="1">
				<MOFitness value1="-0.750484" value2="-0.1875"/>
				<FloatingPoint size="96">	15.3148	6.53897	22.973	21.8005	8.87495	26.0306	27.7918	1.42307	18.1817	28.6598	6.80149	25.9183	26.1241	19.419	6.51938	29.4739	16.9115	5.95843	20.6969	26.6282	2.72906	3.00609	5.64489	10.6958	9.73791	9.20287	0.102302	13.4858	28.5205	12.9632	15.4364	18.5227	29.1797	5.32115	7.09371	4.52822	0.546384	16.6068	1.20695	7.9103	27.8054	5.87453	16.0996	16.7772	11.5097	18.3254	7.55781	23.9823	0.378472	13.16	6.53447	4.53975	3.70194	12.8436	6.02628	12.6636	8.34975	14.444	12.052	8.95818	14.569	9.66443	8.79308	24.2896	14.6664	9.34538	6.66018	26.0519	5.68198	11.3746	17.507	11.711	27.4207	17.5742	29.4374	16.7602	19.9553	20.1037	20.7887	5.77564	0.321765	4.02472	1.01495	4.75362	27.4048	28.0301	16.1722	22.9307	23.1527	23.3364	17.6404	13.5827	5.85224	4.59249	1.44324	7.70707</FloatingPoint>
			</Individual>
			<Individual size="1">
				<MOFitness value1="-0.750484" value2="-0.1875"/>
				<FloatingPoint size="96">	15.3148	6.53897	22.973	21.8005	8.87495	26.0306	27.7918	1.42307	18.1817	28.6598	6.80149	25.9183	26.1241	19.419	6.51938	29.4739	16.9115	5.95843	20.6969	26.6282	2.72906	3.00609	5.64489	10.6958	9.73791	9.20287	0.102302	13.4858	28.5205	12.9632	15.4364	18.5227	29.1797	5.32115	7.09371	4.52822	0.546384	16.6068	1.20695	7.9103	27.8054	5.87453	16.0996	16.7772	11.5097	18.3254	7.55781	23.9823	0.378472	13.16	6.53447	4.53975	3.70194	12.8436	6.02628	12.6636	8.34975	14.444	12.052	8.95818	14.569	9.66443	8.79308	24.2896	14.6664	9.34538	6.66018	26.0519	5.68198	11.3746	17.507	11.711	27.4207	17.5742	29.4374	16.7602	19.9553	20.1037	20.7887	5.77564	0.321765	4.02472	1.01495	4.75362	27.4048	28.0301	16.1722	22.9307	23.1527	23.3364	17.6404	13.5827	5.85224	4.59249	1.44324	7.70707</FloatingPoint>
			</Individual>
			<Individual size="1">
				<MOFitness value1="-0.815857" value2="-0.125"/>
				<FloatingPoint size="96">	11.8802	0.810254	20.7277	21.8049	8.82161	25.8581	27.5423	10.8208	1.79368	28.6747	6.9435	25.8175	25.9703	3.63443	7.80507	5.1981	16.9488	6.0057	20.2852	26.6245	5.30552	23.4543	5.97005	10.8687	9.7454	9.51573	0.215373	13.2311	28.7573	12.9552	15.6451	18.5855	26.6349	5.40199	7.42418	4.44137	2.2937	22.9302	1.25036	8.92675	20.9424	5.91541	16.0206	16.7307	19.6852	18.3682	7.63914	24.1953	0.854828	26.2633	8.77786	4.34799	3.70962	12.7438	9.85773	12.703	7.7257	12.6341	12.3402	8.4124	14.5122	9.59961	8.58439	24.1666	13.971	30.3528	5.99855	25.9091	5.57279	11.817	17.1454	11.7645	26.7505	17.5229	29.4445	16.3949	19.9724	20.1244	29.3242	5.26725	26.9099	3.05713	23.3947	8.21255	28.9622	4.01582	16.2444	26.7397	23.1467	11.2356	17.9553	26.6366	4.54754	5.78137	9.22745	7.49367</FloatingPoint>
			</Individual>
			<Individual size="1">
				<MOFitness value1="-0.966594" value2="-0.03125"/>
				<FloatingPoint size="96">	16.4784	7.31513	21.9743	20.2199	9.89859	25.9409	2.48859	0.993461	0.410275	28.6422	14.641	25.4421	26.097	3.93434	6.6861	27.7373	17.0854	26.6292	21.4509	27.3181	2.81566	21.9931	5.55652	10.6071	9.62768	23.3346	5.83749	13.5042	28.8213	14.0412	18.6913	18.8126	25.9798	5.42668	21.7637	4.45874	1.49134	17.3223	1.20699	5.94412	19.9613	5.40955	27.9618	16.7616	19.68	18.3279	6.34938	23.92	0.167627	10.8123	7.56056	4.34621	3.70961	20.5531	13.4555	13.5476	8.2202	14.324	1.67604	8.93072	12.4082	13.5786	22.8685	23.9291	30.1186	8.91959	6.79127	19.1556	7.08915	11.9488	17.1471	12.4285	19.7556	17.4725	29.4171	16.7329	4.89441	19.0604	30.0131	6.01324	0.323217	6.60892	0.582762	4.70384	16.3617	12.1073	15.6499	18.3397	23.1516	11.2697	18.1288	14.3193	4.65163	15.1187	1.44184	7.74543</FloatingPoint>
			</Individual>
			<Individual size="1">
				<MOFitness value1="-1" value2="-0"/>
				<FloatingPoint size="96">	13.7029	7.39555	21.9797	21.9372	10.1887	25.5471	2.12072	1.85302	0.462862	29.5528	8.57845	25.4552	26.0697	10.458	6.68842	29.3206	24.2141	27.5703	20.6186	29.9909	2.77554	22.0453	5.55947	10.5961	10.254	9.74694	26.7534	13.4903	28.6951	14.0227	18.5458	18.8081	25.7833	5.45056	11.7655	4.46482	1.47472	17.3207	1.21727	8.78285	19.9697	9.45492	28.8942	16.4783	20.1396	17.8603	5.95308	23.9297	0.233182	29.2759	6.51278	4.5395	3.70145	20.5039	13.0261	12.7122	7.75345	12.5306	1.71183	8.93405	18.9815	9.80899	24.7039	30.0088	30.1469	30.5327	6.3735	19.1532	7.18805	2.68481	17.1576	12.5441	27.4202	17.1079	29.418	16.7029	4.99396	20.1869	25.747	5.09979	0.321302	7.65903	1.02131	4.70418	16.1247	4.87993	15.5909	22.8224	23.1516	11.2695	18.0619	14.385	4.29164	4.89135	1.44121	20.2679</FloatingPoint>
			</Individual>
			<Individual size="1">
				<MOFitness value1="-0.85793" value2="-0.09375"/>
				<FloatingPoint size="96">	11.6521	0.783794	0.249473	21.798	8.31109	25.8621	27.5187	21.9474	18.3102	28.4986	6.80591	24.6559	25.9028	4.95799	6.52095	30.6085	17.074	27.9125	20.6839	26.5935	2.68065	9.40066	26.6976	9.44798	9.73601	28.6431	0.715388	13.5292	22.1857	12.8925	18.7151	19.1919	29.285	5.43361	7.32493	4.46367	2.43758	16.6029	1.20991	7.8596	27.7636	5.87749	16.7236	17.0331	20.117	18.2777	7.59638	23.9876	0.679599	29.5185	8.75358	4.55262	3.7053	13.4949	6.05381	12.5558	7.86725	14.4098	10.918	8.92632	14.4898	13.6036	8.58666	24.0764	14.7862	24.6037	6.01155	27.3241	5.57056	11.8808	17.3597	11.7638	27.2613	17.5741	29.454	16.7584	19.9742	20.3149	21.1959	5.8343	0.321545	27.6142	22.988	8.36755	28.6191	13.1555	16.6182	18.6449	23.1506	11.2313	15.4803	13.2729	21.0805	2.89013	1.46902	1.07394</FloatingPoint>
			</Individual>
			<Individual size="1">
				<MOFitness value1="-0.012283" value2="-0.9375"/>
				<FloatingPoint size="96">	2.35313	7.65933	1.32556	20.2119	25.0439	25.9428	0.938338	21.6755	1.17716	29.4386	30.3271	24.7576	26.1437	4.85641	6.51658	28.9001	16.3223	28.6111	24.0465	27.1897	5.32132	22.0087	26.5746	9.7645	22.655	24.2336	26.5759	12.0713	28.5878	13.994	18.9196	30.7076	17.1447	5.37734	21.9031	4.57076	2.98055	8.63047	2.16971	2.27835	20.0427	9.48986	9.67978	16.8501	20.1414	19.5302	23.0032	23.742	0.660277	13.7359	25.5473	4.55886	3.69122	13.0667	5.21759	12.6885	8.43837	14.3391	1.52566	8.94897	12.286	13.8863	23.8107	29.7437	29.1998	14.6007	7.45181	5.57152	5.98656	2.23974	17.287	1.8437	20.0855	17.6524	28.3318	16.7643	20.2544	20.318	29.3561	20.7329	0.288794	27.0736	23.1987	4.33305	26.8189	13.1625	16.6008	26.1882	22.9942	11.1429	15.4018	26.5189	21.1493	13.9811	0.398509	7.70176</FloatingPoint>
			</Individual>
			<Individual size="1">
				<MOFitness value1="-0.815857" value2="-0.125"/>
				<FloatingPoint size="96">	11.8802	0.810254	20.7277	21.8049	8.82161	25.8581	27.5423	10.8208	1.79368	28.6747	6.9435	25.8175	25.9703	3.63443	7.80507	5.1981	16.9488	6.0057	20.2852	26.6245	5.30552	23.4543	5.97005	10.8687	9.7454	9.51573	0.215373	13.2311	28.7573	12.9552	15.6451	18.5855	26.6349	5.40199	7.42418	4.44137	2.2937	22.9302	1.25036	8.92675	20.9424	5.91541	16.0206	16.7307	19.6852	18.3682	7.63914	24.1953	0.854828	26.2633	8.77786	4.34799	3.70962	12.7438	9.85773	12.703	7.7257	12.6341	12.3402	8.4124	14.5122	9.59961	8.58439	24.1666	13.971	30.3528	5.99855	25.9091	5.57279	11.817	17.1454	11.7645	26.7505	17.5229	29.4445	16.3949	19.9724	20.1244	29.3242	5.26725	26.9099	3.05713	23.3947	8.21255	28.9622	4.01582	16.2444	26.7397	23.1467	11.2356	17.9553	26.6366	4.54754	5.78137	9.22745	7.49367</FloatingPoint>
			</Individual>
			<Individual size="1">
				<MOFitness value1="-0.70754" value2="-0.21875"/>
				<FloatingPoint size="96">	2.6176	1.81177	20.8092	21.8029	8.83032	25.859	27.7048	27.2567	1.74843	29.2272	6.75836	25.814	10.0578	3.63309	7.79195	5.18315	16.9481	6.0064	9.82683	26.7827	5.26566	23.4526	6.35492	10.9008	9.81051	11.5195	20.733	24.8227	28.7003	12.9552	15.611	18.5855	26.6347	10.1993	12.1591	4.44115	2.30092	22.8859	1.2506	8.93586	21.2012	5.7243	15.7051	16.7161	20.5615	12.7834	7.6352	24.1964	0.853485	26.282	6.83212	4.34784	3.70903	12.7043	9.88178	12.6859	18.7016	12.6321	1.26676	8.39919	13.6965	9.8325	8.73505	30.0484	9.76678	30.3988	6.51705	26.1963	5.64391	11.0498	17.8542	12.5794	19.2687	17.5232	27.2525	16.3824	19.9723	20.1037	29.3258	5.25537	27.098	3.05852	0.916283	8.21572	13.5418	3.84111	6.05596	26.6755	23.1467	11.4601	16.6322	26.6583	5.25798	27.3093	9.55023	7.67782</FloatingPoint>
			</Individual>
			<Individual size="1">
				<MOFitness value1="-0.70754" value2="-0.21875"/>
				<FloatingPoint size="96">	2.6176	1.81177	20.8092	21.8029	8.83032	25.859	27.7048	27.2567	1.74843	29.2272	6.75836	25.814	10.0578	3.63309	7.79195	5.18315	16.9481	6.0064	9.82683	26.7827	5.26566	23.4526	6.35492	10.9008	9.81051	11.5195	20.733	24.8227	28.7003	12.9552	15.611	18.5855	26.6347	10.1993	12.1591	4.44115	2.30092	22.8859	1.2506	8.93586	21.2012	5.7243	15.7051	16.7161	20.5615	12.7834	7.6352	24.1964	0.853485	26.282	6.83212	4.34784	3.70903	12.7043	9.88178	12.6859	18.7016	12.6321	1.26676	8.39919	13.6965	9.8325	8.73505	30.0484	9.76678	30.3988	6.51705	26.1963	5.64391	11.0498	17.8542	12.5794	19.2687	17.5232	27.2525	16.3824	19.9723	20.1037	29.3258	5.25537	27.098	3.05852	0.916283	8.21572	13.5418	3.84111	6.05596	26.6755	23.1467	11.4601	16.6322	26.6583	5.25798	27.3093	9.55023	7.67782</FloatingPoint>
			</Individual>
			<Individual size="1">
				<MOFitness value1="-0.675015" value2="-0.25"/>
				<FloatingPoint size="96">	2.63067	1.02208	20.8225	21.7982	8.80288	25.8564	27.4547	1.63339	0.934815	22.1989	6.93338	25.8115	26.0661	10.2889	6.68877	29.4536	16.9478	6.13906	20.2061	26.6314	2.73646	24.2192	4.54345	10.9155	9.78571	11.4527	20.6731	11.4002	28.7008	13.997	15.3058	18.585	26.6394	8.93357	11.8538	4.43501	2.96059	16.871	1.21502	8.70633	20.9591	5.9641	16.0857	16.7173	26.8477	11.6433	7.30679	24.1965	10.9495	26.24	6.8426	4.54117	3.54524	12.8226	9.87696	12.6891	18.5119	12.5484	10.0507	8.42249	14.5721	9.83096	8.73225	30.0307	9.70339	30.5428	6.84092	25.9497	5.64043	11.0318	17.2732	11.8439	19.4744	17.4445	27.4953	16.7586	19.9723	20.095	29.572	5.26972	27.3142	4.19074	0.916288	4.63893	27.4909	3.87599	16.642	22.9276	23.1518	23.216	17.3282	26.6583	5.25611	27.4998	9.55509	7.61256</FloatingPoint>
			</Individual>
			<Individual size="1">
				<MOFitness value1="-0.675015" value2="-0.25"/>
				<FloatingPoint size="96">	2.63067	1.02208	20.8225	21.7982	8.80288	25.8564	27.4547	1.63339	0.934815	22.1989	6.93338	25.8115	26.0661	10.2889	6.68877	29.4536	16.9478	6.13906	20.2061	26.6314	2.73646	24.2192	4.54345	10.9155	9.78571	11.4527	20.6731	11.4002	28.7008	13.997	15.3058	18.585	26.6394	8.93357	11.8538	4.43501	2.96059	16.871	1.21502	8.70633	20.9591	5.9641	16.0857	16.7173	26.8477	11.6433	7.30679	24.1965	10.9495	26.24	6.8426	4.54117	3.54524	12.8226	9.87696	12.6891	18.5119	12.5484	10.0507	8.42249	14.5721	9.83096	8.73225	30.0307	9.70339	30.5428	6.84092	25.9497	5.64043	11.0318	17.2732	11.8439	19.4744	17.4445	27.4953	16.7586	19.9723	20.095	29.572	5.26972	27.3142	4.19074	0.916288	4.63893	27.4909	3.87599	16.642	22.9276	23.1518	23.216	17.3282	26.6583	5.25611	27.4998	9.55509	7.61256</FloatingPoint>
			</Individual>
			<Individual size="1">
				<MOFitness value1="-0.70754" value2="-0.21875"/>
				<FloatingPoint size="96">	2.6176	1.81177	20.8092	21.8029	8.83032	25.859	27.7048	27.2567	1.74843	29.2272	6.75836	25.814	10.0578	3.63309	7.79195	5.18315	16.9481	6.0064	9.82683	26.7827	5.26566	23.4526	6.35492	10.9008	9.81051	11.5195	20.733	24.8227	28.7003	12.9552	15.611	18.5855	26.6347	10.1993	12.1591	4.44115	2.30092	22.8859	1.2506	8.93586	21.2012	5.7243	15.7051	16.7161	20.5615	12.7834	7.6352	24.1964	0.853485	26.282	6.83212	4.34784	3.70903	12.7043	9.88178	12.6859	18.7016	12.6321	1.26676	8.39919	13.6965	9.8325	8.73505	30.0484	9.76678	30.3988	6.51705	26.1963	5.64391	11.0498	17.8542	12.5794	19.2687	17.5232	27.2525	16.3824	19.9723	20.1037	29.3258	5.25537	27.098	3.05852	0.916283	8.21572	13.5418	3.84111	6.05596	26.6755	23.1467	11.4601	16.6322	26.6583	5.25798	27.3093	9.55023	7.67782</FloatingPoint>
			</Individual>
			<Individual size="1">
				<MOFitness value1="-0.53377" value2="-0.375"/>
				<FloatingPoint size="96">	2.40271	7.70703	1.32126	21.9839	25.0762	30.4884	0.918645	21.9472	0.942893	29.4386	15.6716	24.7591	26.1446	3.16176	6.51658	29.7756	8.07367	27.9064	23.9978	27.187	5.31352	21.0846	26.6375	9.76224	22.6507	24.1672	26.5587	12.0793	22.652	13.9947	18.9196	19.085	17.1442	7.32774	21.9033	3.4973	2.96749	8.37256	2.14163	1.71203	20.0103	9.48405	15.1593	24.2515	20.11	19.5251	23.026	23.7408	0.660284	13.7361	5.60691	4.55919	3.69133	30.5304	5.22086	4.33149	14.0871	14.3384	1.65822	4.1648	12.3478	13.7849	23.8061	29.7448	29.2161	14.8999	7.61154	5.56905	6.9628	3.15734	17.4239	1.70976	22.5786	17.6492	28.3163	16.7632	20.0324	20.318	29.3689	20.7455	0.288406	25.6791	23.1975	4.44434	26.5728	13.1625	16.3168	27.3924	22.9938	11.1448	15.3754	26.5184	22.1009	13.9779	0.983134	7.73448</FloatingPoint>
			</Individual>
			<Individual size="1">
				<MOFitness value1="-0.296037" value2="-0.59375"/>
				<FloatingPoint size="96">	15.7915	6.7269	0.901607	20.2768	13.1549	25.7971	0.90581	0.485568	0.977799	29.2442	6.8818	24.7379	26.191	4.86719	6.53192	6.17372	7.8575	27.8619	21.0902	26.7561	5.31514	10.7651	26.1025	9.7782	8.13201	23.8779	26.6001	12.0715	23.2601	13.9966	18.9196	19.5668	16.7947	7.20107	7.5191	2.28242	25.7626	18.8145	2.37264	2.26914	20.0508	9.40672	9.44392	25.4252	20.6884	28.8558	23.0018	23.742	10.9796	13.4281	8.68299	4.55861	3.69099	12.8848	5.33525	12.7706	8.43811	14.3396	2.66124	8.94915	12.4831	23.0132	23.1496	29.7157	29.0967	9.09247	25.1321	5.80758	8.87446	2.26594	17.2796	11.3577	20.2177	17.6623	28.3323	16.383	20.0356	2.40542	29.5694	4.23704	1.44119	10.8601	23.1678	4.36782	26.2316	8.89655	16.4176	26.1868	23.121	10.2945	15.2426	26.8085	21.1526	14.1234	0.45421	8.85406</FloatingPoint>
			</Individual>
			<Individual size="1">
				<MOFitness value1="-0.325934" value2="-0.5625"/>
				<FloatingPoint size="96">	13.6954	6.73594	1.04925	20.1915	13.0873	26.0351	2.49133	0.166531	0.224933	29.9469	14.6235	23.1002	7.507	4.95071	6.68206	6.76809	7.49841	26.6631	21.5504	20.7234	2.82714	21.6959	26.6554	10.5893	9.57988	23.1485	26.4571	13.5432	29.0806	14.0412	18.9272	18.9425	15.8221	7.01669	21.6305	13.2518	1.24923	17.3216	3.21801	5.755	25.8239	5.42934	9.12802	25.7199	19.5362	18.5193	7.57121	23.9204	10.1421	13.4155	8.76169	4.52869	9.68175	12.9111	5.62514	2.92171	7.65759	14.324	1.69348	7.99694	14.0587	13.4181	23.1433	23.7764	10.3677	8.91623	21.4818	5.54879	7.09155	2.06177	17.1186	7.02099	20.1571	17.337	29.4132	16.4544	19.9882	2.99325	29.5541	6.04482	0.338754	6.5899	0.505215	4.70637	26.1664	8.75612	16.2653	26.3745	14.7444	10.2943	18.0648	26.7897	22.0804	15.1664	1.44209	8.74364</FloatingPoint>
			</Individual>
			<Individual size="1">
				<MOFitness value1="-0.296037" value2="-0.59375"/>
				<FloatingPoint size="96">	15.7915	6.7269	0.901607	20.2768	13.1549	25.7971	0.90581	0.485568	0.977799	29.2442	6.8818	24.7379	26.191	4.86719	6.53192	6.17372	7.8575	27.8619	21.0902	26.7561	5.31514	10.7651	26.1025	9.7782	8.13201	23.8779	26.6001	12.0715	23.2601	13.9966	18.9196	19.5668	16.7947	7.20107	7.5191	2.28242	25.7626	18.8145	2.37264	2.26914	20.0508	9.40672	9.44392	25.4252	20.6884	28.8558	23.0018	23.742	10.9796	13.4281	8.68299	4.55861	3.69099	12.8848	5.33525	12.7706	8.43811	14.3396	2.66124	8.94915	12.4831	23.0132	23.1496	29.7157	29.0967	9.09247	25.1321	5.80758	8.87446	2.26594	17.2796	11.3577	20.2177	17.6623	28.3323	16.383	20.0356	2.40542	29.5694	4.23704	1.44119	10.8601	23.1678	4.36782	26.2316	8.89655	16.4176	26.1868	23.121	10.2945	15.2426	26.8085	21.1526	14.1234	0.45421	8.85406</FloatingPoint>
			</Individual>
			<Individual size="1">
				<MOFitness value1="-0.325934" value2="-0.5625"/>
				<FloatingPoint size="96">	13.6954	6.73594	1.04925	20.1915	13.0873	26.0351	2.49133	0.166531	0.224933	29.9469	14.6235	23.1002	7.507	4.95071	6.68206	6.76809	7.49841	26.6631	21.5504	20.7234	2.82714	21.6959	26.6554	10.5893	9.57988	23.1485	26.4571	13.5432	29.0806	14.0412	18.9272	18.9425	15.8221	7.01669	21.6305	13.2518	1.24923	17.3216	3.21801	5.755	25.8239	5.42934	9.12802	25.7199	19.5362	18.5193	7.57121	23.9204	10.1421	13.4155	8.76169	4.52869	9.68175	12.9111	5.62514	2.92171	7.65759	14.324	1.69348	7.99694	14.0587	13.4181	23.1433	23.7764	10.3677	8.91623	21.4818	5.54879	7.09155	2.06177	17.1186	7.02099	20.1571	17.337	29.4132	16.4544	19.9882	2.99325	29.5541	6.04482	0.338754	6.5899	0.505215	4.70637	26.1664	8.75612	16.2653	26.3745	14.7444	10.2943	18.0648	26.7897	22.0804	15.1664	1.44209	8.74364</FloatingPoint>
			</Individual>
			<Individual size="1">
				<MOFitness value1="-0.355256" value2="-0.53125"/>
				<FloatingPoint size="96">	2.59884	6.73649	1.28127	21.9996	8.828	25.942	0.887838	28.2581	0.991885	29.2274	30.4181	7.16085	25.6224	3.23478	6.53292	4.93082	8.55048	10.2772	24.0214	25.1298	6.6966	21.7612	26.2997	9.78108	22.5249	24.0382	26.2965	24.0105	28.5897	13.9814	15.5315	19.2243	16.7164	5.20828	21.3945	3.43067	4.07514	8.61641	3.02653	2.58878	20.0383	9.2029	9.55045	25.2586	20.1302	2.62624	22.4408	5.85114	11.2675	13.7385	26.2	4.55883	3.73351	12.8933	5.53725	3.90074	10.1134	14.3419	0.824999	8.90874	14.0619	22.8607	23.8643	11.7344	27.1207	9.09646	2.9482	9.63767	5.97927	1.88074	25.9067	1.68349	20.0902	17.6533	28.3327	16.756	20.2493	20.322	14.4955	19.7745	7.37715	25.9188	8.39752	8.20636	17.2097	13.1328	16.657	27.479	23.0063	11.1547	15.2484	26.5096	21.4417	14.1177	3.13458	8.87314</FloatingPoint>
			</Individual>
			<Individual size="1">
				<MOFitness value1="-0.787968" value2="-0.15625"/>
				<FloatingPoint size="96">	16.694	1.27181	21.5882	26.504	8.82022	25.9251	27.7863	1.13218	0.966093	28.6451	14.5977	25.8906	25.887	3.63077	6.68315	5.14353	16.9009	5.94395	20.6839	26.6283	2.78884	23.3462	5.66074	10.6248	9.87506	9.39663	0.0894966	13.4937	28.8394	12.9561	15.5451	18.5775	26.5931	5.42345	21.6142	4.46607	2.32778	17.2302	1.21113	8.70741	20.9986	5.92723	16.0187	16.7025	19.6797	18.4018	7.31901	24.3364	0.761193	29.8641	7.22702	4.34839	3.70787	12.8468	13.5802	12.6782	8.33686	12.6495	12.0461	3.43259	14.3591	9.69528	8.70193	29.9863	30.1253	27.814	5.79153	18.7539	5.55024	11.9331	17.1485	11.5511	27.3525	17.468	29.2556	16.7574	19.9529	18.9899	29.5465	5.76912	0.307619	4.09422	1.02857	4.71631	28.5625	2.24805	15.9748	18.5157	23.149	11.1017	18.0156	14.3045	4.85685	5.12639	1.90175	1.60656</FloatingPoint>
			</Individual>
			<Individual size="1">
				<MOFitness value1="-0.815857" value2="-0.125"/>
				<FloatingPoint size="96">	11.8802	0.810254	20.7277	21.8049	8.82161	25.8581	27.5423	10.8208	1.79368	28.6747	6.9435	25.8175	25.9703	3.63443	7.80507	5.1981	16.9488	6.0057	20.2852	26.6245	5.30552	23.4543	5.97005	10.8687	9.7454	9.51573	0.215373	13.2311	28.7573	12.9552	15.6451	18.5855	26.6349	5.40199	7.42418	4.44137	2.2937	22.9302	1.25036	8.92675	20.9424	5.91541	16.0206	16.7307	19.6852	18.3682	7.63914	24.1953	0.854828	26.2633	8.77786	4.34799	3.70962	12.7438	9.85773	12.703	7.7257	12.6341	12.3402	8.4124	14.5122	9.59961	8.58439	24.1666	13.971	30.3528	5.99855	25.9091	5.57279	11.817	17.1454	11.7645	26.7505	17.5229	29.4445	16.3949	19.9724	20.1244	29.3242	5.26725	26.9099	3.05713	23.3947	8.21255	28.9622	4.01582	16.2444	26.7397	23.1467	11.2356	17.9553	26.6366	4.54754	5.78137	9.22745	7.49367</FloatingPoint>
			</Individual>
			<Individual size="1">
				<MOFitness value1="-0.106383" value2="-0.8125"/>
				<FloatingPoint size="96">	1.6712	6.11918	1.68336	20.4419	8.28958	25.6328	1.19595	28.6501	0.14585	21.9946	15.1012	24.7286	26.0597	10.849	6.51868	30.1222	15.9682	28.5384	20.6848	25.5313	5.33896	10.7395	0.334393	10.059	6.54322	29.5136	27.6455	12.2203	28.5338	26.6342	16.0792	1.94062	26.4764	7.24907	21.6418	7.76758	25.0574	23.2267	1.15299	2.27352	20.2347	6.38947	9.97493	16.274	19.603	2.3304	7.79143	6.60518	0.265822	12.4388	4.66431	4.55683	3.58669	12.942	14.4348	12.742	10.5429	14.3406	0.599225	8.98538	4.62119	13.6319	24.3187	29.9003	29.0292	30.2844	25.3566	4.67436	20.6676	16.7305	25.9854	16.7143	27.1829	17.1237	13.4007	16.3618	30.4153	20.5085	28.8767	20.1564	24.9166	5.15579	24.6801	4.37606	17.3846	13.0886	16.2179	27.8008	22.9988	11.1284	7.25285	26.5585	22.6603	14.3351	0.486575	7.99177</FloatingPoint>
			</Individual>
			<Individual size="1">
				<MOFitness value1="-0.091834" value2="-0.90625"/>
				<FloatingPoint size="96">	1.08381	6.74641	22.8717	22.0334	8.2814	25.2777	1.4891	28.1744	0.598958	29.6671	14.9418	24.8221	26.1257	10.71	6.51868	6.70919	16.8195	28.5464	21.4778	25.025	3.90311	22.2983	6.00604	9.88174	8.87626	26.4932	28.0793	13.5593	29.5691	19.5683	15.4218	30.346	26.9069	9.0383	21.7379	11.1991	1.04067	22.6016	1.1227	2.23773	21.1354	10.4675	16.6395	16.1115	26.9623	2.34015	21.3119	6.46365	0.390161	12.4014	6.65945	4.56639	27.4998	12.6569	14.5593	4.01409	10.37	14.3278	3.64777	8.91684	14.2143	10.2438	9.72214	30.1507	29.0874	30.2579	2.33326	9.8542	19.7854	3.78263	25.9852	16.6462	20.09	17.5206	28.0116	16.0977	20.043	20.2814	12.5585	12.7099	0.905548	4.80629	8.01121	4.41736	17.3762	8.28327	16.7266	26.8968	22.9953	11.1535	2.93931	26.5179	21.4354	14.306	26.0759	8.00642</FloatingPoint>
			</Individual>
			<Individual size="1">
				<MOFitness value1="-0.621347" value2="-0.28125"/>
				<FloatingPoint size="96">	2.00676	1.27223	20.809	21.9576	8.50929	25.9252	27.7893	2.13324	18.0755	28.461	14.5778	25.9312	1.99472	3.62439	6.68379	5.149	16.9467	5.99499	20.7422	26.7811	2.78903	23.4842	5.53328	15.8838	9.82661	28.5916	14.7712	13.4976	22.2353	12.9552	15.55	18.5907	26.6135	5.31845	7.37351	4.44979	2.30055	18.0296	1.20904	8.81057	21.0003	5.88098	15.8657	16.7051	10.1858	18.8401	7.61689	24.2164	0.126833	29.8104	6.5969	4.34624	3.7053	12.8427	9.96971	12.6757	8.34005	12.6519	11.1559	8.93213	14.4935	9.68461	8.70892	29.8908	28.4801	27.7695	6.7359	6.49012	5.54246	11.0977	17.8706	11.699	19.4104	17.5241	28.0928	16.7574	19.9643	20.1985	29.2771	5.5319	0.334283	3.01825	1.02194	8.37156	28.6175	3.67264	16.164	18.7417	23.1495	22.6567	16.6407	24.3318	21.1898	27.9418	1.44249	1.78237</FloatingPoint>
			</Individual>
			<Individual size="1">
				<MOFitness value1="-0.610095" value2="-0.3125"/>
				<FloatingPoint size="96">	15.2283	0.705476	22.4993	20.1115	8.82151	25.1515	27.7494	10.6276	18.4587	28.666	6.69278	25.9007	19.3087	4.01478	5.3945	4.26714	17.723	6.09429	23.8772	26.6244	5.17502	3.32371	6.33922	10.8812	9.74628	22.2619	0.173566	24.6757	30.0305	12.9547	18.7899	18.5835	29.1263	5.51334	7.42053	4.53157	3.97757	22.9014	0.575988	8.80397	20.9628	5.91396	16.0197	25.2586	18.8494	17.6918	7.63784	24.1968	0.801322	14.0945	6.74072	4.35949	3.78412	20.0317	9.85136	12.7012	7.72631	14.4149	0.941973	8.41572	14.512	9.7115	8.6589	24.0674	26.5936	30.6641	26.2452	9.45021	6.74917	11.7097	24.818	11.713	26.7364	17.5271	11.5941	16.3954	19.955	20.1723	29.3885	5.2688	0.448923	23.7427	23.808	8.43492	28.9232	6.35872	16.1277	22.9502	23.145	11.27	17.9663	13.8821	4.37766	13.9755	8.91806	7.70406</FloatingPoint>
			</Individual>
			<Individual size="1">
				<MOFitness value1="-0.139448" value2="-0.78125"/>
				<FloatingPoint size="96">	2.34821	1.51387	1.61425	21.6854	25.0439	25.943	1.41755	21.6751	1.18232	29.4323	29.793	24.9621	26.0649	4.85619	6.50358	28.864	16.2891	28.6167	24.0529	27.187	5.2075	22.4199	26.5017	9.74051	22.6763	24.2347	25.7184	11.9755	28.5858	27.1672	18.9195	30.6692	27.3893	5.32407	21.5511	4.6412	2.98285	8.85755	2.17043	8.39518	20.049	9.4688	9.67974	16.9134	20.0646	19.2503	23.0032	23.7419	0.660648	12.5259	6.48204	4.55885	3.69117	13.0667	5.49877	23.6728	18.9489	12.5483	1.43081	8.94628	17.1658	24.7873	22.3174	30.0316	28.7021	30.9605	7.64044	8.34958	5.98659	2.22354	17.4607	1.84454	20.0213	17.6514	28.3321	16.7642	20.2544	20.3159	29.3567	20.7329	0.286473	27.0747	23.2064	26.3583	26.8202	13.1502	16.6003	26.418	22.9942	11.5197	15.4006	26.5236	21.1491	27.2658	9.97879	9.03882</FloatingPoint>
			</Individual>
			<Individual size="1">
				<MOFitness value1="-0.012283" value2="-0.9375"/>
				<FloatingPoint size="96">	2.35313	7.65933	1.32556	20.2119	25.0439	25.9428	0.938338	21.6755	1.17716	29.4386	30.3271	24.7576	26.1437	4.85641	6.51658	28.9001	16.3223	28.6111	24.0465	27.1897	5.32132	22.0087	26.5746	9.7645	22.655	24.2336	26.5759	12.0713	28.5878	13.994	18.9196	30.7076	17.1447	5.37734	21.9031	4.57076	2.98055	8.63047	2.16971	2.27835	20.0427	9.48986	9.67978	16.8501	20.1414	19.5302	23.0032	23.742	0.660277	13.7359	25.5473	4.55886	3.69122	13.0667	5.21759	12.6885	8.43837	14.3391	1.52566	8.94897	12.286	13.8863	23.8107	29.7437	29.1998	14.6007	7.45181	5.57152	5.98656	2.23974	17.287	1.8437	20.0855	17.6524	28.3318	16.7643	20.2544	20.318	29.3561	20.7329	0.288794	27.0736	23.1987	4.33305	26.8189	13.1625	16.6008	26.1882	22.9942	11.1429	15.4018	26.5189	21.1493	13.9811	0.398509	7.70176</FloatingPoint>
			</Individual>
			<Individual size="1">
				<MOFitness value1="-0.012283" value2="-0.9375"/>
				<FloatingPoint size="96">	2.35313	7.65933	1.32556	20.2119	25.0439	25.9428	0.938338	21.6755	1.17716	29.4386	30.3271	24.7576	26.1437	4.85641	6.51658	28.9001	16.3223	28.6111	24.0465	27.1897	5.32132	22.0087	26.5746	9.7645	22.655	24.2336	26.5759	12.0713	28.5878	13.994	18.9196	30.7076	17.1447	5.37734	21.9031	4.57076	2.98055	8.63047	2.16971	2.27835	20.0427	9.48986	9.67978	16.8501	20.1414	19.5302	23.0032	23.742	0.660277	13.7359	25.5473	4.55886	3.69122	13.0667	5.21759	12.6885	8.43837	14.3391	1.52566	8.94897	12.286	13.8863	23.8107	29.7437	29.1998	14.6007	7.45181	5.57152	5.98656	2.23974	17.287	1.8437	20.0855	17.6524	28.3318	16.7643	20.2544	20.318	29.3561	20.7329	0.288794	27.0736	23.1987	4.33305	26.8189	13.1625	16.6008	26.1882	22.9942	11.1429	15.4018	26.5189	21.1493	13.9811	0.398509	7.70176</FloatingPoint>
			</Individual>
			<Individual size="1">
				<MOFitness value1="-0.012283" value2="-0.9375"/>
				<FloatingPoint size="96">	2.35313	7.65933	1.32556	20.2119	25.0439	25.9428	0.938338	21.6755	1.17716	29.4386	30.3271	24.7576	26.1437	4.85641	6.51658	28.9001	16.3223	28.6111	24.0465	27.1897	5.32132	22.0087	26.5746	9.7645	22.655	24.2336	26.5759	12.0713	28.5878	13.994	18.9196	30.7076	17.1447	5.37734	21.9031	4.57076	2.98055	8.63047	2.16971	2.27835	20.0427	9.48986	9.67978	16.8501	20.1414	19.5302	23.0032	23.742	0.660277	13.7359	25.5473	4.55886	3.69122	13.0667	5.21759	12.6885	8.43837	14.3391	1.52566	8.94897	12.286	13.8863	23.8107	29.7437	29.1998	14.6007	7.45181	5.57152	5.98656	2.23974	17.287	1.8437	20.0855	17.6524	28.3318	16.7643	20.2544	20.318	29.3561	20.7329	0.288794	27.0736	23.1987	4.33305	26.8189	13.1625	16.6008	26.1882	22.9942	11.1429	15.4018	26.5189	21.1493	13.9811	0.398509	7.70176</FloatingPoint>
			</Individual>
			<Individual size="1">
				<MOFitness value1="-0.012283" value2="-0.9375"/>
				<FloatingPoint size="96">	2.35313	7.65933	1.32556	20.2119	25.0439	25.9428	0.938338	21.6755	1.17716	29.4386	30.3271	24.7576	26.1437	4.85641	6.51658	28.9001	16.3223	28.6111	24.0465	27.1897	5.32132	22.0087	26.5746	9.7645	22.655	24.2336	26.5759	12.0713	28.5878	13.994	18.9196	30.7076	17.1447	5.37734	21.9031	4.57076	2.98055	8.63047	2.16971	2.27835	20.0427	9.48986	9.67978	16.8501	20.1414	19.5302	23.0032	23.742	0.660277	13.7359	25.5473	4.55886	3.69122	13.0667	5.21759	12.6885	8.43837	14.3391	1.52566	8.94897	12.286	13.8863	23.8107	29.7437	29.1998	14.6007	7.45181	5.57152	5.98656	2.23974	17.287	1.8437	20.0855	17.6524	28.3318	16.7643	20.2544	20.318	29.3561	20.7329	0.288794	27.0736	23.1987	4.33305	26.8189	13.1625	16.6008	26.1882	22.9942	11.1429	15.4018	26.5189	21.1493	13.9811	0.398509	7.70176</FloatingPoint>
			</Individual>
			<Individual size="1">
				<MOFitness value1="-0.012283" value2="-0.9375"/>
				<FloatingPoint size="96">	2.35313	7.65933	1.32556	20.2119	25.0439	25.9428	0.938338	21.6755	1.17716	29.4386	30.3271	24.7576	26.1437	4.85641	6.51658	28.9001	16.3223	28.6111	24.0465	27.1897	5.32132	22.0087	26.5746	9.7645	22.655	24.2336	26.5759	12.0713	28.5878	13.994	18.9196	30.7076	17.1447	5.37734	21.9031	4.57076	2.98055	8.63047	2.16971	2.27835	20.0427	9.48986	9.67978	16.8501	20.1414	19.5302	23.0032	23.742	0.660277	13.7359	25.5473	4.55886	3.69122	13.0667	5.21759	12.6885	8.43837	14.3391	1.52566	8.94897	12.286	13.8863	23.8107	29.7437	29.1998	14.6007	7.45181	5.57152	5.98656	2.23974	17.287	1.8437	20.0855	17.6524	28.3318	16.7643	20.2544	20.318	29.3561	20.7329	0.288794	27.0736	23.1987	4.33305	26.8189	13.1625	16.6008	26.1882	22.9942	11.1429	15.4018	26.5189	21.1493	13.9811	0.398509	7.70176</FloatingPoint>
			</Individual>
			<Individual size="1">
				<MOFitness value1="-0.012283" value2="-0.9375"/>
				<FloatingPoint size="96">	2.35313	7.65933	1.32556	20.2119	25.0439	25.9428	0.938338	21.6755	1.17716	29.4386	30.3271	24.7576	26.1437	4.85641	6.51658	28.9001	16.3223	28.6111	24.0465	27.1897	5.32132	22.0087	26.5746	9.7645	22.655	24.2336	26.5759	12.0713	28.5878	13.994	18.9196	30.7076	17.1447	5.37734	21.9031	4.57076	2.98055	8.63047	2.16971	2.27835	20.0427	9.48986	9.67978	16.8501	20.1414	19.5302	23.0032	23.742	0.660277	13.7359	25.5473	4.55886	3.69122	13.0667	5.21759	12.6885	8.43837	14.3391	1.52566	8.94897	12.286	13.8863	23.8107	29.7437	29.1998	14.6007	7.45181	5.57152	5.98656	2.23974	17.287	1.8437	20.0855	17.6524	28.3318	16.7643	20.2544	20.318	29.3561	20.7329	0.288794	27.0736	23.1987	4.33305	26.8189	13.1625	16.6008	26.1882	22.9942	11.1429	15.4018	26.5189	21.1493	13.9811	0.398509	7.70176</FloatingPoint>
			</Individual>
			<Individual size="1">
				<MOFitness value1="-0.012283" value2="-0.9375"/>
				<FloatingPoint size="96">	2.35313	7.65933	1.32556	20.2119	25.0439	25.9428	0.938338	21.6755	1.17716	29.4386	30.3271	24.7576	26.1437	4.85641	6.51658	28.9001	16.3223	28.6111	24.0465	27.1897	5.32132	22.0087	26.5746	9.7645	22.655	24.2336	26.5759	12.0713	28.5878	13.994	18.9196	30.7076	17.1447	5.37734	21.9031	4.57076	2.98055	8.63047	2.16971	2.27835	20.0427	9.48986	9.67978	16.8501	20.1414	19.5302	23.0032	23.742	0.660277	13.7359	25.5473	4.55886	3.69122	13.0667	5.21759	12.6885	8.43837	14.3391	1.52566	8.94897	12.286	13.8863	23.8107	29.7437	29.1998	14.6007	7.45181	5.57152	5.98656	2.23974	17.287	1.8437	20.0855	17.6524	28.3318	16.7643	20.2544	20.318	29.3561	20.7329	0.288794	27.0736	23.1987	4.33305	26.8189	13.1625	16.6008	26.1882	22.9942	11.1429	15.4018	26.5189	21.1493	13.9811	0.398509	7.70176</FloatingPoint>
			</Individual>
			<Individual size="1">
				<MOFitness value1="-0.012283" value2="-0.9375"/>
				<FloatingPoint size="96">	2.35313	7.65933	1.32556	20.2119	25.0439	25.9428	0.938338	21.6755	1.17716	29.4386	30.3271	24.7576	26.1437	4.85641	6.51658	28.9001	16.3223	28.6111	24.0465	27.1897	5.32132	22.0087	26.5746	9.7645	22.655	24.2336	26.5759	12.0713	28.5878	13.994	18.9196	30.7076	17.1447	5.37734	21.9031	4.57076	2.98055	8.63047	2.16971	2.27835	20.0427	9.48986	9.67978	16.8501	20.1414	19.5302	23.0032	23.742	0.660277	13.7359	25.5473	4.55886	3.69122	13.0667	5.21759	12.6885	8.43837	14.3391	1.52566	8.94897	12.286	13.8863	23.8107	29.7437	29.1998	14.6007	7.45181	5.57152	5.98656	2.23974	17.287	1.8437	20.0855	17.6524	28.3318	16.7643	20.2544	20.318	29.3561	20.7329	0.288794	27.0736	23.1987	4.33305	26.8189	13.1625	16.6008	26.1882	22.9942	11.1429	15.4018	26.5189	21.1493	13.9811	0.398509	7.70176</FloatingPoint>
			</Individual>
			<Individual size="1">
				<MOFitness value1="-0.012283" value2="-0.9375"/>
				<FloatingPoint size="96">	2.35313	7.65933	1.32556	20.2119	25.0439	25.9428	0.938338	21.6755	1.17716	29.4386	30.3271	24.7576	26.1437	4.85641	6.51658	28.9001	16.3223	28.6111	24.0465	27.1897	5.32132	22.0087	26.5746	9.7645	22.655	24.2336	26.5759	12.0713	27.6257	13.994	18.9196	30.7076	17.1447	5.37734	21.9031	4.57076	2.98055	8.63047	2.16971	2.27835	20.0427	9.48986	9.67978	16.8501	20.1414	19.5302	23.0032	23.742	0.660277	13.7359	25.5473	4.55886	3.69122	13.0667	5.21759	12.6885	8.43837	14.3391	1.52566	8.94897	12.286	13.8863	23.8107	29.7437	29.1998	14.6007	7.45181	5.57152	5.98656	2.23974	17.287	1.8437	20.0855	17.6524	28.3318	16.7643	20.2544	20.318	29.3561	20.7329	0.288794	27.0736	23.1987	4.33305	26.8189	13.1625	16.6008	26.1882	22.9942	11.1429	15.4018	26.5189	21.1493	13.9811	0.398509	7.70176</FloatingPoint>
			</Individual>
			<Individual size="1">
				<MOFitness value1="-0.012283" value2="-0.9375"/>
				<FloatingPoint size="96">	2.35313	7.65933	1.32556	20.2119	25.0439	25.9428	0.938338	21.6755	1.17716	29.4386	30.3271	24.7576	26.1437	4.85641	6.51658	28.9001	16.3223	28.6111	24.0465	27.1897	5.32132	22.0087	26.5746	9.7645	22.655	24.2336	26.5759	12.0713	28.5878	13.994	18.9196	30.7076	17.1447	5.37734	21.9031	4.57076	2.98055	8.63047	2.16971	2.27835	20.0427	9.48986	9.67978	16.8501	20.1414	19.5302	23.0032	23.742	0.660277	13.7359	25.5473	4.55886	3.69122	13.0667	5.21759	12.6885	8.43837	14.3391	1.52566	8.94897	12.286	13.8863	23.8107	29.7437	29.1998	14.6007	7.45181	5.57152	5.98656	2.23974	17.287	1.8437	20.0855	17.6524	28.3318	16.7643	20.2544	20.318	29.3561	20.7329	0.288794	27.0736	23.1987	4.33305	26.8189	13.1625	16.6008	26.1882	22.9942	11.1429	15.4018	26.5189	21.1493	13.9811	0.398509	7.70176</FloatingPoint>
			</Individual>
			<Individual size="1">
				<MOFitness value1="-0.012283" value2="-0.9375"/>
				<FloatingPoint size="96">	2.35313	7.65933	1.32556	20.2119	25.0439	25.9428	0.938338	21.6755	1.17716	29.4386	30.3271	24.7576	26.1437	4.85641	6.51658	28.9001	16.3223	28.6111	24.0465	27.1897	5.32132	22.0087	26.5746	9.7645	22.655	24.2336	26.5759	12.0713	28.5878	13.994	18.9196	30.7076	17.1447	5.37734	21.9031	4.57076	2.98055	8.63047	2.16971	2.27835	20.0427	9.48986	9.67978	16.8501	20.1414	19.5302	23.0032	23.742	0.660277	13.7359	25.5473	4.55886	3.69122	13.0667	5.21759	12.6885	8.43837	14.3391	1.52566	8.94897	12.286	13.8863	23.8107	29.7437	29.1998	14.6007	7.45181	5.57152	5.98656	2.23974	17.287	1.8437	20.0855	17.6524	28.3318	16.7643	20.2544	20.318	29.3561	20.7329	0.288794	27.0736	23.1987	4.33305	26.8189	13.1625	16.6008	26.1882	22.9942	11.1429	15.4018	26.5189	21.1493	13.9811	0.398509	7.70176</FloatingPoint>
			</Individual>
			<Individual size="1">
				<MOFitness value1="-0.012283" value2="-0.9375"/>
				<FloatingPoint size="96">	2.35313	7.65933	1.32556	20.2119	25.0439	25.9428	0.938338	21.6755	1.17716	29.4386	30.3271	24.7576	26.1437	4.85641	6.51658	28.9001	16.3223	28.6111	24.0465	27.1897	5.32132	22.0087	26.5746	9.7645	22.655	24.2336	26.5759	12.0713	28.5878	13.994	18.9196	30.7076	17.1447	5.37734	21.9031	4.57076	2.98055	8.63047	2.16971	2.27835	20.0427	9.48986	9.67978	16.8501	20.1414	19.5302	23.0032	23.742	0.660277	13.7359	25.5473	4.55886	3.69122	13.0667	5.21759	12.6885	8.43837	14.3391	1.52566	8.94897	12.286	13.8863	23.8107	29.7437	29.1998	14.6007	7.45181	5.57152	5.98656	2.23974	17.287	1.8437	20.0855	17.6524	28.3318	16.7643	20.2544	20.318	29.3561	20.7329	0.288794	27.0736	23.1987	4.33305	26.8189	13.1625	16.6008	26.1882	22.9942	11.1429	15.4018	26.5189	21.1493	13.9811	0.398509	7.70176</FloatingPoint>
			</Individual>
			<Individual size="1">
				<MOFitness value1="-0.012283" value2="-0.9375"/>
				<FloatingPoint size="96">	2.35313	7.65933	1.32556	20.2119	25.0439	25.9428	0.938338	21.6755	1.17716	29.4386	30.3271	24.7576	26.1437	4.85641	6.51658	28.9001	16.3223	28.6111	24.0465	27.1897	5.32132	22.0087	26.5746	9.7645	22.655	24.2336	26.5759	12.0713	28.5878	13.994	18.9196	30.7076	17.1447	5.37734	21.9031	4.57076	2.98055	8.63047	2.16971	2.27835	20.0427	9.48986	9.67978	16.8501	20.1414	19.5302	23.0032	23.742	0.660277	13.7359	25.5473	4.55886	3.69122	13.0667	5.21759	12.6885	8.43837	14.3391	1.52566	8.94897	12.286	13.8863	23.8107	29.7437	29.1998	14.6007	7.45181	5.57152	5.98656	2.23974	17.287	1.8437	20.0855	17.6524	28.3318	16.7643	20.2544	20.318	29.3561	20.7329	0.288794	27.0736	23.1987	4.33305	26.8189	13.1625	16.6008	26.1882	22.9942	11.1429	15.4018	26.5189	21.1493	13.9811	0.398509	7.70176</FloatingPoint>
			</Individual>
			<Individual size="1">
				<MOFitness value1="-0.012283" value2="-0.9375"/>
				<FloatingPoint size="96">	2.35313	7.65933	1.32556	20.2119	25.0439	25.9428	0.938338	21.6755	1.17716	29.4386	30.3271	24.7576	26.1437	4.85641	6.51658	28.9001	16.3223	28.6111	24.0465	27.1897	5.32132	22.0087	26.5746	9.7645	22.655	24.2336	26.5759	12.0713	28.5878	13.994	18.9196	30.7076	17.1447	5.37734	21.9031	4.57076	2.98055	8.63047	2.16971	2.27835	20.0427	9.48986	9.67978	16.8501	20.1414	19.5302	23.0032	23.742	0.660277	13.7359	25.5473	4.55886	3.69122	13.0667	5.21759	12.6885	8.43837	14.3391	1.52566	8.94897	12.286	13.8863	23.8107	29.7437	29.1998	14.6007	7.45181	5.57152	5.98656	2.23974	17.287	1.8437	20.0855	17.6524	28.3318	16.7643	20.2544	20.318	29.3561	20.7329	0.288794	27.0736	23.1987	4.33305	26.8189	13.1625	16.6008	26.1882	22.9942	11.1429	15.4018	26.5189	21.1493	13.9811	0.398509	7.70176</FloatingPoint>
			</Individual>
			<Individual size="1">
				<MOFitness value1="-0.012283" value2="-0.9375"/>
				<FloatingPoint size="96">	2.35313	7.65933	1.32556	20.2119	25.0439	25.9428	0.938338	21.6755	1.17716	29.4386	30.3271	24.7576	26.1437	4.85641	6.51658	28.9001	16.3223	28.6111	24.0465	27.1897	5.32132	22.0087	26.5746	9.7645	22.655	24.2336	26.5759	12.0713	28.5878	13.994	18.9196	30.7076	17.1447	5.37734	21.9031	4.57076	2.98055	8.63047	2.16971	2.27835	20.0427	9.48986	9.67978	16.8501	20.1414	19.5302	23.0032	23.742	0.660277	13.7359	25.5473	4.55886	3.69122	13.0667	5.21759	12.6885	8.43837	14.3391	1.52566	8.94897	12.286	13.8863	23.8107	29.7437	29.1998	14.6007	7.45181	5.57152	5.98656	2.23974	17.287	1.8437	20.0855	17.6524	28.3318	16.7643	20.2544	20.318	29.3561	20.7329	0.288794	27.0736	23.1987	4.33305	26.8189	13.1625	16.6008	26.1882	22.9942	11.1429	15.4018	26.5189	21.1493	13.9811	0.398509	7.70176</FloatingPoint>
			</Individual>
			<Individual size="1">
				<MOFitness value1="-0.012283" value2="-0.9375"/>
				<FloatingPoint size="96">	2.35313	7.65933	1.32556	20.2119	25.0439	25.9428	0.938338	21.6755	1.17716	29.4386	30.3271	24.7576	26.1437	4.85641	6.51658	28.9001	16.3223	28.6111	24.0465	27.1897	5.32132	22.0087	26.5746	9.7645	22.655	24.2336	26.5759	12.0713	28.5878	13.994	18.9196	30.7076	17.1447	5.37734	21.9031	4.57076	2.98055	8.63047	2.16971	2.27835	20.0427	9.48986	9.67978	16.8501	20.1414	19.5302	23.0032	23.742	0.660277	13.7359	25.5473	4.55886	3.69122	13.0667	5.21759	12.6885	8.43837	14.3391	1.52566	8.94897	12.286	13.8863	23.8107	29.7437	29.1998	14.6007	7.45181	5.57152	5.98656	2.23974	17.287	1.8437	20.0855	17.6524	28.3318	16.7643	20.2544	20.318	29.3561	20.7329	0.288794	27.0736	23.1987	4.33305	26.8189	13.1625	16.6008	26.1882	22.9942	11.1429	15.4018	26.5189	21.1493	13.9811	0.398509	7.70176</FloatingPoint>
			</Individual>
			<Individual size="1">
				<MOFitness value1="-0.012283" value2="-0.9375"/>
				<FloatingPoint size="96">	2.35313	7.65933	1.32556	20.2119	25.0439	25.9428	0.938338	21.6755	1.17716	29.4386	30.3271	24.7576	26.1437	4.85641	6.51658	28.9001	16.3223	28.6111	24.0465	27.1897	5.32132	22.0087	26.5746	9.7645	22.655	24.2336	26.5759	12.0713	28.5878	13.994	18.9196	30.7076	17.1447	5.37734	21.9031	4.57076	2.98055	8.63047	2.16971	2.27835	20.0427	9.48986	9.67978	16.8501	20.1414	19.5302	23.0032	23.742	0.660277	13.7359	25.5473	4.55886	3.69122	13.0667	5.21759	12.6885	8.43837	14.3391	1.52566	8.94897	12.286	13.8863	23.8107	29.7437	29.1998	14.6007	7.45181	5.57152	5.98656	2.23974	17.287	1.8437	20.0855	17.6524	28.3318	16.7643	20.2544	20.318	29.3561	20.7329	0.288794	27.0736	23.1987	4.33305	26.8189	13.1625	16.6008	26.1882	22.9942	11.1429	15.4018	26.5189	21.1493	13.9811	0.398509	7.70176</FloatingPoint>
			</Individual>
			<Individual size="1">
				<MOFitness value1="-0.012283" value2="-0.9375"/>
				<FloatingPoint size="96">	2.35313	7.65933	1.32556	20.2119	25.0439	25.9428	0.938338	21.6755	1.17716	29.4386	30.3271	24.7576	26.1437	4.85641	6.51658	28.9001	16.3223	28.6111	24.0465	27.1897	5.32132	22.0087	26.5746	9.7645	22.655	24.2336	26.5759	12.0713	28.5878	13.994	18.9196	30.7076	17.1447	5.37734	21.9031	4.57076	2.98055	8.63047	2.16971	2.27835	20.0427	9.48986	9.67978	16.8501	20.1414	19.5302	23.0032	23.742	0.660277	13.7359	25.5473	4.55886	3.69122	13.0667	5.21759	12.6885	8.43837	14.3391	1.52566	8.94897	12.286	13.8863	23.8107	29.7437	29.1998	14.6007	7.45181	5.57152	5.98656	2.23974	17.287	1.8437	20.0855	17.6524	28.3318	16.7643	20.2544	20.318	29.3561	20.7329	0.288794	27.0736	23.1987	4.33305	26.8189	13.1625	16.6008	26.1882	22.9942	11.1429	15.4018	26.5189	21.1493	13.9811	0.398509	7.70176</FloatingPoint>
			</Individual>
			<Individual size="1">
				<MOFitness value1="-0.012283" value2="-0.9375"/>
				<FloatingPoint size="96">	2.35313	7.65933	1.32556	20.2119	25.0439	25.9428	0.938338	21.6755	1.17716	29.4386	30.3271	24.7576	26.1437	4.85641	6.51658	28.9001	16.4187	28.6111	24.0465	27.1897	5.32132	22.0087	26.5746	9.7645	22.655	24.2336	26.5759	12.0713	28.5878	13.994	18.9196	30.7076	17.1447	5.37734	21.9031	4.57076	2.98055	8.63047	2.16971	2.27835	20.0427	9.48986	9.67978	16.8501	20.1414	19.5302	23.0032	23.742	0.660277	13.7359	25.5473	4.55886	3.69122	13.0667	5.21759	12.6885	8.43837	14.3391	1.52566	8.94897	12.286	13.8863	23.8107	29.7437	29.1998	14.6007	7.45181	5.57152	5.98656	2.23974	17.287	1.8437	20.0855	17.6524	28.3318	16.7643	20.2544	20.318	29.3561	20.7329	0.288794	27.0736	23.1987	4.33305	26.8189	13.1625	16.6008	26.1882	22.9942	11.1429	15.4018	26.5189	21.1493	13.9811	0.398509	7.70176</FloatingPoint>
			</Individual>
			<Individual size="1">
				<MOFitness value1="-0.012283" value2="-0.9375"/>
				<FloatingPoint size="96">	2.35313	7.65933	1.32556	20.2119	25.0439	25.9428	0.938338	21.6755	1.17716	29.4386	30.3271	24.7576	26.1437	4.85641	6.51658	28.9001	16.3223	28.6111	24.0465	27.1897	5.32132	22.0087	26.5746	9.7645	22.655	24.2336	26.5759	12.0713	28.5878	13.994	18.9196	30.7076	17.1447	5.37734	21.9031	4.57076	2.98055	8.63047	2.16971	2.27835	20.0427	9.48986	9.67978	16.8501	20.1414	19.5302	23.0032	23.742	0.660277	13.7359	25.5473	4.55886	3.69122	13.0667	5.21759	12.6885	8.43837	14.3391	1.52566	8.94897	12.286	13.8863	23.8107	29.7437	29.1998	14.6007	7.45181	5.57152	5.98656	2.23974	17.287	1.8437	20.0855	17.6524	28.3318	16.7643	20.2544	20.318	29.3561	20.7329	0.288794	27.0736	23.1987	4.33305	26.8189	9.05728	16.6008	26.1882	22.9942	11.1429	15.4018	26.5189	21.1493	13.9811	0.398509	7.70176</FloatingPoint>
			</Individual>
			<Individual size="1">
				<MOFitness value1="-0.012283" value2="-0.9375"/>
				<FloatingPoint size="96">	2.35313	7.65933	1.32556	20.2119	25.0439	25.9428	0.938338	21.6755	1.17716	29.4386	30.3271	24.7576	26.1437	4.85641	6.51658	28.9001	16.3223	28.6111	24.0465	27.1897	5.32132	22.0087	26.5746	9.7645	22.655	24.2336	26.5759	12.0713	28.5878	13.994	18.9196	30.7076	17.1447	5.37734	21.9031	4.57076	2.98055	8.63047	2.16971	2.27835	20.0427	9.48986	9.67978	16.8501	20.1414	19.5302	23.0032	23.742	0.660277	13.7359	25.5473	4.55886	3.69122	13.0667	5.21759	12.6885	8.43837	14.3391	1.52566	8.94897	12.286	13.8863	23.8107	29.7437	29.1998	14.6007	7.45181	5.57152	5.98656	2.23974	17.287	1.8437	20.0855	17.6524	28.3318	16.7643	20.2544	20.318	29.3561	20.7329	0.288794	27.0736	23.1987	4.33305	26.8189	13.1625	16.6008	26.1882	22.9942	11.1429	15.4018	26.5189	21.1493	13.9811	0.398509	7.70176</FloatingPoint>
			</Individual>
			<Individual size="1">
				<MOFitness value1="-0.012283" value2="-0.9375"/>
				<FloatingPoint size="96">	2.35313	7.65933	1.32556	20.2119	25.0439	25.9428	0.938338	21.6755	1.17716	29.4386	30.3271	24.7576	26.1437	4.85641	6.51658	28.9001	16.3223	28.6111	24.0465	27.1897	5.32132	22.0087	26.5746	9.7645	22.655	24.2336	26.5759	12.0713	28.5878	13.994	18.9196	30.7076	17.1447	5.37734	21.9031	4.57076	2.98055	8.63047	2.16971	2.27835	20.0427	9.48986	9.67978	16.8501	20.1414	19.5302	23.0032	23.742	0.660277	13.7359	25.5473	4.55886	3.69122	13.0667	5.21759	12.6885	8.43837	14.3391	1.52566	8.94897	12.286	13.8863	23.8107	29.7437	29.1998	14.6007	7.45181	5.57152	5.98656	2.23974	17.287	1.8437	20.0855	17.6524	28.3318	16.7643	20.2544	20.318	29.3561	20.7329	0.288794	27.0736	23.1987	4.33305	26.8189	13.1625	16.6008	26.1882	22.9942	11.1429	15.4018	26.5189	21.1493	13.9811	0.398509	7.70176</FloatingPoint>
			</Individual>
			<Individual size="1">
				<MOFitness value1="-0.012283" value2="-0.9375"/>
				<FloatingPoint size="96">	2.35313	7.65933	1.32556	20.2119	25.0439	25.9428	0.938338	21.6755	1.17716	29.4386	30.3271	24.7576	26.1437	4.85641	6.51658	28.9001	16.3223	28.6111	24.0465	27.1897	5.32132	22.0087	26.5746	9.7645	22.655	24.2336	26.5759	12.0713	28.5878	13.994	18.9196	30.7076	17.1447	5.37734	21.9031	4.57076	2.98055	8.63047	2.16971	2.27835	20.0427	9.48986	9.67978	16.8501	20.1414	19.5302	23.0032	23.742	0.660277	13.7359	25.5473	4.55886	3.69122	13.0667	5.21759	12.6885	8.43837	14.3391	1.52566	8.94897	12.286	13.8863	23.8107	29.7437	29.1998	14.6007	7.45181	5.57152	5.98656	2.23974	17.287	1.8437	20.0855	17.6524	28.3318	16.7643	20.2544	20.318	29.3561	20.7329	0.288794	27.0736	23.1987	4.33305	26.8189	13.1625	16.6008	26.1882	22.9942	11.1429	15.4018	26.5189	21.1493	13.9811	0.398509	7.70176</FloatingPoint>
			</Individual>
			<Individual size="1">
				<MOFitness value1="-0.012283" value2="-0.9375"/>
				<FloatingPoint size="96">	2.35313	7.65933	1.32556	20.2119	25.0439	25.9428	0.938338	21.6755	1.17716	29.4386	30.3271	24.7576	26.1437	4.85641	6.51658	28.9001	16.3223	28.6111	24.0465	27.1897	5.32132	22.0087	26.5746	9.7645	22.655	24.2336	26.5759	12.0713	28.5878	13.994	18.9196	30.7076	17.1447	5.37734	21.9031	4.57076	2.98055	8.63047	2.16971	2.27835	20.0427	9.48986	9.67978	16.8501	20.1414	19.5302	23.0032	23.742	0.660277	13.7359	25.5473	4.55886	3.69122	13.0667	5.21759	12.6885	8.43837	14.3391	1.52566	8.94897	12.286	13.8863	23.8107	29.7437	29.1998	14.6007	7.45181	5.57152	5.98656	2.23974	17.287	1.8437	20.0855	17.6524	28.3318	16.7643	20.2544	20.318	29.3561	20.7329	0.288794	27.0736	23.1987	4.33305	26.8189	13.1625	16.6008	26.1882	22.9942	11.1429	15.4018	26.5189	21.1493	13.9811	0.398509	7.70176</FloatingPoint>
			</Individual>
			<Individual size="1">
				<MOFitness value1="-0.012283" value2="-0.9375"/>
				<FloatingPoint size="96">	2.35313	7.65933	1.32556	20.2119	25.0439	25.9428	0.938338	21.6755	1.17716	29.4386	30.3271	24.7576	26.1437	4.85641	6.51658	28.9001	16.3223	28.6111	24.0465	27.1897	5.32132	22.0087	26.5746	9.7645	22.655	24.2336	26.5759	12.0713	28.5878	13.994	18.9196	30.7076	17.1447	5.37734	21.9031	4.57076	2.98055	8.63047	2.16971	2.27835	20.0427	9.48986	9.67978	16.8501	20.1414	19.5302	23.0032	23.742	0.660277	13.7359	25.5473	4.55886	3.69122	13.0667	5.21759	12.6885	8.43837	14.3391	1.52566	8.94897	12.286	13.8863	23.8107	29.7437	29.1998	14.6007	7.45181	5.57152	5.98656	2.23974	17.287	1.8437	20.0855	17.6524	28.3318	16.7643	20.2544	20.318	29.3561	20.7329	0.288794	27.0736	23.1987	4.33305	26.8189	13.1625	16.6008	26.1882	22.9942	11.1429	15.4018	26.5189	21.1493	13.9811	0.398509	7.70176</FloatingPoint>
			</Individual>
			<Individual size="1">
				<MOFitness value1="-0.012283" value2="-0.9375"/>
				<FloatingPoint size="96">	2.35313	7.65933	1.32556	20.2119	25.0439	25.9428	0.938338	21.6755	1.17716	29.4386	30.3271	24.7576	26.1437	4.85641	6.51658	28.9001	16.3223	28.6111	24.0465	27.1897	5.32132	22.0087	26.5746	9.7645	22.655	24.2336	26.5759	12.0713	28.5878	13.994	18.9196	30.7076	17.1447	5.37734	21.9031	4.57076	2.98055	8.63047	2.16971	2.27835	20.0427	9.48986	9.67978	16.8501	20.1414	19.5302	23.0032	23.742	0.660277	13.7359	25.5473	4.55886	3.69122	13.0667	5.21759	12.6885	8.43837	14.3391	1.52566	8.94897	12.286	13.8863	23.8107	29.7437	29.1998	14.6007	7.45181	5.57152	5.98656	2.23974	17.287	1.8437	20.0855	17.6524	28.3318	16.7643	20.2544	20.318	29.3561	20.7329	0.288794	27.0736	23.1987	4.33305	26.8189	13.1625	16.6008	26.1882	22.9942	11.1429	15.4018	26.5189	21.1493	13.9811	0.398509	7.70176</FloatingPoint>
			</Individual>
			<Individual size="1">
				<MOFitness value1="-0.012283" value2="-0.9375"/>
				<FloatingPoint size="96">	2.35313	7.65933	1.32556	20.2119	25.0439	25.9428	0.938338	21.6755	1.17716	29.4386	30.3271	24.7576	26.1437	4.85641	6.51658	28.9001	16.3223	28.6111	24.0465	27.1897	5.32132	22.0087	26.5746	9.7645	22.655	24.2336	26.5759	12.0713	28.5878	13.994	18.9196	30.7076	17.1447	5.37734	21.9031	4.57076	2.98055	8.63047	2.16971	2.27835	20.0427	9.48986	9.67978	16.8501	20.1414	19.5302	23.0032	23.742	0.660277	13.7359	25.5473	4.55886	3.69122	13.0667	5.21759	12.6885	8.43837	14.3391	1.52566	8.94897	12.286	13.8863	23.8107	29.7437	29.1998	14.6007	7.45181	5.57152	5.98656	2.23974	17.287	1.8437	20.0855	17.6524	28.3318	16.7643	20.2544	20.318	29.3561	20.7329	0.288794	27.0736	23.1987	4.33305	26.8189	13.1625	16.6008	26.1882	22.9942	11.1429	15.4018	26.5189	21.1493	13.9811	0.398509	7.70176</FloatingPoint>
			</Individual>
			<Individual size="1">
				<MOFitness value1="-0.012283" value2="-0.9375"/>
				<FloatingPoint size="96">	2.35313	7.65933	1.32556	20.2119	25.0439	25.9428	0.938338	21.6755	1.17716	29.4386	30.3271	24.7576	26.1437	4.85641	6.51658	28.9001	16.3223	28.6111	24.0465	27.1897	5.32132	22.0087	26.5746	9.7645	22.655	24.2336	26.5759	12.0713	28.5878	13.994	18.9196	30.7076	17.1447	5.37734	21.9031	4.57076	2.98055	8.63047	2.16971	2.27835	20.0427	9.48986	9.67978	16.8501	20.1414	19.5302	23.0032	23.742	0.660277	13.7359	25.5473	4.55886	3.69122	13.0667	5.21759	12.6885	8.43837	14.3391	1.52566	8.94897	12.286	13.8863	23.8107	29.7437	29.1998	14.6007	7.45181	5.57152	5.98656	2.23974	17.287	1.8437	20.0855	17.6524	28.3318	16.7643	20.2544	20.318	29.3561	20.7329	0.288794	27.0736	23.1987	4.33305	26.8189	13.1625	16.6008	26.1882	22.9942	11.1429	15.4018	26.5189	21.1493	13.9811	0.398509	7.70176</FloatingPoint>
			</Individual>
			<Individual size="1">
				<MOFitness value1="-0.012283" value2="-0.9375"/>
				<FloatingPoint size="96">	2.35313	7.65933	1.32556	20.2119	25.0439	25.9428	0.938338	21.6755	1.17716	29.4386	30.3271	24.7576	26.1437	4.85641	6.51658	28.9001	16.3223	28.6111	24.0465	27.1897	5.32132	22.0087	26.5746	9.7645	22.655	24.2336	26.5759	12.0713	28.5878	13.994	18.9196	30.7076	17.1447	5.37734	21.9031	4.57076	2.98055	8.63047	2.16971	2.27835	20.0427	9.48986	9.67978	16.8501	20.1414	19.5302	23.0032	23.742	0.660277	13.7359	25.5473	4.55886	3.69122	13.0667	5.21759	12.6885	8.43837	14.3391	1.52566	8.94897	12.286	13.8863	23.8107	29.7437	29.1998	14.6007	7.45181	5.57152	5.98656	2.23974	17.287	1.8437	20.0855	17.6524	28.3318	16.7643	20.2544	20.318	29.3561	20.7329	0.288794	27.0736	23.1987	4.33305	26.8189	13.1625	16.6008	26.1882	22.9942	11.1429	15.4018	26.5189	21.1493	13.9811	0.398509	7.70176</FloatingPoint>
			</Individual>
			<Individual size="1">
				<MOFitness value1="-0.012283" value2="-0.9375"/>
				<FloatingPoint size="96">	2.35313	7.65933	1.32556	20.2119	25.0439	25.9428	0.938338	21.6755	1.17716	29.4386	30.3271	24.7576	26.1437	4.85641	6.51658	28.9001	16.3223	28.6111	24.0465	27.1897	5.32132	22.0087	26.5746	9.7645	22.655	24.2336	26.5759	12.0713	28.5878	13.994	18.9196	30.7076	17.1447	5.37734	21.9031	4.57076	2.98055	8.63047	2.16971	2.27835	20.0427	9.48986	9.67978	16.8501	20.1414	19.5302	23.0032	23.742	0.660277	13.7359	25.5473	4.55886	3.69122	13.0667	5.21759	12.6885	8.43837	14.3391	1.52566	8.94897	12.286	13.8863	23.8107	29.7437	29.1998	14.6007	7.45181	5.57152	5.98656	2.23974	17.287	1.8437	20.0855	17.6524	28.3318	16.7643	20.2544	20.318	29.3561	20.7329	0.288794	27.0736	23.1987	4.33305	26.8189	13.1625	16.6008	26.1882	22.9942	11.1429	15.4018	26.5189	21.1493	13.9811	0.398509	7.70176</FloatingPoint>
			</Individual>
			<Individual size="1">
				<MOFitness value1="-0.012283" value2="-0.9375"/>
				<FloatingPoint size="96">	2.35313	7.65933	1.32556	20.2119	25.0439	25.9428	0.938338	6.53216	1.17716	29.4386	30.3271	24.7576	26.1437	4.85641	6.51658	28.9001	16.3223	28.6111	24.0465	27.1897	5.32132	22.0087	26.5746	9.7645	22.655	24.2336	26.5759	12.0713	28.5878	13.994	18.9196	30.7076	17.1447	5.37734	21.9031	4.57076	2.98055	8.63047	2.16971	2.27835	20.0427	9.48986	9.67978	16.8501	20.1414	19.5302	23.0032	23.742	0.660277	13.7359	25.5473	4.54225	3.69122	13.0667	5.21759	12.6885	8.43837	14.3391	1.52566	8.94897	12.286	13.8863	23.8107	29.7437	29.1998	14.6007	7.45181	5.57152	5.98656	2.23974	17.287	1.8437	20.0855	17.6524	28.3318	16.7643	20.2544	20.318	29.3561	20.7329	0.288794	27.0736	23.1987	4.33305	26.8189	13.1625	16.6008	26.1882	22.9942	11.1429	15.4018	26.5189	21.1493	13.9811	0.398509	7.70176</FloatingPoint>
			</Individual>
			<Individual size="1">
				<MOFitness value1="-0.012283" value2="-0.9375"/>
				<FloatingPoint size="96">	2.35313	7.65933	1.32556	20.2119	25.0439	25.9428	0.938338	21.6755	1.17716	29.4386	30.3271	24.7576	26.1437	4.85641	6.51658	28.9001	16.3223	28.6111	24.0465	27.1897	5.32132	22.0087	26.5746	9.7645	22.655	24.2336	26.5759	12.0713	28.5878	13.994	18.9196	30.7076	17.1447	5.37734	21.9031	4.57076	2.98055	8.63047	2.16971	2.27835	20.0427	9.48986	9.67978	16.8501	20.1414	19.5302	23.0032	23.742	0.660277	13.7359	25.5473	4.55886	3.69122	13.0667	5.21759	12.6885	8.43837	14.3391	1.52566	8.94897	12.286	13.8863	23.8107	29.7437	29.1998	14.6007	7.45181	5.57152	5.98656	2.23974	17.287	1.8437	20.0855	17.6524	28.3318	16.7643	20.2544	20.318	29.3561	20.7329	0.288794	27.0736	23.1987	4.33305	26.8189	13.1625	16.6008	26.1882	22.9942	11.1429	15.4018	26.5189	21.1493	13.9811	0.398509	7.70176</FloatingPoint>
			</Individual>
			<Individual size="1">
				<MOFitness value1="-0.012283" value2="-0.9375"/>
				<FloatingPoint size="96">	2.35313	7.65933	1.32556	20.2119	25.0439	25.9428	0.938338	21.6755	1.17716	29.4386	30.3271	24.7576	26.1437	4.85641	6.51658	28.9001	16.3223	28.6111	24.0465	27.1897	5.32132	22.0087	26.5746	9.7645	22.655	24.2336	26.5759	12.0713	28.5878	13.994	18.9196	30.7076	17.1447	5.37734	21.9031	4.57076	2.98055	8.63047	2.16971	2.27835	20.0427	9.48986	9.67978	16.8501	20.1414	19.5302	23.0032	23.742	0.660277	13.7359	25.5473	4.55886	3.69122	13.0667	5.21759	12.6885	8.43837	14.3391	1.52566	8.94897	12.286	13.8863	23.8107	29.7437	29.1998	14.6007	7.45181	5.57152	5.98656	2.23974	17.287	1.8437	20.0855	17.6524	28.3318	16.7643	20.2544	20.318	29.3561	20.7329	0.288794	27.0736	23.1987	4.33305	26.8189	13.1625	16.6008	26.1882	22.9942	11.1429	15.4018	26.5189	21.1493	13.9811	0.398509	7.70176</FloatingPoint>
			</Individual>
			<Individual size="1">
				<MOFitness value1="-0.012283" value2="-0.9375"/>
				<FloatingPoint size="96">	2.35313	7.65933	1.32556	20.2119	25.0439	25.9428	0.938338	21.6755	1.17716	29.4386	30.3271	24.7576	26.1437	4.85641	6.51658	28.9001	16.3223	28.6111	24.0465	27.1897	5.32132	22.0087	26.5746	9.7645	22.655	24.2336	26.5759	12.0713	28.5878	13.994	18.9196	30.7076	17.1447	5.37734	21.9031	4.57076	2.98055	8.63047	2.16971	2.27835	20.0427	9.48986	9.67978	16.8501	20.1414	19.5302	23.0032	23.742	0.660277	13.7359	25.5473	4.55886	3.69122	13.0667	5.21759	12.6885	8.43837	14.3391	1.52566	8.94897	12.286	13.8863	23.8107	29.7437	29.1998	14.6007	7.45181	5.57152	5.98656	2.23974	17.287	1.8437	20.0855	17.6524	28.3318	16.7643	20.2544	20.318	29.3561	20.7329	0.288794	27.0736	23.1987	4.33305	26.8189	13.1625	16.6008	26.1882	22.9942	11.1429	15.4018	26.5189	21.1493	13.9811	0.398509	7.70176</FloatingPoint>
			</Individual>
			<Individual size="1">
				<MOFitness value1="-0.012283" value2="-0.9375"/>
				<FloatingPoint size="96">	2.35313	7.65933	1.32556	20.2119	25.0439	25.9428	0.938338	21.6755	1.17716	29.4386	30.3271	24.7576	26.1437	4.85641	6.51658	28.9001	16.3223	28.6111	24.0465	27.1897	5.32132	22.0087	26.5746	9.7645	22.655	24.2336	26.5759	12.0713	28.5878	13.994	18.9196	30.7076	17.1447	5.37734	21.9031	4.57076	2.98055	8.63047	2.16971	2.27835	20.0427	9.48986	9.67978	16.8501	20.1414	19.5302	23.0032	23.742	0.660277	13.7359	25.5473	4.55886	3.69122	13.0667	5.21759	12.6885	8.43837	14.3391	1.52566	8.94897	12.286	13.8863	23.8107	29.7437	29.1998	14.6007	7.45181	5.57152	5.98656	2.23974	17.287	1.8437	20.0855	17.6524	28.3318	16.7643	20.2544	20.318	29.3561	20.7329	0.288794	27.0736	23.1987	4.33305	26.8189	13.1625	16.6008	26.1882	22.9942	11.1429	15.4018	26.5189	21.1493	13.9811	0.398509	7.70176</FloatingPoint>
			</Individual>
			<Individual size="1">
				<MOFitness value1="-0.012283" value2="-0.9375"/>
				<FloatingPoint size="96">	2.35313	7.65933	1.32556	20.2119	25.0439	25.9428	0.938338	21.6755	1.17716	29.4386	30.3271	24.7576	26.1437	4.85641	6.51658	28.9001	16.3223	28.6111	24.0465	27.1897	5.32132	22.0087	26.5746	9.7645	22.655	24.2336	26.5759	12.0713	28.5878	13.994	18.9196	30.7076	17.1447	5.37734	21.9031	4.57076	2.98055	8.63047	2.16971	2.27835	20.0427	9.48986	9.67978	16.8501	20.1414	19.5302	23.0032	23.742	0.660277	13.7359	25.5473	4.55886	3.69122	13.0667	5.21759	12.6885	8.43837	14.3391	1.52566	8.94897	12.286	13.8863	23.8107	29.7437	29.1998	14.6007	7.45181	5.57152	5.98656	2.23974	17.287	1.8437	20.0855	17.6524	28.3318	16.7643	20.2544	20.318	29.3561	20.7329	0.288794	27.0736	23.1987	4.33305	26.8189	13.1625	16.6008	26.1882	22.9942	11.1429	15.4018	26.5189	21.1493	13.9811	0.398509	7.70176</FloatingPoint>
			</Individual>
			<Individual size="1">
				<MOFitness value1="-0.012283" value2="-0.9375"/>
				<FloatingPoint size="96">	2.35313	7.65933	1.32556	20.2119	25.0439	25.9428	0.938338	21.6755	1.17716	29.4386	30.3271	24.7576	26.1437	4.85641	6.51658	28.9001	16.3223	28.6111	24.0465	27.1897	5.32132	22.0087	26.5746	9.7645	22.655	24.2336	26.5759	12.0713	28.5878	13.994	18.9196	30.7076	17.1447	5.37734	21.9031	4.57076	2.98055	8.63047	2.16971	2.27835	20.0427	9.48986	9.67978	16.8501	20.1414	19.5302	23.0032	23.742	0.660277	13.7359	25.5473	4.55886	3.69122	13.0667	5.21759	12.6885	8.43837	14.3391	1.52566	8.94897	12.286	13.8863	23.8107	29.7437	29.1998	14.6007	7.45181	5.57152	5.98656	2.23974	17.287	1.8437	20.0855	17.6524	28.3318	16.7643	20.2544	20.318	29.3561	20.7329	0.288794	27.0736	23.1987	4.33305	26.8189	13.1625	16.6008	26.1882	22.9942	11.1429	15.4018	26.5189	21.1493	13.9811	0.398509	7.70176</FloatingPoint>
			</Individual>
			<Individual size="1">
				<MOFitness value1="-0.012283" value2="-0.9375"/>
				<FloatingPoint size="96">	2.35313	7.65933	1.32556	20.2119	25.0439	25.9428	0.938338	21.6755	1.17716	29.4386	30.3271	24.7576	26.1437	4.85641	6.51658	28.9001	16.3223	28.6111	24.0465	27.1897	5.32132	22.0087	26.5746	9.7645	22.655	24.2336	26.5759	12.0713	28.5878	13.994	18.9196	30.7076	17.1447	5.37734	21.9031	4.57076	2.98055	8.63047	2.16971	2.27835	20.0427	9.48986	9.67978	16.8501	20.1414	19.5302	23.0032	23.742	0.660277	13.7359	25.5473	4.55886	3.69122	13.0667	5.21759	12.6885	8.43837	14.3391	1.52566	8.94897	12.286	13.8863	23.8107	29.7437	29.1998	14.6007	7.45181	5.57152	5.98656	2.23974	17.287	1.8437	20.0855	17.6524	28.3318	16.7643	20.2544	20.318	29.3561	20.7329	0.288794	27.0736	23.1987	4.33305	26.8189	13.1625	16.6008	26.1882	22.9942	11.1429	15.4018	26.5189	21.1493	13.9811	0.398509	7.70176</FloatingPoint>
			</Individual>
			<Individual size="1">
				<MOFitness value1="-0.012283" value2="-0.9375"/>
				<FloatingPoint size="96">	2.35313	7.65933	1.32556	20.2119	25.0439	25.9428	0.938338	21.6755	1.17716	29.4386	30.3271	24.7576	26.1437	4.85641	6.51658	28.9001	16.3223	28.6111	24.0465	27.1897	5.32132	22.0087	26.5746	9.7645	22.655	24.2336	26.5759	12.0713	28.5878	13.994	18.9196	30.7076	17.1447	5.37734	21.9031	4.57076	2.98055	8.63047	2.16971	2.27835	20.0427	9.48986	9.67978	16.8501	20.1414	19.5302	23.0032	23.742	0.660277	13.7359	25.5473	4.55886	3.69122	13.0667	5.21759	12.6885	8.43837	14.3391	1.52566	8.94897	12.286	13.8863	23.8107	29.7437	29.1998	14.6007	7.45181	5.57152	5.98656	2.23974	17.287	1.8437	20.0855	17.6524	28.3318	16.7643	20.2544	20.318	29.3561	20.7329	0.288794	27.0736	23.1987	4.33305	26.8189	13.1625	16.6008	26.1882	22.9942	11.1429	15.4018	26.5189	21.1493	13.9811	0.398509	7.70176</FloatingPoint>
			</Individual>
			<Individual size="1">
				<MOFitness value1="-0.012283" value2="-0.9375"/>
				<FloatingPoint size="96">	2.35313	7.65933	1.32556	20.2119	25.0439	25.9428	0.938338	21.6755	1.17716	29.4386	30.3271	24.7576	26.1437	4.85641	6.51658	28.9001	16.3223	28.6111	24.0465	27.1897	5.32132	22.0087	26.5746	9.7645	22.655	24.2336	26.5759	12.0713	28.5878	13.994	18.9196	30.7076	17.1447	5.37734	21.9031	4.57076	2.98055	8.63047	2.16971	2.27835	20.0427	9.48986	9.67978	16.8501	20.1414	19.5302	23.0032	23.742	0.660277	13.7359	25.5473	4.55886	3.69122	13.0667	5.21759	12.6885	8.43837	14.3391	1.52566	8.94897	12.286	13.8863	23.8107	29.7437	29.1998	14.6007	7.45181	5.57152	5.98656	2.23974	17.287	1.8437	20.0855	17.6524	28.3318	16.7643	20.2544	20.318	29.3561	20.7329	0.288794	27.0736	23.1987	4.33305	26.8189	13.1625	16.6008	26.1882	22.9942	11.1429	15.4018	26.5189	21.1493	13.9811	0.398509	7.70176</FloatingPoint>
			</Individual>
			<Individual size="1">
				<MOFitness value1="-0.012283" value2="-0.9375"/>
				<FloatingPoint size="96">	2.35313	7.65933	1.32556	20.2119	25.0439	25.9428	0.938338	21.6755	1.17716	29.4386	30.3271	24.7576	26.1437	4.85641	6.51658	28.9001	16.3223	28.6111	24.0465	27.1897	5.32132	22.0087	26.5746	9.7645	22.655	24.2336	26.5759	12.0713	28.5878	13.994	18.9196	30.7076	17.1447	5.37734	21.9031	4.57076	2.98055	8.63047	2.16971	2.27835	20.0427	9.48986	9.67978	16.8501	20.1414	19.5302	23.0032	23.742	0.660277	13.7359	25.5473	4.55886	3.69122	13.0667	5.21759	12.6885	8.43837	14.3391	1.52566	8.94897	12.286	13.8863	23.8107	29.7437	29.1998	14.6007	7.45181	5.57152	5.98656	2.23974	17.287	1.8437	20.0855	17.6524	28.3318	16.7643	20.2544	20.318	29.3561	20.7329	0.288794	27.0736	23.1987	4.33305	26.8189	13.1625	16.6008	26.1882	22.9942	11.1429	15.4018	26.5189	21.1493	13.9811	0.398509	7.70176</FloatingPoint>
			</Individual>
			<Individual size="1">
				<MOFitness value1="-0.012283" value2="-0.9375"/>
				<FloatingPoint size="96">	2.35313	7.65933	1.32556	20.2119	25.0439	25.9428	0.938338	21.6755	1.17716	29.4386	30.3271	24.7576	26.1437	4.85641	6.51658	28.9001	16.3223	28.6111	24.0465	27.1897	5.32132	22.0087	26.5746	9.7645	22.655	24.2336	26.5759	12.0713	28.5878	13.994	18.9196	30.7076	17.1447	5.37734	21.9031	4.57076	2.98055	8.63047	2.16971	2.27835	20.0427	9.48986	9.67978	16.8501	20.1414	19.5302	23.0032	23.742	0.660277	13.7359	25.5473	4.55886	3.69122	13.0667	5.21759	12.6885	8.43837	14.3391	1.52566	8.94897	12.286	13.8863	23.8107	29.7437	29.1998	14.6007	7.45181	5.57152	5.98656	2.23974	17.287	1.8437	20.0855	17.6524	28.3318	16.7643	20.2544	20.318	29.3561	20.7329	0.288794	27.0736	23.1987	4.33305	26.8189	13.1625	16.6008	26.1882	22.9942	11.1429	15.4018	26.5189	21.1493	13.9811	0.398509	7.70176</FloatingPoint>
			</Individual>
			<Individual size="1">
				<MOFitness value1="-0.012283" value2="-0.9375"/>
				<FloatingPoint size="96">	2.35313	7.65933	1.32556	20.2119	25.0439	25.9428	0.938338	21.6755	1.17716	29.4386	30.3271	24.7576	26.1437	4.85641	6.51658	28.9001	16.3223	28.6111	24.0465	27.1897	5.32132	22.0087	26.5746	9.7645	22.655	24.2336	26.5759	12.0713	28.5878	13.994	18.9196	30.7076	17.1447	5.37734	21.9031	4.57076	2.98055	8.63047	2.16971	2.27835	20.0427	9.48986	9.67978	16.8501	20.1414	19.5302	23.0032	23.742	0.660277	13.7359	25.5473	4.55886	3.69122	13.0667	5.21759	12.6885	8.43837	14.3391	1.52566	8.94897	12.286	13.8863	23.8107	29.7437	29.1998	14.6007	7.45181	5.57152	5.98656	2.23974	17.287	1.8437	20.0855	17.6524	28.3318	16.7643	20.2544	20.318	29.3561	20.7329	0.288794	27.0736	23.1987	4.33305	26.8189	13.1625	16.6008	26.1882	22.9942	11.1429	15.4018	26.5189	21.1493	13.9811	0.398509	7.70176</FloatingPoint>
			</Individual>
			<Individual size="1">
				<MOFitness value1="-0.012283" value2="-0.9375"/>
				<FloatingPoint size="96">	2.35313	7.65933	1.32556	20.2119	25.0439	25.9428	0.938338	21.6755	1.17716	29.4386	30.3271	24.7576	26.1437	4.85641	6.51658	28.9001	16.3223	28.6111	24.0465	27.1897	5.32132	22.0087	26.5746	9.7645	22.655	24.2336	26.5759	12.0713	28.5878	13.994	18.9196	30.7076	17.1447	5.37734	21.9031	4.57076	2.98055	8.63047	2.16971	2.27835	20.0427	9.48986	9.67978	16.8501	20.1414	19.5302	23.0032	23.742	0.660277	13.7359	25.5473	4.55886	3.69122	13.0667	5.21759	12.6885	8.43837	14.3391	1.52566	8.94897	12.286	13.8863	23.8107	29.7437	29.1998	14.6007	7.45181	5.57152	5.98656	2.23974	17.287	1.8437	20.0855	17.6524	28.3318	16.7643	20.2544	20.318	29.3561	20.7329	0.288794	27.0736	23.1987	4.33305	26.8189	13.1625	16.6008	26.1882	22.9942	11.1429	15.4018	26.5189	21.1493	13.9811	0.398509	7.70176</FloatingPoint>
			</Individual>
			<Individual size="1">
				<MOFitness value1="-0.012283" value2="-0.9375"/>
				<FloatingPoint size="96">	2.35313	7.65933	1.32556	20.2119	25.0439	25.9428	0.938338	21.6755	1.17716	29.4386	30.3271	24.7576	26.1437	4.85641	6.51658	28.9001	16.3223	28.6111	24.0465	27.1897	5.32132	22.0087	26.5746	9.7645	22.655	24.2336	26.5759	12.0713	28.5878	13.994	18.9196	30.7076	17.1447	5.37734	21.9031	4.57076	2.98055	8.63047	2.16971	2.27835	20.0427	9.48986	9.67978	16.8501	20.1414	19.5302	23.0032	23.742	0.660277	13.7359	25.5473	4.55886	3.69122	13.0667	5.21759	12.6885	8.43837	14.3391	1.52566	8.94897	12.286	13.8863	23.8107	29.7437	29.1998	14.6007	7.45181	5.57152	5.98656	2.23974	17.287	1.8437	20.0855	17.6524	28.3318	16.7643	20.2544	20.318	29.3561	20.7329	0.288794	27.0736	23.1987	4.33305	26.8189	13.1625	16.6008	26.1882	22.9942	11.1429	15.4018	26.5189	21.1493	13.9811	0.398509	7.70176</FloatingPoint>
			</Individual>
			<Individual size="1">
				<MOFitness value1="-0.012283" value2="-0.9375"/>
				<FloatingPoint size="96">	2.35313	7.65933	1.32556	20.2119	25.0439	25.9428	0.938338	21.6755	1.17716	29.4386	30.3271	24.7576	26.1437	4.85641	6.51658	28.9001	16.3223	28.6111	24.0465	27.1897	5.32132	22.0087	26.5746	9.7645	22.655	24.2336	26.5759	12.0713	28.5878	13.994	18.9196	30.7076	17.1447	5.37734	21.9031	4.57076	2.98055	8.63047	2.16971	2.27835	20.0427	9.48986	9.67978	16.8501	20.1414	19.5302	23.0032	23.742	0.660277	13.7359	25.5473	4.55886	3.69122	13.0667	5.21759	12.6885	8.43837	14.3391	1.52566	8.94897	12.286	13.8863	23.8107	29.7437	29.1998	14.6007	7.45181	5.57152	5.98656	2.23974	17.287	1.8437	20.0855	17.6524	28.3318	16.7643	20.2544	20.318	29.3561	20.7329	0.288794	27.0736	23.1987	4.33305	26.8189	13.1625	16.6008	26.1882	22.9942	11.1429	15.4018	26.5189	21.1493	13.9811	0.398509	7.70176</FloatingPoint>
			</Individual>
			<Individual size="1">
				<MOFitness value1="-0.012283" value2="-0.9375"/>
				<FloatingPoint size="96">	2.35313	7.65933	1.32556	20.2119	25.0439	25.9428	0.938338	21.6755	1.17716	29.4386	30.3271	24.7576	26.1437	4.85641	6.51658	28.9001	16.4187	28.6111	24.0465	27.1897	5.32132	22.0087	26.5746	9.7645	22.655	24.2336	26.5759	12.0713	28.5878	13.994	18.9196	30.7076	17.1447	5.37734	21.9031	4.57076	2.98055	8.63047	2.16971	2.27835	20.0427	9.48986	9.67978	16.8501	20.1414	19.5302	23.0032	23.742	0.660277	13.7359	25.5473	4.55886	3.69122	13.0667	5.21759	12.6885	8.43837	14.3391	1.52566	8.94897	12.286	13.8863	23.8107	29.7437	29.1998	14.6007	7.45181	5.57152	5.98656	2.23974	17.287	1.8437	20.0855	17.6524	28.3318	16.7643	20.2544	20.318	29.3561	20.7329	0.288794	27.0736	23.1987	4.33305	26.8189	13.1625	16.6008	26.1882	22.9942	11.1429	15.4018	26.5189	21.1493	13.9811	0.398509	7.70176</FloatingPoint>
			</Individual>
			<Individual size="1">
				<MOFitness value1="-0.012283" value2="-0.9375"/>
				<FloatingPoint size="96">	2.35313	7.65933	1.32556	20.2119	25.0439	25.9428	0.938338	21.6755	1.17716	29.4386	30.3271	24.7576	26.1437	4.85641	6.51658	28.9001	16.3223	28.6111	24.0465	27.1897	5.32132	22.0087	26.5746	9.7645	22.655	24.2336	26.5759	12.0713	28.5878	13.994	18.9196	30.7076	17.1447	5.37734	21.9031	4.57076	2.98055	8.63047	2.16971	2.27835	20.0427	9.48986	9.67978	16.8501	20.1414	19.5302	23.0032	23.742	0.660277	13.7359	25.5473	4.55886	3.69122	13.0667	5.21759	12.6885	8.43837	14.3391	1.52566	8.94897	12.286	13.8863	23.8107	29.7437	29.1998	14.6007	7.45181	5.57152	5.98656	2.23974	17.287	1.8437	20.0855	17.6524	28.3318	16.7643	20.2544	20.318	29.3561	20.7329	0.288794	27.0736	23.1987	4.33305	26.8189	13.1625	16.6008	26.1882	22.9942	11.1429	15.4018	26.5189	21.1493	13.9811	0.398509	7.70176</FloatingPoint>
			</Individual>
			<Individual size="1">
				<MOFitness value1="-0.012283" value2="-0.9375"/>
				<FloatingPoint size="96">	2.35313	7.65933	1.32556	20.2119	25.0439	25.9428	0.938338	21.6755	1.17716	29.4386	30.3271	24.7576	26.1437	4.85641	6.51658	28.9001	16.3223	28.6111	24.0465	27.1897	5.32132	22.0087	26.5746	9.7645	22.655	21.2594	26.5759	12.0713	28.5878	13.994	18.9196	30.7076	17.1447	5.37734	21.9031	4.57076	2.98055	8.63047	2.16971	2.27835	20.0427	9.48986	9.67978	16.8501	20.1414	19.5302	23.0032	23.742	0.660277	13.7359	25.5473	4.55886	3.69122	13.0667	5.21759	12.6885	8.43837	14.3391	1.52566	8.94897	12.286	13.8863	23.8107	29.7437	29.1998	14.6007	7.45181	5.57152	5.98656	2.23974	17.287	1.8437	20.0855	17.6524	28.3318	16.7643	20.2544	20.318	29.3561	20.7329	0.288794	27.0736	23.1987	4.33305	26.8189	13.1625	16.6008	26.1882	22.9942	11.1429	15.4018	26.5189	21.1493	13.9811	0.398509	7.70176</FloatingPoint>
			</Individual>
			<Individual size="1">
				<MOFitness value1="-0.012283" value2="-0.9375"/>
				<FloatingPoint size="96">	2.35313	7.65933	1.32556	20.2119	25.0439	25.9428	0.938338	21.6755	1.17716	29.4386	30.3271	24.7576	26.1437	4.85641	6.51658	28.9001	16.3223	28.6111	24.0465	27.1897	5.32132	22.0087	26.5746	9.7645	22.655	24.2336	26.5759	12.0713	28.5878	13.994	18.9196	30.7076	17.1447	5.37734	21.9031	4.57076	2.98055	8.63047	2.16971	2.27835	20.0427	9.48986	9.67978	16.8501	20.1414	19.5302	23.0032	23.742	0.660277	13.7359	25.5473	4.55886	3.69122	13.0667	5.21759	12.6885	8.43837	14.3391	1.52566	8.94897	12.286	13.8863	23.8107	29.7437	29.1998	14.6007	7.45181	5.57152	5.98656	2.23974	17.287	1.8437	20.0855	17.6524	28.3318	16.7643	20.2544	20.318	29.3561	20.7329	0.288794	27.0736	23.1987	4.33305	26.8189	13.1625	16.6008	26.1882	22.9942	11.1429	15.4018	26.5189	21.1493	13.9811	0.398509	7.70176</FloatingPoint>
			</Individual>
			<Individual size="1">
				<MOFitness value1="-0.012283" value2="-0.9375"/>
				<FloatingPoint size="96">	2.35313	7.65933	1.32556	20.2119	25.0439	25.9428	0.938338	21.6755	1.17716	29.4386	30.3271	24.7576	26.1437	4.85641	6.51658	28.9001	16.3223	28.6111	24.0465	27.1897	5.32132	22.0087	26.5746	9.7645	22.655	24.2336	26.5759	12.0713	28.5878	13.994	18.9196	30.7076	17.1447	5.37734	21.9031	4.57076	2.98055	8.63047	2.16971	2.27835	20.0427	9.48986	9.67978	16.8501	20.1414	19.5302	23.0032	23.742	0.660277	13.7359	25.5473	4.55886	3.69122	13.0667	5.21759	12.6885	8.43837	14.3391	1.52566	8.94897	12.286	13.8863	23.8107	29.7437	29.1998	14.6007	7.45181	5.57152	5.98656	2.23974	17.287	1.8437	20.0855	17.6524	28.3318	16.7643	20.2544	20.318	29.3561	20.7329	0.288794	27.0736	23.1987	4.33305	26.8189	13.1625	16.6008	26.1882	22.9942	11.1429	15.4018	26.5189	21.1493	13.9811	0.398509	7.70176</FloatingPoint>
			</Individual>
			<Individual size="1">
				<MOFitness value1="-0.012283" value2="-0.9375"/>
				<FloatingPoint size="96">	2.35313	7.65933	1.32556	20.2119	25.0439	25.9428	0.938338	21.6755	1.17716	29.4386	30.3271	24.7576	26.1437	4.85641	6.51658	28.9001	16.3223	28.6111	24.0465	27.1897	5.32132	22.0087	26.5746	9.7645	22.655	24.2336	26.5759	12.0713	28.5878	13.994	18.9196	30.7076	17.1447	5.37734	21.9031	4.57076	2.98055	8.63047	2.16971	2.27835	20.0427	9.48986	9.67978	16.8501	20.1414	19.5302	23.0032	23.742	0.660277	13.7359	25.5473	4.55886	3.69122	13.0667	5.21759	12.6885	8.43837	14.3391	1.52566	8.94897	12.286	13.8863	23.8107	29.7437	29.1998	14.6007	7.45181	5.57152	5.98656	2.23974	17.287	1.8437	20.0855	17.6524	28.3318	16.7643	20.2544	20.318	29.3561	20.7329	0.288794	27.0736	23.1987	4.33305	26.8189	13.1625	16.6008	26.1882	22.9942	11.1429	15.4018	26.5189	21.1493	13.9811	0.398509	7.70176</FloatingPoint>
			</Individual>
			<Individual size="1">
				<MOFitness value1="-0.012283" value2="-0.9375"/>
				<FloatingPoint size="96">	2.35313	7.65933	1.32556	20.2119	25.0439	25.9428	0.938338	21.6755	1.17716	29.4386	30.3271	24.7576	26.1437	4.85641	6.51658	28.9001	16.3223	28.6111	24.0465	27.1897	5.32132	22.0087	26.5746	9.7645	22.655	24.2336	26.5759	12.0713	28.5878	13.994	18.9196	30.7076	17.1447	5.37734	21.9031	4.57076	2.98055	8.63047	2.16971	2.27835	20.0427	9.48986	9.67978	16.8501	20.1414	19.5302	23.0032	23.742	0.660277	13.7359	25.5473	4.55886	3.69122	13.0667	5.21759	12.6885	8.43837	14.3391	1.52566	8.94897	12.286	13.8863	23.8107	29.7437	29.1998	14.6007	7.45181	5.57152	5.98656	2.23974	17.287	1.8437	20.0855	17.6524	28.3318	16.7643	20.2544	20.318	29.3561	20.7329	0.288794	27.0736	23.1987	4.33305	26.8189	13.1625	16.6008	26.1882	22.9942	11.1429	15.4018	26.5189	21.1493	13.9811	0.398509	7.70176</FloatingPoint>
			</Individual>
			<Individual size="1">
				<MOFitness value1="-0.012283" value2="-0.9375"/>
				<FloatingPoint size="96">	2.35313	7.65933	1.32556	20.2119	25.0439	25.9428	0.938338	21.6755	1.17716	29.4386	30.3271	24.7576	26.1437	4.85641	6.51658	28.9001	16.3223	28.6111	24.0465	27.1897	5.32132	22.0087	26.5746	9.7645	22.655	24.2336	26.5759	12.0713	28.5878	13.994	18.9196	30.7076	17.1447	5.37734	21.9031	4.57076	2.98055	8.63047	2.16971	2.27835	20.0427	9.48986	9.67978	16.8501	20.1414	19.5302	23.0032	23.742	0.660277	13.7359	25.5473	4.55886	3.69122	13.0667	5.21759	12.6885	8.43837	14.3391	1.52566	8.94897	12.286	13.8863	23.8107	29.7437	29.1998	14.6007	7.45181	5.57152	5.98656	2.23974	17.287	1.8437	20.0855	17.6524	28.3318	16.7643	20.2544	20.318	29.3561	20.7329	0.288794	27.0736	23.1987	4.33305	26.8189	13.1625	16.6008	26.1882	22.9942	11.1429	15.4018	26.5189	21.1493	13.9811	0.398509	7.70176</FloatingPoint>
			</Individual>
			<Individual size="1">
				<MOFitness value1="-0.012283" value2="-0.9375"/>
				<FloatingPoint size="96">	2.35313	7.65933	1.32556	20.2119	25.0439	25.9428	0.938338	21.6755	1.17716	29.4386	30.3271	24.7576	26.1437	4.85641	6.51658	28.9001	16.3223	28.6111	24.0465	27.1897	5.32132	22.0087	26.5746	9.7645	22.655	24.2336	26.5759	12.0713	28.5878	13.994	18.9196	30.7076	17.1447	5.37734	21.9031	4.57076	2.98055	8.63047	2.16971	2.27835	20.0427	9.48986	9.67978	16.8501	20.1414	19.5302	23.0032	23.742	0.660277	13.7359	25.5473	4.55886	3.69122	13.0667	5.21759	12.6885	8.43837	14.3391	1.52566	8.94897	12.286	13.8863	23.8107	29.7437	29.1998	14.6007	7.45181	5.57152	5.98656	2.23974	17.287	1.8437	20.0855	17.6524	28.3318	16.7643	20.2544	20.318	29.3561	20.7329	0.288794	27.0736	23.1987	4.33305	26.8189	13.1625	16.6008	26.1882	22.9942	11.1429	15.4018	26.5189	21.1493	13.9811	0.398509	7.70176</FloatingPoint>
			</Individual>
			<Individual size="1">
				<MOFitness value1="-0.012283" value2="-0.9375"/>
				<FloatingPoint size="96">	2.35313	7.65933	1.32556	20.2119	25.0439	25.9428	0.938338	21.6755	1.17716	29.4386	30.3271	24.7576	26.1437	4.85641	6.51658	28.9001	16.3223	28.6111	24.0465	27.1897	5.32132	22.0087	26.5746	9.7645	22.655	24.2336	26.5759	12.0713	28.5878	13.994	18.9196	30.7076	17.1447	5.37734	21.9031	4.57076	2.98055	8.63047	2.16971	2.27835	20.0427	9.48986	9.67978	16.8501	20.1414	19.5302	23.0032	23.742	0.660277	13.7359	25.5473	4.55886	3.69122	13.0667	5.21759	12.6885	8.43837	14.3391	1.52566	8.94897	12.286	13.8863	23.8107	29.7437	29.1998	14.6007	7.45181	5.57152	5.98656	2.23974	17.287	1.8437	20.0855	17.6524	28.3318	16.7643	20.2544	20.318	29.3561	20.7329	0.288794	27.0736	23.1987	4.33305	26.8189	13.1625	16.6008	26.1882	22.9942	11.1429	15.4018	26.5189	21.1493	13.9811	0.398509	7.70176</FloatingPoint>
			</Individual>
			<Individual size="1">
				<MOFitness value1="-0.012283" value2="-0.9375"/>
				<FloatingPoint size="96">	2.35313	7.65933	1.32556	20.2119	25.0439	25.9428	0.938338	21.6755	1.17716	29.4386	30.3271	24.7576	26.1437	4.85641	6.51658	28.9001	16.3223	28.6111	24.0465	27.1897	5.32132	22.0087	26.5746	9.7645	22.655	24.2336	26.5759	12.0713	28.5878	13.994	18.9196	30.7076	17.1447	5.37734	21.9031	4.57076	2.98055	8.63047	2.16971	2.27835	20.0427	9.48986	9.67978	16.8501	20.1414	19.5302	23.0032	23.742	0.660277	13.7359	25.5473	4.55886	3.69122	13.0667	5.21759	12.6885	8.43837	14.3391	1.52566	8.94897	12.286	13.8863	23.8107	29.7437	29.1998	14.6007	7.45181	5.57152	5.98656	2.23974	17.287	1.8437	20.0855	17.6524	28.3318	16.7643	20.2544	20.318	29.3561	20.7329	0.288794	27.0736	23.1987	4.33305	26.8189	13.1625	16.6008	26.1882	22.9942	11.1429	15.4018	26.5189	21.1493	13.9811	0.398509	7.70176</FloatingPoint>
			</Individual>
			<Individual size="1">
				<MOFitness value1="-0.012283" value2="-0.9375"/>
				<FloatingPoint size="96">	2.35313	7.65933	1.32556	20.2119	25.0439	25.9428	0.938338	21.6755	1.17716	29.4386	30.3271	24.7576	26.1437	4.85641	6.51658	28.9001	16.3223	28.6111	24.0465	27.1897	5.32132	22.0087	26.5746	9.7645	22.655	24.2336	26.5759	12.0713	28.5878	13.994	18.9196	30.7076	17.1447	5.37734	21.9031	4.57076	2.98055	8.63047	2.16971	2.27835	20.0427	9.48986	9.67978	16.8501	20.1414	19.5302	23.0032	23.742	0.660277	13.7359	25.5473	4.55886	3.69122	13.0667	5.21759	12.6885	8.43837	14.3391	1.52566	8.94897	12.286	6.39102	23.8107	29.7437	29.1998	14.6007	7.45181	5.57152	5.98656	2.23974	17.287	1.8437	20.0855	17.6524	28.3318	16.7643	20.2544	20.318	29.3561	20.7329	0.288794	27.0736	23.1987	4.33305	26.8189	13.1625	16.6008	26.1882	22.9942	11.1429	15.4018	26.5189	21.1493	13.9811	0.398509	7.70176</FloatingPoint>
			</Individual>
			<Individual size="1">
				<MOFitness value1="-0.012283" value2="-0.9375"/>
				<FloatingPoint size="96">	2.35313	7.65933	1.32556	20.2119	25.0439	25.9428	0.938338	21.6755	1.17716	29.4386	30.3271	24.7576	26.1437	4.85641	6.51658	28.9001	16.3223	28.6111	24.0465	27.1897	5.32132	22.0087	26.5746	9.7645	22.655	24.2336	26.5759	12.0713	28.5878	13.994	18.9196	30.7076	17.1447	5.37734	5.37473	4.57076	2.98055	8.63047	2.16971	2.27835	20.0427	9.48986	9.67978	16.8501	20.1414	19.5302	23.0032	23.742	0.660277	13.7359	25.5473	4.55886	3.69122	13.0667	5.21759	12.6885	8.43837	14.3391	1.52566	8.94897	12.286	13.8863	23.8107	29.7437	29.1998	14.6007	7.45181	5.57152	5.98656	2.23974	17.287	1.8437	20.0855	17.6524	28.3318	16.7643	20.2544	20.318	29.3561	20.7329	0.288794	27.0736	23.1987	4.33305	26.8189	13.1625	16.6008	26.1882	22.9942	11.1429	15.4018	26.5189	21.1493	13.9811	24.4705	7.70176</FloatingPoint>
			</Individual>
			<Individual size="1">
				<MOFitness value1="-0.012283" value2="-0.9375"/>
				<FloatingPoint size="96">	2.35313	7.65933	1.32556	20.2119	25.0439	25.9428	0.938338	6.53216	1.17716	29.4386	30.3271	24.7576	26.1437	4.85641	6.51658	28.9001	16.3223	28.6111	24.0465	27.1897	5.32132	22.0087	26.5746	9.7645	22.655	24.2336	26.5759	12.0713	28.5878	13.994	18.9196	30.7076	17.1447	5.37734	21.9031	4.57076	2.98055	8.63047	2.16971	2.27835	20.0427	9.48986	9.67978	16.8501	20.1414	19.5302	23.0032	23.742	0.660277	13.7359	25.5473	4.54225	3.69122	13.0667	5.21759	12.6885	8.43837	14.3391	1.52566	8.94897	12.286	13.8863	23.8107	29.7437	29.1998	14.6007	7.45181	5.57152	5.98656	2.23974	17.287	1.8437	20.0855	17.6524	28.3318	16.7643	20.2544	20.318	29.3561	20.7329	0.288794	27.0736	23.1987	4.33305	26.8189	13.1625	16.6008	26.1882	22.9942	11.1429	15.4018	26.5189	21.1493	13.9811	0.398509	7.70176</FloatingPoint>
			</Individual>
			<Individual size="1">
				<MOFitness value1="-0.012283" value2="-0.9375"/>
				<FloatingPoint size="96">	2.35313	7.65933	1.32556	20.2119	25.0439	25.9428	0.938338	21.6755	1.17716	29.4386	30.3271	24.7576	26.1437	4.85641	6.51658	28.9001	16.3223	28.6111	24.0465	27.1897	5.32132	22.0087	26.5746	9.7645	22.655	24.2336	26.5759	12.0713	28.5878	13.994	18.9196	30.7076	17.1447	5.37734	21.9031	4.57076	2.98055	8.63047	2.16971	2.27835	20.0427	9.48986	9.67978	16.8501	20.1414	19.5302	23.0032	23.742	0.660277	13.7359	25.5473	4.55886	3.69122	13.0667	5.21759	12.6885	8.43837	14.3391	1.52566	8.94897	12.286	13.8863	23.8107	29.7437	29.1998	14.6007	7.45181	5.57152	5.98656	2.23974	17.287	1.8437	20.0855	17.6524	28.3318	16.7643	20.2544	20.318	29.3561	20.7329	0.288794	27.0736	23.1987	4.33305	26.8189	13.1625	16.6008	26.1882	22.9942	11.1429	15.4018	26.5189	21.1493	13.9811	0.398509	7.70176</FloatingPoint>
			</Individual>
			<Individual size="1">
				<MOFitness value1="-0.012283" value2="-0.9375"/>
				<FloatingPoint size="96">	2.35313	7.65933	1.32556	20.2119	25.0439	25.9428	0.938338	21.6755	1.17716	29.4386	30.3271	24.7576	26.1437	4.85641	6.51658	28.9001	16.3223	28.6111	24.0465	27.1897	5.32132	22.0087	26.5746	9.7645	22.655	24.2336	26.5759	12.0713	28.5878	13.994	18.9196	30.7076	17.1447	5.37734	21.9031	4.57076	2.98055	8.63047	2.16971	2.27835	20.0427	9.48986	9.67978	16.8501	20.1414	19.5302	23.0032	23.742	0.660277	13.7359	25.5473	4.55886	3.69122	13.0667	5.21759	12.6885	8.43837	14.3391	1.52566	8.94897	12.286	13.8863	23.8107	29.7437	29.1998	14.6007	7.45181	5.57152	5.98656	2.23974	17.287	1.8437	20.0855	17.6524	28.3318	16.7643	20.2544	20.318	29.3561	20.7329	0.288794	27.0736	23.1987	4.33305	26.8189	13.1625	16.6008	26.1882	22.9942	11.1429	15.4018	26.5189	21.1493	13.9811	0.398509	7.70176</FloatingPoint>
			</Individual>
			<Individual size="1">
				<MOFitness value1="-0.012283" value2="-0.9375"/>
				<FloatingPoint size="96">	2.35313	7.65933	1.32556	20.2119	25.0439	25.9428	0.938338	21.6755	1.17716	29.4386	30.3271	24.7576	26.1437	4.85641	6.51658	28.9001	16.3223	28.6111	24.0465	27.1897	5.32132	22.0087	26.5746	9.7645	22.655	24.2336	26.5759	12.0713	28.5878	13.994	18.9196	30.7076	17.1447	5.37734	21.9031	4.57076	2.98055	8.63047	2.16971	2.27835	20.0427	9.48986	9.67978	16.8501	20.1414	19.5302	23.0032	23.742	0.660277	13.7359	25.5473	4.55886	3.69122	13.0667	5.21759	12.6885	8.43837	14.3391	1.52566	8.94897	12.286	13.8863	23.8107	29.7437	29.1998	14.6007	7.45181	5.57152	5.98656	2.23974	17.287	1.8437	20.0855	17.6524	3.8981	16.7643	20.2544	20.318	29.3561	20.7329	0.288794	27.0736	23.1987	4.33305	26.8189	13.1625	16.6008	26.1882	22.9942	11.1429	15.4018	26.5189	21.1493	13.9811	0.398509	7.70176</FloatingPoint>
			</Individual>
			<Individual size="1">
				<MOFitness value1="-0.012283" value2="-0.9375"/>
				<FloatingPoint size="96">	2.35313	7.65933	1.32556	20.2119	25.0439	25.9428	0.938338	21.6755	1.17716	29.4386	30.3271	24.7576	26.1437	4.85641	6.51658	28.9001	16.3223	28.6111	24.0465	27.1897	5.32132	22.0087	26.5746	9.7645	22.655	24.2336	26.5759	12.0713	28.5878	13.994	18.9196	30.7076	17.1447	5.37734	21.9031	4.57076	2.98055	8.63047	2.16971	2.27835	20.0427	9.48986	9.67978	16.8501	20.1414	19.5302	23.0032	23.742	0.660277	13.7359	25.5473	4.55886	3.69122	13.0667	5.21759	12.6885	8.43837	14.3391	1.52566	8.94897	12.286	13.8863	23.8107	29.7437	29.1998	14.6007	7.45181	5.57152	5.98656	2.23974	17.287	1.8437	20.0855	17.6524	28.3318	16.7643	20.2544	20.318	29.3561	20.7329	0.288794	27.0736	23.1987	4.33305	26.8189	13.1625	16.6008	26.1882	22.9942	11.1429	15.4018	26.5189	21.1493	13.9811	0.398509	7.70176</FloatingPoint>
			</Individual>
			<Individual size="1">
				<MOFitness value1="-0.012283" value2="-0.9375"/>
				<FloatingPoint size="96">	2.35313	7.65933	1.32556	20.2119	25.0439	25.9428	0.938338	21.6755	1.17716	29.4386	30.3271	24.7576	26.1437	4.85641	6.51658	28.9001	16.3223	28.6111	24.0465	27.1897	5.32132	22.0087	26.5746	9.7645	22.655	24.2336	26.5759	12.0713	28.5878	13.994	18.9196	30.7076	17.1447	5.37734	21.9031	4.57076	2.98055	8.63047	2.16971	2.27835	20.0427	9.48986	9.67978	16.8501	20.1414	19.5302	23.0032	23.742	0.660277	13.7359	25.5473	4.55886	3.69122	13.0667	5.21759	12.6885	8.43837	14.3391	1.52566	8.94897	12.286	13.8863	23.8107	29.7437	29.1998	14.6007	7.45181	5.57152	5.98656	2.23974	17.287	1.8437	20.0855	17.6524	28.3318	16.7643	20.2544	20.318	29.3561	20.7329	0.288794	27.0736	23.1987	4.33305	26.8189	13.1625	16.6008	26.1882	22.9942	11.1429	15.4018	26.5189	21.1493	13.9811	0.398509	7.70176</FloatingPoint>
			</Individual>
			<Individual size="1">
				<MOFitness value1="-0.012283" value2="-0.9375"/>
				<FloatingPoint size="96">	2.35313	7.65933	1.32556	20.2119	25.0439	25.9428	0.938338	21.6755	1.17716	29.4386	30.3271	24.7576	26.1437	4.85641	6.51658	28.9001	16.3223	28.6111	24.0465	27.1897	5.32132	22.0087	26.5746	9.7645	22.655	24.2336	26.5759	12.0713	28.5878	13.994	18.9196	30.7076	17.1447	5.37734	21.9031	4.57076	2.98055	8.63047	2.16971	2.27835	20.0427	9.48986	9.67978	16.8501	20.1414	19.5302	23.0032	23.742	0.660277	13.7359	25.5473	4.55886	3.69122	13.0667	5.21759	12.6885	8.43837	14.3391	1.52566	8.94897	12.286	13.8863	23.8107	29.7437	29.1998	14.6007	7.45181	5.57152	5.98656	2.23974	17.287	1.8437	20.0855	17.6524	28.3318	16.7643	20.2544	20.318	29.3561	20.7329	0.288794	27.0736	23.1987	4.33305	26.8189	13.1625	16.6008	26.1882	22.9942	11.1429	15.4018	26.5189	21.1493	13.9811	0.398509	7.70176</FloatingPoint>
			</Individual>
			<Individual size="1">
				<MOFitness value1="-0.012283" value2="-0.9375"/>
				<FloatingPoint size="96">	2.35313	7.65933	1.32556	20.2119	25.0439	25.9428	0.938338	21.6755	1.17716	29.4386	30.3271	24.7576	26.1437	4.85641	6.51658	28.9001	16.3223	28.6111	24.0465	27.1897	5.32132	22.0087	26.5746	9.7645	22.655	24.2336	26.5759	12.0713	28.5878	13.994	18.9196	30.7076	17.1447	5.37734	21.9031	4.57076	2.98055	8.63047	2.16971	2.27835	20.0427	9.48986	9.67978	16.8501	20.1414	19.5302	23.0032	23.742	0.660277	13.7359	25.5473	4.55886	3.69122	13.0667	5.21759	12.6885	8.43837	14.3391	1.52566	8.94897	12.286	13.8863	23.8107	29.7437	29.1998	14.6007	7.45181	5.57152	5.98656	2.23974	17.287	1.8437	20.0855	17.6524	28.3318	16.7643	20.2544	20.318	29.3561	20.7329	0.288794	27.0736	23.1987	4.33305	26.8189	13.1625	16.6008	26.1882	22.9942	11.1429	15.4018	26.5189	21.1493	13.9811	0.398509	7.70176</FloatingPoint>
			</Individual>
			<Individual size="1">
				<MOFitness value1="-0.012283" value2="-0.9375"/>
				<FloatingPoint size="96">	2.35313	7.65933	1.32556	20.2119	25.0439	25.9428	0.938338	21.6755	1.17716	29.4386	30.3271	24.7576	26.1437	4.85641	6.51658	28.9001	16.3223	28.6111	24.0465	27.1897	5.32132	22.0087	26.5746	9.7645	22.655	24.2336	26.5759	12.0713	28.5878	13.994	18.9196	30.7076	17.1447	5.37734	21.9031	4.57076	2.98055	8.63047	2.16971	2.27835	20.0427	9.48986	9.67978	16.8501	20.1414	19.5302	23.0032	23.742	0.660277	13.7359	25.5473	4.55886	3.69122	13.0667	5.21759	12.6885	8.43837	14.3391	1.52566	8.94897	12.286	13.8863	23.8107	29.7437	29.1998	14.6007	7.45181	5.57152	5.98656	2.23974	17.287	1.8437	20.0855	17.6524	28.3318	16.7643	20.2544	20.318	29.3561	20.7329	0.288794	27.0736	23.1987	4.33305	26.8189	13.1625	16.6008	26.1882	22.9942	11.1429	15.4018	26.5189	21.1493	13.9811	0.398509	7.70176</FloatingPoint>
			</Individual>
			<Individual size="1">
				<MOFitness value1="-0.012283" value2="-0.9375"/>
				<FloatingPoint size="96">	2.35313	7.65933	1.32556	20.2119	25.0439	25.9428	0.938338	21.6755	1.17716	29.4386	30.3271	24.7576	26.1437	4.85641	6.51658	28.9001	16.3223	28.6111	24.0465	27.1897	5.32132	22.0087	26.5746	9.7645	22.655	24.2336	26.5759	12.0713	28.5878	13.994	18.9196	30.7076	17.1447	5.37734	21.9031	4.57076	2.98055	8.63047	2.16971	2.27835	20.0427	9.48986	9.67978	16.8501	20.1414	19.5302	23.0032	23.742	0.660277	13.7359	25.5473	4.55886	3.69122	13.0667	5.21759	12.6885	8.43837	14.3391	1.52566	8.94897	12.286	13.8863	23.8107	29.7437	29.1998	14.6007	7.45181	5.57152	5.98656	2.23974	17.287	1.8437	20.0855	17.6524	28.3318	16.7643	20.2544	20.318	29.3561	20.7329	0.288794	27.0736	23.1987	4.33305	26.8189	13.1625	16.6008	26.1882	22.9942	11.1429	15.4018	26.5189	21.1493	13.9811	0.398509	7.70176</FloatingPoint>
			</Individual>
			<Individual size="1">
				<MOFitness value1="-0.012283" value2="-0.9375"/>
				<FloatingPoint size="96">	2.35313	7.65933	1.32556	20.2119	25.0439	25.9428	0.938338	21.6755	1.17716	29.4386	30.3271	24.7576	26.1437	4.85641	6.51658	28.9001	16.3223	28.6111	24.0465	27.1897	5.32132	22.0087	26.5746	9.7645	22.655	24.2336	26.5759	12.0713	28.5878	13.994	18.9196	30.7076	17.1447	5.37734	21.9031	4.57076	2.98055	8.63047	2.16971	2.27835	20.0427	9.48986	9.67978	16.8501	20.1414	19.5302	23.0032	23.742	0.660277	13.7359	25.5473	4.55886	3.69122	13.0667	5.21759	12.6885	8.43837	14.3391	1.52566	8.94897	12.286	13.8863	23.8107	29.7437	29.1998	14.6007	7.45181	5.57152	5.98656	2.23974	17.287	1.8437	20.0855	17.6524	28.3318	16.7643	20.2544	20.318	29.3561	20.7329	0.288794	27.0736	23.1987	4.33305	26.8189	13.1625	16.6008	26.1882	22.9942	11.1429	15.4018	26.5189	21.1493	13.9811	0.398509	7.70176</FloatingPoint>
			</Individual>
			<Individual size="1">
				<MOFitness value1="-0.012283" value2="-0.9375"/>
				<FloatingPoint size="96">	2.35313	7.65933	1.32556	20.2119	25.0439	25.9428	0.938338	21.6755	1.17716	29.4386	30.3271	24.7576	26.1437	4.85641	6.51658	28.9001	16.3223	28.6111	24.0465	27.1897	5.32132	22.0087	26.5746	9.7645	22.655	24.2336	26.5759	12.0713	28.5878	13.994	18.9196	30.7076	17.1447	5.37734	21.9031	4.57076	2.98055	8.63047	2.16971	2.27835	20.0427	9.48986	9.67978	16.8501	20.1414	19.5302	23.0032	23.742	0.660277	13.7359	25.5473	4.55886	3.69122	13.0667	5.21759	12.6885	8.43837	14.3391	1.52566	8.94897	12.286	13.8863	23.8107	29.7437	29.1998	14.6007	7.45181	5.57152	5.98656	2.23974	17.287	1.8437	20.0855	17.6524	28.3318	16.7643	20.2544	20.318	29.3561	20.7329	0.288794	27.0736	23.1987	4.33305	26.8189	13.1625	16.6008	26.1882	22.9942	11.1429	15.4018	26.5189	21.1493	13.9811	0.398509	7.70176</FloatingPoint>
			</Individual>
			<Individual size="1">
				<MOFitness value1="-0.012283" value2="-0.9375"/>
				<FloatingPoint size="96">	2.35313	7.65933	1.32556	20.2119	25.0439	25.9428	0.938338	21.6755	1.17716	29.4386	30.3271	24.7576	26.1437	4.85641	6.51658	28.9001	16.3223	28.6111	24.0465	27.1897	5.32132	22.0087	26.5746	9.7645	22.655	24.2336	26.5759	12.0713	28.5878	13.994	18.9196	30.7076	17.1447	5.37734	21.9031	4.57076	2.98055	8.63047	2.16971	2.27835	20.0427	9.48986	9.67978	16.8501	20.1414	19.5302	23.0032	23.742	0.660277	13.7359	25.5473	4.55886	3.69122	13.0667	5.21759	12.6885	8.43837	14.3391	1.52566	8.94897	12.286	13.8863	23.8107	29.7437	29.1998	14.6007	7.45181	5.57152	5.98656	2.23974	17.287	1.8437	20.0855	17.6524	28.3318	16.7643	20.2544	20.318	29.3561	20.7329	0.288794	27.0736	23.1987	4.33305	26.8189	13.1625	16.6008	26.1882	22.9942	11.1429	15.4018	26.5189	21.1493	13.9811	0.398509	7.70176</FloatingPoint>
			</Individual>
			<Individual size="1">
				<MOFitness value1="-0.012283" value2="-0.9375"/>
				<FloatingPoint size="96">	2.35313	7.65933	1.32556	20.2119	25.0439	25.9428	0.938338	21.6755	1.17716	29.4386	30.3271	24.7576	26.1437	4.85641	6.51658	28.9001	16.3223	28.6111	24.0465	27.1897	5.32132	22.0087	26.5746	9.7645	22.655	24.2336	26.5759	12.0713	28.5878	13.994	18.9196	30.7076	17.1447	5.37734	21.9031	4.57076	2.98055	8.63047	2.16971	2.27835	20.0427	9.48986	9.67978	16.8501	20.1414	19.5302	23.0032	23.742	0.660277	13.7359	25.5473	4.55886	3.69122	13.0667	5.21759	12.6885	8.43837	14.3391	1.52566	8.94897	12.286	13.8863	23.8107	29.7437	29.1998	14.6007	7.45181	5.57152	5.98656	2.23974	17.287	1.8437	20.0855	17.6524	28.3318	16.7643	20.2544	20.318	29.3561	20.7329	0.288794	27.0736	23.1987	4.33305	26.8189	13.1625	16.6008	26.1882	22.9942	11.1429	15.4018	26.5189	21.1493	13.9811	0.398509	7.70176</FloatingPoint>
			</Individual>
			<Individual size="1">
				<MOFitness value1="-0.012283" value2="-0.9375"/>
				<FloatingPoint size="96">	2.35313	7.65933	1.32556	20.2119	25.0439	25.9428	0.938338	21.6755	1.17716	29.4386	30.3271	24.7576	26.1437	4.85641	6.51658	28.9001	16.3223	28.6111	24.0465	27.1897	5.32132	22.0087	26.5746	9.7645	22.655	24.2336	26.5759	12.0713	28.5878	13.994	18.9196	30.7076	17.1447	5.37734	21.9031	4.57076	2.98055	8.63047	2.16971	2.27835	20.0427	9.48986	9.67978	16.8501	20.1414	19.5302	23.0032	23.742	0.660277	13.7359	25.5473	4.55886	3.69122	13.0667	5.21759	12.6885	8.43837	14.3391	1.52566	8.94897	12.286	13.8863	23.8107	29.7437	29.1998	14.6007	7.45181	5.57152	5.98656	2.23974	17.287	1.8437	20.0855	17.6524	28.3318	16.7643	20.2544	20.318	29.3561	20.7329	0.288794	27.0736	23.1987	4.33305	26.8189	13.1625	16.6008	26.1882	22.9942	11.1429	15.4018	26.5189	21.1493	13.9811	0.398509	7.70176</FloatingPoint>
			</Individual>
			<Individual size="1">
				<MOFitness value1="-0.012283" value2="-0.9375"/>
				<FloatingPoint size="96">	2.35313	7.65933	1.32556	20.2119	25.0439	25.9428	0.938338	21.6755	1.17716	29.4386	30.3271	24.7576	26.1437	4.85641	6.51658	28.9001	16.3223	28.6111	24.0465	27.1897	5.32132	22.0087	26.5746	9.7645	22.655	24.2336	26.5759	12.0713	28.5878	13.994	18.9196	30.7076	17.1447	5.37734	21.9031	4.57076	2.98055	8.63047	2.16971	2.27835	20.0427	9.48986	9.67978	16.8501	20.1414	19.5302	23.0032	23.742	0.660277	13.7359	25.5473	4.55886	3.69122	13.0667	5.21759	12.6885	8.43837	14.3391	1.52566	8.94897	12.286	13.8863	23.8107	29.7437	29.1998	14.6007	7.45181	5.57152	5.98656	2.23974	17.287	1.8437	20.0855	17.6524	28.3318	16.7643	20.2544	20.318	29.3561	20.7329	0.288794	27.0736	23.1987	4.33305	26.8189	13.1625	16.6008	26.1882	22.9942	11.1429	15.4018	26.5189	21.1493	13.9811	0.398509	7.70176</FloatingPoint>
			</Individual>
			<Individual size="1">
				<MOFitness value1="-0.012283" value2="-0.9375"/>
				<FloatingPoint size="96">	2.35313	7.65933	1.32556	20.2119	25.0439	25.9428	0.938338	21.6755	1.17716	29.4386	30.3271	24.7576	26.1437	4.85641	6.51658	28.9001	16.3223	28.6111	24.0465	27.1897	5.32132	22.0087	26.5746	9.7645	22.655	24.2336	26.5759	12.0713	28.5878	13.994	18.9196	30.7076	17.1447	5.37734	21.9031	4.57076	2.98055	8.63047	2.16971	2.27835	20.0427	9.48986	9.67978	16.8501	20.1414	19.5302	23.0032	23.742	0.660277	13.7359	25.5473	4.55886	3.69122	13.0667	5.21759	12.6885	8.43837	14.3391	1.52566	8.94897	12.286	13.8863	23.8107	29.7437	29.1998	14.6007	7.45181	5.57152	5.98656	2.23974	17.287	1.8437	20.0855	17.6524	28.3318	16.7643	20.2544	20.318	29.3561	20.7329	0.288794	27.0736	23.1987	4.33305	26.8189	13.1625	16.6008	26.1882	22.9942	11.1429	15.4018	26.5189	21.1493	13.9811	0.398509	7.70176</FloatingPoint>
			</Individual>
			<Individual size="1">
				<MOFitness value1="-0.012283" value2="-0.9375"/>
				<FloatingPoint size="96">	2.35313	7.65933	1.32556	20.2119	25.0439	25.9428	0.938338	21.6755	1.17716	29.4386	30.3271	24.7576	26.1437	4.85641	6.51658	28.9001	16.3223	28.6111	24.0465	27.1897	5.32132	22.0087	26.5746	9.7645	22.655	24.2336	26.5759	12.0713	28.5878	13.994	18.9196	30.7076	17.1447	5.37734	21.9031	4.57076	2.98055	8.63047	2.16971	2.27835	20.0427	9.48986	9.67978	16.8501	20.1414	19.5302	23.0032	23.742	0.660277	13.7359	25.5473	4.55886	3.69122	13.0667	5.21759	12.6885	8.43837	14.3391	1.52566	8.94897	12.286	13.8863	23.8107	29.7437	29.1998	14.6007	7.45181	5.57152	5.98656	2.23974	17.287	1.8437	20.0855	17.6524	28.3318	16.7643	20.2544	20.318	29.3561	20.7329	0.288794	27.0736	23.1987	4.33305	26.8189	13.1625	16.6008	26.1882	22.9942	11.1429	15.4018	26.5189	21.1493	13.9811	0.398509	7.70176</FloatingPoint>
			</Individual>
			<Individual size="1">
				<MOFitness value1="-0.012283" value2="-0.9375"/>
				<FloatingPoint size="96">	2.35313	7.65933	1.32556	20.2119	25.0439	25.9428	0.938338	21.6755	1.17716	29.4386	30.3271	24.7576	26.1437	4.85641	6.51658	28.9001	16.3223	28.6111	24.0465	27.1897	5.32132	22.0087	26.5746	9.7645	22.655	24.2336	26.5759	12.0713	28.5878	13.994	18.9196	30.7076	17.1447	5.37734	21.9031	4.57076	2.98055	8.63047	2.16971	2.27835	20.0427	9.48986	9.67978	16.8501	20.1414	19.5302	23.0032	23.742	0.660277	13.7359	25.5473	4.55886	3.69122	13.0667	5.21759	12.6885	8.43837	14.3391	1.52566	8.94897	12.286	13.8863	23.8107	29.7437	29.1998	14.6007	7.45181	5.57152	5.98656	2.23974	17.287	1.8437	20.0855	17.6524	28.3318	16.7643	20.2544	20.318	29.3561	20.7329	0.288794	27.0736	23.1987	4.33305	26.8189	13.1625	16.6008	26.1882	22.9942	11.1429	15.4018	26.5189	21.1493	13.9811	0.398509	7.70176</FloatingPoint>
			</Individual>
			<Individual size="1">
				<MOFitness value1="-0.012283" value2="-0.9375"/>
				<FloatingPoint size="96">	2.35313	7.65933	1.32556	20.2119	25.0439	25.9428	0.938338	21.6755	1.17716	29.4386	30.3271	24.7576	26.1437	4.85641	6.51658	28.9001	16.3223	28.6111	24.0465	27.1897	5.32132	22.0087	26.5746	9.7645	22.655	24.2336	26.5759	12.0713	28.5878	13.994	18.9196	30.7076	17.1447	5.37734	21.9031	4.57076	2.98055	8.63047	2.16971	2.27835	20.0427	9.48986	9.67978	16.8501	20.1414	19.5302	23.0032	23.742	0.660277	13.7359	25.5473	4.55886	3.69122	13.0667	5.21759	12.6885	8.43837	14.3391	1.52566	8.94897	12.286	13.8863	23.8107	29.7437	29.1998	14.6007	7.45181	5.57152	5.98656	2.23974	17.287	1.8437	20.0855	17.6524	28.3318	16.7643	20.2544	20.318	29.3561	20.7329	0.288794	27.0736	23.1987	4.33305	26.8189	13.1625	16.6008	26.1882	22.9942	11.1429	15.4018	26.5189	21.1493	13.9811	0.398509	7.70176</FloatingPoint>
			</Individual>
			<Individual size="1">
				<MOFitness value1="-0.012283" value2="-0.9375"/>
				<FloatingPoint size="96">	2.35313	7.65933	1.32556	20.2119	25.0439	25.9428	0.938338	21.6755	1.17716	29.4386	30.3271	24.7576	26.1437	4.85641	6.51658	28.9001	16.3223	28.6111	24.0465	27.1897	5.32132	22.0087	26.5746	9.7645	22.655	24.2336	26.5759	12.0713	28.5878	13.994	18.9196	30.7076	17.1447	5.37734	21.9031	4.57076	2.98055	8.63047	2.16971	2.27835	20.0427	9.48986	9.67978	16.8501	20.1414	19.5302	23.0032	23.742	0.660277	13.7359	25.5473	4.55886	3.69122	13.0667	5.21759	12.6885	8.43837	14.3391	1.52566	8.94897	12.286	13.8863	23.8107	29.7437	29.1998	14.6007	7.45181	5.57152	5.98656	2.23974	17.287	1.8437	20.0855	17.6524	28.3318	16.7643	20.2544	20.318	29.3561	20.7329	0.288794	27.0736	23.1987	4.33305	26.8189	13.1625	16.6008	26.1882	22.9942	11.1429	15.4018	26.5189	21.1493	13.9811	0.398509	7.70176</FloatingPoint>
			</Individual>
			<Individual size="1">
				<MOFitness value1="-0.012283" value2="-0.9375"/>
				<FloatingPoint size="96">	2.35313	7.65933	1.32556	20.2119	25.0439	25.9428	0.938338	21.6755	1.17716	29.4386	30.3271	24.7576	26.1437	4.85641	6.51658	28.9001	16.3223	28.6111	24.0465	27.1897	5.32132	22.0087	26.5746	9.7645	22.655	24.2336	26.5759	12.0713	28.5878	13.994	18.9196	30.7076	17.1447	5.37734	21.9031	4.57076	2.98055	8.63047	2.16971	2.27835	20.0427	9.48986	9.67978	16.8501	20.1414	19.5302	23.0032	23.742	0.660277	13.7359	25.5473	4.55886	3.69122	13.0667	5.21759	12.6885	8.43837	14.3391	1.52566	8.94897	12.286	13.8863	23.8107	29.7437	29.1998	14.6007	7.45181	5.57152	5.98656	2.23974	17.287	1.8437	20.0855	17.6524	28.3318	16.7643	20.2544	20.318	29.3561	20.7329	0.288794	27.0736	23.1987	4.33305	26.8189	13.1625	16.6008	26.1882	22.9942	11.1429	15.4018	26.5189	21.1493	13.9811	0.398509	7.70176</FloatingPoint>
			</Individual>
			<Individual size="1">
				<MOFitness value1="-0.012283" value2="-0.9375"/>
				<FloatingPoint size="96">	2.35313	7.65933	1.32556	20.2119	25.0439	25.9428	0.938338	21.6755	1.17716	29.4386	30.3271	24.7576	26.1437	4.85641	6.51658	28.9001	16.3223	28.6111	24.0465	27.1897	5.32132	22.0087	26.5746	9.7645	22.655	24.2336	26.5759	12.0713	28.5878	13.994	18.9196	30.7076	17.1447	5.37734	5.26049	4.57076	2.98055	8.63047	2.16971	2.27835	20.0427	9.48986	9.67978	16.8501	20.1414	19.5302	23.0032	23.742	0.660277	13.7359	25.5473	4.55886	3.69122	13.0667	5.21759	12.6885	8.43837	14.3391	1.52566	8.94897	12.286	13.8863	23.8107	29.7437	29.1998	14.6007	7.45181	5.57152	5.98656	2.23974	17.287	1.8437	20.0855	17.6524	28.3318	16.7643	20.2544	20.318	29.3561	20.7329	0.288794	27.0736	23.1987	4.33305	26.8189	13.1625	16.6008	26.1882	22.9942	11.1429	15.4018	26.5189	21.1493	13.9811	0.398509	7.70176</FloatingPoint>
			</Individual>
			<Individual size="1">
				<MOFitness value1="-0.012283" value2="-0.9375"/>
				<FloatingPoint size="96">	2.35313	7.65933	1.32556	20.2119	25.0439	25.9428	0.938338	21.6755	1.17716	29.4386	30.3271	24.7576	26.1437	4.85641	6.51658	28.9001	16.3223	28.6111	24.0465	27.1897	5.32132	22.0087	26.5746	9.7645	22.655	24.2336	26.5759	12.0713	28.5878	13.994	18.9196	30.7076	17.1447	5.37734	21.9031	4.57076	2.98055	8.63047	2.16971	2.27835	20.0427	9.48986	9.67978	16.8501	20.1414	19.5302	23.0032	23.742	0.660277	13.7359	25.5473	4.55886	3.69122	13.0667	5.21759	12.6885	8.43837	14.3391	1.52566	8.94897	12.286	13.8863	23.8107	29.7437	29.1998	14.6007	7.45181	5.57152	5.98656	2.23974	17.287	1.8437	20.0855	17.6524	28.3318	16.7643	20.2544	20.318	29.3561	20.7329	0.288794	27.0736	23.1987	4.33305	26.8189	13.1625	16.6008	26.1882	22.9942	11.1429	15.4018	26.5189	21.1493	13.9811	0.398509	7.70176</FloatingPoint>
			</Individual>
			<Individual size="1">
				<MOFitness value1="-0.012283" value2="-0.9375"/>
				<FloatingPoint size="96">	2.35313	7.65933	1.32556	20.2119	25.0439	25.9428	0.938338	21.6755	1.17716	29.4386	30.3271	24.7576	26.1437	4.85641	6.51658	28.9001	16.3223	28.6111	24.0465	27.1897	5.32132	22.0087	26.5746	9.7645	22.655	24.2336	26.5759	12.0713	28.5878	13.994	18.9196	30.7076	17.1447	5.37734	21.9031	4.57076	2.98055	8.63047	2.16971	2.27835	20.0427	9.48986	9.67978	16.8501	20.1414	19.5302	23.0032	23.742	0.660277	13.7359	25.5473	4.55886	3.69122	13.0667	5.21759	12.6885	8.43837	14.3391	1.52566	8.94897	12.286	13.8863	23.8107	29.7437	29.1998	14.6007	7.45181	5.57152	5.98656	2.23974	17.287	1.8437	20.0855	17.6524	28.3318	16.7643	20.2544	20.318	29.3561	20.7329	0.288794	27.0736	23.1987	4.33305	26.8189	13.1625	16.6008	26.1882	22.9942	11.1429	15.4018	26.5189	21.1493	13.9811	0.398509	7.70176</FloatingPoint>
			</Individual>
			<Individual size="1">
				<MOFitness value1="-0.012283" value2="-0.9375"/>
				<FloatingPoint size="96">	2.35313	7.65933	1.32556	20.2119	25.0439	25.9428	0.938338	21.6755	1.17716	29.4386	30.3271	24.7576	26.1437	4.85641	6.51658	28.9001	16.3223	28.6111	24.0465	27.1897	5.32132	22.0087	26.5746	9.7645	22.655	24.2336	26.5759	12.0713	28.5878	13.994	18.9196	30.7076	17.1447	5.37734	21.9031	4.57076	2.98055	8.63047	2.16971	2.27835	20.0427	9.48986	9.67978	16.8501	20.1414	19.5302	23.0032	23.742	0.660277	13.7359	25.5473	4.55886	3.69122	13.0667	5.21759	12.6885	8.43837	14.3391	1.52566	8.94897	12.286	13.8863	23.8107	29.7437	29.1998	14.6007	7.45181	5.57152	5.98656	2.23974	17.287	1.8437	20.0855	17.6524	28.3318	16.7643	20.2544	20.318	29.3561	20.7329	0.288794	27.0736	23.1987	4.33305	26.8189	13.1625	16.6008	26.1882	22.9942	11.1429	15.4018	26.5189	21.1493	13.9811	0.398509	7.70176</FloatingPoint>
			</Individual>
			<Individual size="1">
				<MOFitness value1="-0.012283" value2="-0.9375"/>
				<FloatingPoint size="96">	2.35313	7.65933	1.32556	20.2119	25.0439	25.9428	0.938338	21.6755	1.17716	29.4386	30.3271	24.7576	26.1437	4.85641	6.51658	28.9001	16.3223	28.6111	24.0465	27.1897	5.32132	22.0087	26.5746	9.7645	22.655	24.2336	26.5759	12.0713	28.5878	13.994	18.9196	30.7076	17.1447	5.37734	21.9031	4.57076	2.98055	8.63047	2.16971	2.27835	20.0427	9.48986	9.67978	16.8501	20.1414	19.5302	23.0032	23.742	0.660277	13.7359	25.5473	4.55886	3.69122	13.0667	5.21759	12.6885	8.43837	14.3391	1.52566	8.94897	12.286	13.8863	23.8107	29.7437	29.1998	14.6007	7.45181	5.57152	5.98656	2.23974	17.287	1.8437	20.0855	17.6524	28.3318	16.7643	20.2544	20.318	29.3561	20.7329	0.288794	27.0736	23.1987	4.33305	26.8189	13.1625	16.6008	26.1882	22.9942	11.1429	15.4018	26.5189	21.1493	13.9811	0.398509	7.70176</FloatingPoint>
			</Individual>
			<Individual size="1">
				<MOFitness value1="-0.012283" value2="-0.9375"/>
				<FloatingPoint size="96">	2.35313	7.65933	1.32556	20.2119	25.0439	25.9428	0.938338	21.6755	1.17716	29.4386	30.3271	24.7576	26.1437	4.85641	6.51658	28.9001	16.3223	28.6111	24.0465	27.1897	5.32132	22.0087	26.5746	9.7645	22.655	24.2336	26.5759	12.0713	28.5878	13.994	18.9196	30.7076	17.1447	5.37734	21.9031	4.57076	2.98055	8.63047	2.16971	2.27835	20.0427	9.48986	9.67978	16.8501	20.1414	19.5302	23.0032	23.742	0.660277	13.7359	25.5473	4.55886	3.69122	13.0667	5.21759	12.6885	8.43837	14.3391	1.52566	8.94897	12.286	13.8863	23.8107	29.7437	29.1998	14.6007	7.45181	5.57152	5.98656	2.23974	17.287	1.8437	20.0855	17.6524	28.3318	16.7643	20.2544	20.318	29.3561	20.7329	0.288794	27.0736	23.1987	4.33305	26.8189	13.1625	16.6008	26.1882	22.9942	11.1429	15.4018	26.5189	21.1493	13.9811	0.398509	7.70176</FloatingPoint>
			</Individual>
			<Individual size="1">
				<MOFitness value1="-0.012283" value2="-0.9375"/>
				<FloatingPoint size="96">	2.35313	7.65933	1.32556	20.2119	25.0439	25.9428	0.938338	21.6755	1.17716	29.4386	30.3271	24.7576	26.1437	4.85641	6.51658	28.9001	16.3223	28.6111	24.0465	27.1897	5.32132	22.0087	26.5746	9.7645	22.655	24.2336	26.5759	12.0713	28.5878	13.994	18.9196	30.7076	17.1447	5.37734	21.9031	4.57076	2.98055	8.63047	2.16971	2.27835	20.0427	9.48986	9.67978	16.8501	20.1414	19.5302	23.0032	23.742	0.660277	13.7359	25.5473	4.55886	3.69122	13.0667	5.21759	12.6885	8.43837	14.3391	1.52566	8.94897	12.286	13.8863	23.8107	29.7437	29.1998	14.6007	7.45181	5.57152	5.98656	2.23974	17.287	1.8437	20.0855	17.6524	28.3318	16.7643	20.2544	20.318	29.3561	20.7329	0.288794	27.0736	23.1987	4.33305	26.8189	13.1625	16.6008	26.1882	22.9942	11.1429	15.4018	26.5189	21.1493	13.9811	0.398509	7.70176</FloatingPoint>
			</Individual>
			<Individual size="1">
				<MOFitness value1="-0.012283" value2="-0.9375"/>
				<FloatingPoint size="96">	2.35313	7.65933	1.32556	20.2119	25.0439	25.9428	0.938338	21.6755	1.17716	29.4386	30.3271	24.7576	26.1437	4.85641	6.51658	28.9001	16.3223	28.6111	24.0465	27.1897	5.32132	22.0087	26.5746	9.7645	22.655	24.2336	26.5759	12.0713	28.5878	13.994	18.9196	30.7076	17.1447	5.37734	21.9031	4.57076	2.98055	8.63047	2.16971	2.27835	20.0427	9.48986	9.67978	16.8501	20.1414	19.5302	23.0032	23.742	0.660277	13.7359	25.5473	4.55886	3.69122	13.0667	5.21759	12.6885	8.43837	14.3391	1.52566	8.94897	12.286	13.8863	23.8107	29.7437	29.1998	14.6007	7.45181	5.57152	5.98656	2.23974	17.287	1.8437	20.0855	17.6524	28.3318	16.7643	20.2544	20.318	29.3561	20.7329	0.288794	27.0736	23.1987	4.33305	26.8189	13.1625	16.6008	26.1882	22.9942	11.1429	15.4018	26.5189	21.1493	13.9811	0.398509	7.70176</FloatingPoint>
			</Individual>
			<Individual size="1">
				<MOFitness value1="-0.012283" value2="-0.9375"/>
				<FloatingPoint size="96">	2.35313	7.65933	1.32556	20.2119	25.0439	25.9428	0.938338	21.6755	1.17716	29.4386	30.3271	24.7576	26.1437	4.85641	6.51658	28.9001	16.3223	28.6111	24.0465	27.1897	5.32132	22.0087	26.5746	9.7645	22.655	24.2336	26.5759	12.0713	28.5878	13.994	18.9196	30.7076	17.1447	5.37734	21.9031	4.57076	2.98055	8.63047	2.16971	2.27835	20.0427	9.48986	9.67978	16.8501	20.1414	19.5302	23.0032	23.742	0.660277	13.7359	25.5473	4.55886	3.69122	13.0667	5.21759	12.6885	8.43837	14.3391	1.52566	8.94897	12.286	13.8863	23.8107	29.7437	29.1998	14.6007	7.45181	5.57152	5.98656	2.23974	17.287	1.8437	20.0855	17.6524	28.3318	16.7643	20.2544	20.318	29.3561	20.7329	0.288794	27.0736	23.1987	4.33305	26.8189	13.1625	16.6008	26.1882	22.9942	11.1429	15.4018	26.5189	21.1493	13.9811	0.398509	7.70176</FloatingPoint>
			</Individual>
			<Individual size="1">
				<MOFitness value1="-0.70754" value2="-0.21875"/>
				<FloatingPoint size="96">	2.6176	1.81177	20.8092	21.8029	8.83032	25.859	27.7048	27.2567	1.74843	29.2272	6.75836	25.814	10.0578	3.63309	7.79195	5.18315	16.9481	6.0064	9.82683	26.7827	5.26566	23.4526	6.35492	10.9008	9.81051	11.5195	20.733	24.8227	28.7003	12.9552	15.611	18.5855	26.6347	10.1993	12.1591	4.44115	2.30092	22.8859	1.2506	8.93586	21.2012	5.7243	15.7051	16.7161	20.5615	12.7834	7.6352	24.1964	0.853485	26.282	6.83212	4.34784	3.70903	12.7043	9.88178	12.6859	18.7016	12.6321	1.26676	8.39919	13.6965	9.8325	8.73505	30.0484	9.76678	30.3988	6.51705	26.1963	5.64391	11.0498	17.8542	12.5794	19.2687	17.5232	27.2525	16.3824	19.9723	20.1037	29.3258	5.25537	27.098	3.05852	0.916283	8.21572	13.5418	3.84111	6.05596	26.6755	23.1467	11.4601	16.6322	26.6583	5.25798	27.3093	9.55023	7.67782</FloatingPoint>
			</Individual>
			<Individual size="1">
				<MOFitness value1="-0.750484" value2="-0.1875"/>
				<FloatingPoint size="96">	15.3148	6.53897	22.973	21.8005	8.87495	26.0306	27.7918	1.42307	18.1817	28.6598	6.80149	25.9183	26.1241	19.419	6.51938	29.4739	16.9115	5.95843	20.6969	26.6282	2.72906	3.00609	5.64489	10.6958	9.73791	9.20287	0.102302	13.4858	28.5205	12.9632	15.4364	18.5227	29.1797	5.32115	7.09371	4.52822	0.546384	16.6068	1.20695	7.9103	27.8054	5.87453	16.0996	16.7772	11.5097	18.3254	7.55781	23.9823	0.378472	13.16	6.53447	4.53975	3.70194	12.8436	6.02628	12.6636	8.34975	14.444	12.052	8.95818	14.569	9.66443	8.79308	24.2896	14.6664	9.34538	6.66018	26.0519	5.68198	11.3746	17.507	11.711	27.4207	17.5742	29.4374	16.7602	19.9553	20.1037	20.7887	5.77564	0.321765	4.02472	1.01495	4.75362	27.4048	28.0301	16.1722	22.9307	23.1527	23.3364	17.6404	13.5827	5.85224	4.59249	1.44324	7.70707</FloatingPoint>
			</Individual>
			<Individual size="1">
				<MOFitness value1="-0.70754" value2="-0.21875"/>
				<FloatingPoint size="96">	2.6176	1.81177	20.8092	21.8029	8.83032	25.859	27.7048	27.2567	1.74843	29.2272	6.75836	25.814	10.0578	3.63309	7.79195	5.18315	16.9481	6.0064	9.82683	26.7827	5.26566	23.4526	6.35492	10.9008	9.81051	11.5195	20.733	24.8227	28.7003	12.9552	15.611	18.5855	26.6347	10.1993	12.1591	4.44115	2.30092	22.8859	1.2506	8.93586	21.2012	5.7243	15.7051	16.7161	20.5615	12.7834	7.6352	24.1964	0.853485	26.282	6.83212	4.34784	3.70903	12.7043	9.88178	12.6859	18.7016	12.6321	1.26676	8.39919	13.6965	9.8325	8.73505	30.0484	9.76678	30.3988	6.51705	26.1963	5.64391	11.0498	17.8542	12.5794	19.2687	17.5232	27.2525	16.3824	19.9723	20.1037	29.3258	5.25537	27.098	3.05852	0.916283	8.21572	13.5418	3.84111	6.05596	26.6755	23.1467	11.4601	16.6322	26.6583	5.25798	27.3093	9.55023	7.67782</FloatingPoint>
			</Individual>
			<Individual size="1">
				<MOFitness value1="-0.675015" value2="-0.25"/>
				<FloatingPoint size="96">	2.63067	1.02208	20.8225	21.7982	8.80288	25.8564	27.4547	1.63339	0.934815	22.1989	6.93338	25.8115	26.0661	10.2889	6.68877	29.4536	16.9478	6.13906	20.2061	26.6314	2.73646	24.2192	4.54345	10.9155	9.78571	11.4527	20.6731	11.4002	28.7008	13.997	15.3058	18.585	26.6394	8.93357	11.8538	4.43501	2.96059	16.871	1.21502	8.70633	20.9591	5.9641	16.0857	16.7173	26.8477	11.6433	7.30679	24.1965	10.9495	26.24	6.8426	4.54117	3.54524	12.8226	9.87696	12.6891	18.5119	12.5484	10.0507	8.42249	14.5721	9.83096	8.73225	30.0307	9.70339	30.5428	6.84092	25.9497	5.64043	11.0318	17.2732	11.8439	19.4744	17.4445	27.4953	16.7586	19.9723	20.095	29.572	5.26972	27.3142	4.19074	0.916288	4.63893	27.4909	3.87599	16.642	22.9276	23.1518	23.216	17.3282	26.6583	5.25611	27.4998	9.55509	7.61256</FloatingPoint>
			</Individual>
			<Individual size="1">
				<MOFitness value1="-0.675015" value2="-0.25"/>
				<FloatingPoint size="96">	2.63067	1.02208	20.8225	21.7982	8.80288	25.8564	27.4547	1.63339	0.934815	22.1989	6.93338	25.8115	26.0661	10.2889	6.68877	29.4536	16.9478	6.13906	20.2061	26.6314	2.73646	1.5439	4.54345	10.9155	9.78571	11.4527	20.6731	11.4002	28.7008	13.997	15.3058	18.585	26.6394	8.93357	11.8538	4.43501	2.96059	16.871	1.21502	8.70633	20.9591	5.9641	16.0857	16.7173	26.8477	11.6433	7.30679	24.1965	10.9495	26.24	6.8426	4.54117	3.54524	12.8226	9.87696	12.6891	18.5119	12.5484	10.0507	8.42249	14.5721	9.83096	8.73225	30.0307	9.70339	30.5428	6.84092	25.9497	5.64043	11.0318	17.2732	11.8439	19.4744	17.4445	27.4953	16.7586	19.9723	20.095	29.572	5.26972	27.3142	4.19074	0.916288	4.63893	27.4909	3.87599	16.642	22.9276	23.1518	23.216	17.3282	26.6583	5.25611	27.4998	9.55509	7.61256</FloatingPoint>
			</Individual>
			<Individual size="1">
				<MOFitness value1="-0.750484" value2="-0.1875"/>
				<FloatingPoint size="96">	15.3148	6.53897	22.973	21.8005	8.87495	26.0306	27.7918	1.42307	18.1817	28.6598	6.80149	25.9183	26.1241	19.419	6.51938	29.4739	16.9115	5.95843	20.6969	26.6282	2.72906	3.00609	5.64489	10.6958	9.73791	9.20287	0.102302	13.4858	28.5205	12.9632	15.4364	18.5227	29.1797	5.32115	7.09371	4.52822	0.546384	16.6068	1.20695	7.9103	27.8054	5.87453	16.0996	16.7772	11.5097	18.3254	7.55781	23.9823	0.378472	13.16	6.53447	4.53975	3.70194	12.8436	6.02628	12.6636	8.34975	14.444	12.052	8.95818	14.569	9.66443	8.79308	24.2896	14.6664	9.34538	6.66018	26.0519	5.68198	11.3746	17.507	11.711	27.4207	17.5742	29.4374	16.7602	19.9553	20.1037	20.7887	5.77564	0.321765	4.02472	1.01495	4.75362	27.4048	28.0301	16.1722	22.9307	23.1527	23.3364	17.6404	13.5827	5.85224	4.59249	1.44324	7.70707</FloatingPoint>
			</Individual>
			<Individual size="1">
				<MOFitness value1="-0.815857" value2="-0.125"/>
				<FloatingPoint size="96">	11.8802	0.810254	20.7277	21.8049	8.82161	25.8581	27.5423	10.8208	1.79368	28.6747	6.9435	25.8175	25.9703	3.63443	7.80507	5.1981	16.9488	6.0057	20.2852	26.6245	5.30552	23.4543	5.97005	10.8687	9.7454	9.51573	0.215373	13.2311	28.7573	12.9552	15.6451	18.5855	26.6349	5.40199	7.42418	4.44137	2.2937	22.9302	1.25036	8.92675	20.9424	5.91541	16.0206	16.7307	19.6852	18.3682	7.63914	24.1953	0.854828	26.2633	8.77786	4.34799	3.70962	12.7438	9.85773	12.703	7.7257	12.6341	12.3402	8.4124	14.5122	9.59961	8.58439	24.1666	13.971	30.3528	5.99855	25.9091	5.57279	11.817	17.1454	11.7645	26.7505	17.5229	29.4445	16.3949	19.9724	20.1244	29.3242	5.26725	26.9099	3.05713	23.3947	8.21255	28.9622	4.01582	16.2444	26.7397	23.1467	11.2356	17.9553	26.6366	4.54754	5.78137	9.22745	7.49367</FloatingPoint>
			</Individual>
			<Individual size="1">
				<MOFitness value1="-0.815857" value2="-0.125"/>
				<FloatingPoint size="96">	11.8802	0.810254	20.7277	21.8049	8.82161	25.8581	27.5423	10.8208	1.79368	28.6747	6.9435	25.8175	25.9703	3.63443	7.80507	5.1981	16.9488	6.0057	20.2852	26.6245	5.30552	23.4543	5.97005	10.8687	9.7454	9.51573	0.215373	13.2311	28.7573	12.9552	15.6451	18.5855	26.6349	5.40199	7.42418	4.44137	2.2937	22.9302	1.25036	8.92675	20.9424	5.91541	16.0206	16.7307	19.6852	18.3682	7.63914	24.1953	0.854828	26.2633	8.77786	4.34799	3.70962	12.7438	9.85773	12.703	7.7257	12.6341	12.3402	8.4124	14.5122	9.59961	8.58439	24.1666	13.971	30.3528	5.99855	25.9091	5.57279	11.817	17.1454	11.7645	26.7505	17.5229	29.4445	16.3949	19.9724	20.1244	29.3242	5.26725	26.9099	3.05713	23.3947	8.21255	28.9622	4.01582	16.2444	26.7397	23.1467	11.2356	17.9553	26.6366	4.54754	5.78137	9.22745	7.49367</FloatingPoint>
			</Individual>
			<Individual size="1">
				<MOFitness value1="-0.815857" value2="-0.125"/>
				<FloatingPoint size="96">	11.8802	0.810254	20.7277	21.8049	8.82161	25.8581	27.5423	10.8208	1.79368	28.6747	6.9435	25.8175	25.9703	3.63443	7.80507	5.1981	16.9488	6.0057	20.2852	26.6245	5.30552	23.4543	5.97005	10.8687	9.7454	9.51573	0.215373	13.2311	28.7573	12.9552	15.6451	18.5855	26.6349	5.40199	7.42418	4.44137	2.2937	22.9302	1.25036	8.92675	20.9424	5.91541	16.0206	16.7307	19.6852	18.3682	7.63914	24.1953	0.854828	26.2633	8.77786	4.34799	3.70962	12.7438	9.85773	12.703	7.7257	12.6341	12.3402	8.4124	14.5122	9.59961	8.58439	24.1666	13.971	30.3528	5.99855	25.9091	5.57279	11.817	17.1454	11.7645	26.7505	17.5229	29.4445	16.3949	19.9724	20.1244	29.3242	5.26725	26.9099	3.05713	23.3947	8.21255	28.9622	4.01582	16.2444	26.7397	23.1467	11.2356	17.9553	26.6366	4.54754	5.78137	9.22745	7.49367</FloatingPoint>
			</Individual>
			<Individual size="1">
				<MOFitness value1="-0.787968" value2="-0.15625"/>
				<FloatingPoint size="96">	16.694	1.27181	21.5882	26.504	8.82022	25.9251	27.7863	1.13218	0.966093	28.6451	14.5977	25.8906	25.887	3.63077	6.68315	5.14353	16.9009	5.94395	20.6839	26.6283	2.78884	23.3462	5.66074	10.6248	9.87506	9.39663	0.0894966	13.4937	28.8394	12.9561	15.5451	18.5775	26.5931	5.42345	21.6142	4.46607	2.32778	17.2302	1.21113	8.70741	20.9986	5.92723	16.0187	16.7025	19.6797	18.4018	7.31901	24.3364	0.761193	29.8641	7.22702	4.34839	3.70787	12.8468	13.5802	12.6782	8.33686	12.6495	12.0461	3.43259	14.3591	9.69528	8.70193	29.9863	30.1253	27.814	5.79153	18.7539	5.55024	11.9331	17.1485	11.5511	27.3525	17.468	29.2556	16.7574	19.9529	18.9899	29.5465	5.76912	0.307619	4.09422	1.02857	4.71631	28.5625	2.24805	15.9748	18.5157	23.149	11.1017	18.0156	14.3045	4.85685	5.12639	1.90175	1.60656</FloatingPoint>
			</Individual>
			<Individual size="1">
				<MOFitness value1="-0.815857" value2="-0.125"/>
				<FloatingPoint size="96">	11.8802	0.810254	20.7277	21.8049	8.82161	25.8581	27.5423	10.8208	1.79368	28.6747	6.9435	25.8175	25.9703	3.63443	7.80507	5.1981	16.9488	6.0057	20.2852	26.6245	5.30552	23.4543	5.97005	10.8687	9.7454	9.51573	0.215373	13.2311	28.7573	12.9552	15.6451	18.5855	26.6349	5.40199	7.42418	4.44137	2.2937	22.9302	1.25036	8.92675	20.9424	5.91541	16.0206	16.7307	19.6852	18.3682	7.63914	24.1953	0.854828	26.2633	8.77786	4.34799	3.70962	12.7438	9.85773	12.703	7.7257	12.6341	12.3402	8.4124	14.5122	9.59961	8.58439	24.1666	13.971	30.3528	5.99855	25.9091	5.57279	11.817	17.1454	11.7645	26.7505	17.5229	29.4445	16.3949	19.9724	20.1244	29.3242	5.26725	26.9099	3.05713	23.3947	8.21255	28.9622	4.01582	16.2444	26.7397	23.1467	11.2356	17.9553	26.6366	4.54754	5.78137	9.22745	7.49367</FloatingPoint>
			</Individual>
			<Individual size="1">
				<MOFitness value1="-0.621347" value2="-0.28125"/>
				<FloatingPoint size="96">	2.00676	1.27223	20.809	21.9576	8.50929	25.9252	27.7893	2.13324	18.0755	28.461	14.5778	25.9312	1.99472	3.62439	6.68379	5.149	16.9467	5.99499	20.7422	26.7811	2.78903	23.4842	5.53328	15.8838	9.82661	28.5916	14.7712	13.4976	22.2353	12.9552	15.55	18.5907	26.6135	5.31845	7.37351	4.44979	2.30055	18.0296	1.20904	8.81057	21.0003	5.88098	15.8657	16.7051	10.1858	18.8401	7.61689	24.2164	0.126833	29.8104	6.5969	4.34624	3.7053	12.8427	9.96971	12.6757	8.34005	12.6519	11.1559	8.93213	14.4935	9.68461	8.70892	29.8908	28.4801	27.7695	6.7359	6.49012	5.54246	11.0977	17.8706	11.699	19.4104	17.5241	28.0928	16.7574	19.9643	20.1985	29.2771	5.5319	0.334283	3.01825	1.02194	8.37156	28.6175	3.67264	16.164	18.7417	23.1495	22.6567	16.6407	24.3318	21.1898	27.9418	1.44249	1.78237</FloatingPoint>
			</Individual>
			<Individual size="1">
				<MOFitness value1="-0.457456" value2="-0.4375"/>
				<FloatingPoint size="96">	2.65308	6.87922	0.926754	22.0031	9.5478	28.9015	4.1138	27.4759	1.71041	29.6482	14.9906	3.91522	26.6594	3.26321	6.4738	6.26287	7.99867	27.7513	21.078	27.0461	2.79336	9.38508	6.7166	26.3856	11.4818	4.98892	26.3166	13.3709	22.554	25.9714	15.7055	18.761	26.7466	7.24488	5.66538	3.99971	0.0257796	10.2132	2.38947	22.9724	26.1702	9.2694	15.5576	25.2133	20.2871	13.1591	23.3777	7.37643	10.9206	12.2855	6.81495	4.50546	4.0713	13.1106	5.2768	13.7596	10.1635	14.3517	0.809614	8.35803	23.893	13.8076	26.368	30.1013	10.4783	14.3284	0.565644	9.69059	8.75971	15.3983	26.0535	16.5843	20.2927	17.6778	28.3431	16.7413	19.9674	20.2677	4.78516	4.75213	7.46979	11.0014	22.553	8.43093	16.8793	11.9272	17.0851	26.2386	23.0042	11.2963	15.2285	26.8118	21.4449	16.0552	3.17854	24.3776</FloatingPoint>
			</Individual>
			<Individual size="1">
				<MOFitness value1="-0.457456" value2="-0.4375"/>
				<FloatingPoint size="96">	2.65308	6.87922	0.926754	22.0031	9.5478	28.9015	4.1138	27.4759	1.71041	29.6482	14.9906	3.91522	26.6594	3.26321	6.4738	6.26287	7.99867	27.7513	21.078	27.0461	2.79336	9.38508	6.7166	26.3856	11.4818	4.98892	26.3166	13.3709	22.554	25.9714	15.7055	18.761	26.7466	7.24488	5.66538	3.99971	0.0257796	10.2132	2.38947	22.9724	26.1702	9.2694	15.5576	25.2133	20.2871	13.1591	23.3777	7.37643	10.9206	12.2855	6.81495	4.50546	4.0713	13.1106	5.2768	13.7596	10.1635	14.3517	0.809614	8.35803	23.893	13.8076	26.368	30.1013	10.4783	14.3284	0.565644	9.69059	8.75971	15.3983	26.0535	16.5843	20.2927	17.6778	28.3431	16.7413	19.9674	20.2677	4.78516	4.75213	7.46979	11.0014	22.553	8.43093	16.8793	11.9272	17.0851	26.2386	23.0042	11.2963	15.2285	26.8118	21.4449	16.0552	3.17854	24.3776</FloatingPoint>
			</Individual>
			<Individual size="1">
				<MOFitness value1="-0.457456" value2="-0.4375"/>
				<FloatingPoint size="96">	2.65308	6.87922	0.926754	22.0031	9.5478	28.9015	4.1138	27.4759	1.71041	29.6482	14.9906	3.91522	26.6594	3.26321	6.4738	6.26287	7.99867	27.7513	21.078	27.0461	2.79336	9.38508	6.7166	26.3856	11.4818	4.98892	26.3166	13.3709	22.554	25.9714	15.7055	18.761	26.7466	7.24488	5.66538	3.99971	0.0257796	10.2132	2.38947	22.9724	26.1702	9.2694	15.5576	25.2133	20.2871	13.1591	23.3777	7.37643	10.9206	12.2855	6.81495	4.50546	4.0713	13.1106	5.2768	13.7596	10.1635	14.3517	0.809614	8.35803	23.893	13.8076	26.368	30.1013	10.4783	14.3284	0.565644	9.69059	8.75971	15.3983	26.0535	16.5843	20.2927	17.6778	28.3431	16.7413	19.9674	20.2677	4.78516	4.75213	7.46979	11.0014	22.553	8.43093	16.8793	11.9272	17.0851	26.2386	23.0042	11.2963	15.2285	26.8118	21.4449	16.0552	3.17854	24.3776</FloatingPoint>
			</Individual>
		</Deme>
	</Population>
</ECF>
